Joint 1,Joint 2,Joint 3,Joint 4,Joint 5,Joint 6,Joint 7
0.0,0.0,0.0,0.0,0.0,0.0,0.0
-5102.534307662574,93986.92979163733,-7150.619925670194,171586.0877336804,-3308.533823516771,2667.8674914294397,27.98852158763761
-5102.534307662574,93986.92979163733,-7150.619925670194,171586.0877336804,-3308.533823516771,2667.8674914294397,27.98852158763761
-5102.534307662574,93986.92979163733,-7150.619925670194,171586.0877336804,-3308.533823516771,2667.8674914294397,27.98852158763761
-5102.534307662574,93986.92979163733,-7150.619925670194,171586.0877336804,-3308.533823516771,2667.8674914294397,27.98852158763761
-5102.534307662574,93986.92979163733,-7150.619925670194,171586.0877336804,-3308.533823516771,2667.8674914294397,27.98852158763761
-5102.534307662574,93986.92979163733,-7150.619925670194,171586.0877336804,-3308.533823516771,2667.8674914294397,27.98852158763761
-5102.534307662574,93986.92979163733,-7150.619925670194,171586.0877336804,-3308.533823516771,2667.8674914294397,27.98852158763761
-5102.534307662574,93986.92979163733,-7150.619925670194,171586.0877336804,-3308.533823516771,2667.8674914294397,27.98852158763761
-5102.534307662574,93986.92979163733,-7150.619925670194,171586.0877336804,-3308.533823516771,2667.8674914294397,27.98852158763761
-5102.534307662574,93986.92979163733,-7150.619925670194,171586.0877336804,-3308.533823516771,2667.8674914294397,27.98852158763761
3763.2181019164927,-2139.0934983130683,-21977.320651232465,-270.7836674597086,7017.812318870506,738.255434423992,-1317.8046522661607
3763.2181019164927,-2139.0934983130683,-21977.320651232465,-270.7836674597086,7017.812318870506,738.255434423992,-1317.8046522661607
3763.2181019164927,-2139.0934983130683,-21977.320651232465,-270.7836674597086,7017.812318870506,738.255434423992,-1317.8046522661607
3763.2181019164927,-2139.0934983130683,-21977.320651232465,-270.7836674597086,7017.812318870506,738.255434423992,-1317.8046522661607
3763.2181019164927,-2139.0934983130683,-21977.320651232465,-270.7836674597086,7017.812318870506,738.255434423992,-1317.8046522661607
3763.2181019164927,-2139.0934983130683,-21977.320651232465,-270.7836674597086,7017.812318870506,738.255434423992,-1317.8046522661607
3763.2181019164927,-2139.0934983130683,-21977.320651232465,-270.7836674597086,7017.812318870506,738.255434423992,-1317.8046522661607
3763.2181019164927,-2139.0934983130683,-21977.320651232465,-270.7836674597086,7017.812318870506,738.255434423992,-1317.8046522661607
3763.2181019164927,-2139.0934983130683,-21977.320651232465,-270.7836674597086,7017.812318870506,738.255434423992,-1317.8046522661607
3763.2181019164927,-2139.0934983130683,-21977.320651232465,-270.7836674597086,7017.812318870506,738.255434423992,-1317.8046522661607
2657.9447849396333,2975.9174114840944,12516.634483350288,-128.44500074875302,380.38169244908715,295.39341869581904,-124.74615484107828
2657.9447849396333,2975.9174114840944,12516.634483350288,-128.44500074875302,380.38169244908715,295.39341869581904,-124.74615484107828
2657.9447849396333,2975.9174114840944,12516.634483350288,-128.44500074875302,380.38169244908715,295.39341869581904,-124.74615484107828
2657.9447849396333,2975.9174114840944,12516.634483350288,-128.44500074875302,380.38169244908715,295.39341869581904,-124.74615484107828
2657.9447849396333,2975.9174114840944,12516.634483350288,-128.44500074875302,380.38169244908715,295.39341869581904,-124.74615484107828
2657.9447849396333,2975.9174114840944,12516.634483350288,-128.44500074875302,380.38169244908715,295.39341869581904,-124.74615484107828
2657.9447849396333,2975.9174114840944,12516.634483350288,-128.44500074875302,380.38169244908715,295.39341869581904,-124.74615484107828
2657.9447849396333,2975.9174114840944,12516.634483350288,-128.44500074875302,380.38169244908715,295.39341869581904,-124.74615484107828
2657.9447849396333,2975.9174114840944,12516.634483350288,-128.44500074875302,380.38169244908715,295.39341869581904,-124.74615484107828
2657.9447849396333,2975.9174114840944,12516.634483350288,-128.44500074875302,380.38169244908715,295.39341869581904,-124.74615484107828
2695.8699870946007,-566.9089871910162,-4842.434240001346,492.7936060417979,-339.20497405850483,175.76878933568673,30.261067820548114
2695.8699870946007,-566.9089871910162,-4842.434240001346,492.7936060417979,-339.20497405850483,175.76878933568673,30.261067820548114
2695.8699870946007,-566.9089871910162,-4842.434240001346,492.7936060417979,-339.20497405850483,175.76878933568673,30.261067820548114
2695.8699870946007,-566.9089871910162,-4842.434240001346,492.7936060417979,-339.20497405850483,175.76878933568673,30.261067820548114
2695.8699870946007,-566.9089871910162,-4842.434240001346,492.7936060417979,-339.20497405850483,175.76878933568673,30.261067820548114
2695.8699870946007,-566.9089871910162,-4842.434240001346,492.7936060417979,-339.20497405850483,175.76878933568673,30.261067820548114
2695.8699870946007,-566.9089871910162,-4842.434240001346,492.7936060417979,-339.20497405850483,175.76878933568673,30.261067820548114
2695.8699870946007,-566.9089871910162,-4842.434240001346,492.7936060417979,-339.20497405850483,175.76878933568673,30.261067820548114
2695.8699870946007,-566.9089871910162,-4842.434240001346,492.7936060417979,-339.20497405850483,175.76878933568673,30.261067820548114
2695.8699870946007,-566.9089871910162,-4842.434240001346,492.7936060417979,-339.20497405850483,175.76878933568673,30.261067820548114
-220.90321129657355,719.7247995017086,2991.4165677736833,301.1122648882552,-149.13928043520613,-52.63912625976827,15.363880257627384
-220.90321129657355,719.7247995017086,2991.4165677736833,301.1122648882552,-149.13928043520613,-52.63912625976827,15.363880257627384
-220.90321129657355,719.7247995017086,2991.4165677736833,301.1122648882552,-149.13928043520613,-52.63912625976827,15.363880257627384
-220.90321129657355,719.7247995017086,2991.4165677736833,301.1122648882552,-149.13928043520613,-52.63912625976827,15.363880257627384
-220.90321129657355,719.7247995017086,2991.4165677736833,301.1122648882552,-149.13928043520613,-52.63912625976827,15.363880257627384
-220.90321129657355,719.7247995017086,2991.4165677736833,301.1122648882552,-149.13928043520613,-52.63912625976827,15.363880257627384
-220.90321129657355,719.7247995017086,2991.4165677736833,301.1122648882552,-149.13928043520613,-52.63912625976827,15.363880257627384
-220.90321129657355,719.7247995017086,2991.4165677736833,301.1122648882552,-149.13928043520613,-52.63912625976827,15.363880257627384
-220.90321129657355,719.7247995017086,2991.4165677736833,301.1122648882552,-149.13928043520613,-52.63912625976827,15.363880257627384
-220.90321129657355,719.7247995017086,2991.4165677736833,301.1122648882552,-149.13928043520613,-52.63912625976827,15.363880257627384
514.8825380151278,-248.84673993995614,-684.1001413952781,373.7221713358603,-450.0118114147272,-15.143055237353588,16.383162841479116
514.8825380151278,-248.84673993995614,-684.1001413952781,373.7221713358603,-450.0118114147272,-15.143055237353588,16.383162841479116
514.8825380151278,-248.84673993995614,-684.1001413952781,373.7221713358603,-450.0118114147272,-15.143055237353588,16.383162841479116
514.8825380151278,-248.84673993995614,-684.1001413952781,373.7221713358603,-450.0118114147272,-15.143055237353588,16.383162841479116
514.8825380151278,-248.84673993995614,-684.1001413952781,373.7221713358603,-450.0118114147272,-15.143055237353588,16.383162841479116
514.8825380151278,-248.84673993995614,-684.1001413952781,373.7221713358603,-450.0118114147272,-15.143055237353588,16.383162841479116
514.8825380151278,-248.84673993995614,-684.1001413952781,373.7221713358603,-450.0118114147272,-15.143055237353588,16.383162841479116
514.8825380151278,-248.84673993995614,-684.1001413952781,373.7221713358603,-450.0118114147272,-15.143055237353588,16.383162841479116
514.8825380151278,-248.84673993995614,-684.1001413952781,373.7221713358603,-450.0118114147272,-15.143055237353588,16.383162841479116
514.8825380151278,-248.84673993995614,-684.1001413952781,373.7221713358603,-450.0118114147272,-15.143055237353588,16.3831628-1490.7718-246.97995581680118,-121.08597426254063,532.7660736367889,311.2922532639023,-406.03790294154146,28.596943623737232,10.282068183085894
-246.97995581680118,-121.08597426254063,532.7660736367889,311.2922532639023,-406.03790294154146,28.596943623737232,10.282068183085894
-246.97995581680118,-121.08597426254063,532.7660736367889,311.2922532639023,-406.03790294154146,28.596943623737232,10.282068183085894
-246.97995581680118,-121.08597426254063,532.7660736367889,311.2922532639023,-406.03790294154146,28.596943623737232,10.282068183085894
-246.97995581680118,-121.08597426254063,532.7660736367889,311.2922532639023,-406.03790294154146,28.596943623737232,10.282068183085894
-246.97995581680118,-121.08597426254063,532.7660736367889,311.2922532639023,-406.03790294154146,28.596943623737232,10.282068183085894
-246.97995581680118,-121.08597426254063,532.7660736367889,311.2922532639023,-406.03790294154146,28.596943623737232,10.282068183085894
-246.97995581680118,-121.08597426254063,532.7660736367889,311.2922532639023,-406.03790294154146,28.596943623737232,10.282068183085894
-246.97995581680118,-121.08597426254063,532.7660736367889,311.2922532639023,-406.03790294154146,28.596943623737232,10.282068183085894
-246.97995581680118,-121.08597426254063,532.7660736367889,311.2922532639023,-406.03790294154146,28.596943623737232,10.282068183085894
-71.08310624600495,-245.25618832980985,-4.963463500997069,314.714320280397,-260.59049263761256,7.158120696743519,9.614706501067074
-71.08310624600495,-245.25618832980985,-4.963463500997069,314.714320280397,-260.59049263761256,7.158120696743519,9.614706501067074
-71.08310624600495,-245.25618832980985,-4.963463500997069,314.714320280397,-260.59049263761256,7.158120696743519,9.614706501067074
-71.08310624600495,-245.25618832980985,-4.963463500997069,314.714320280397,-260.59049263761256,7.158120696743519,9.614706501067074
-71.08310624600495,-245.25618832980985,-4.963463500997069,314.714320280397,-260.59049263761256,7.158120696743519,9.614706501067074
-71.08310624600495,-245.25618832980985,-4.963463500997069,314.714320280397,-260.59049263761256,7.158120696743519,9.614706501067074
-71.08310624600495,-245.25618832980985,-4.963463500997069,314.714320280397,-260.59049263761256,7.158120696743519,9.614706501067074
-71.08310624600495,-245.25618832980985,-4.963463500997069,314.714320280397,-260.59049263761256,7.158120696743519,9.614706501067074
-71.08310624600495,-245.25618832980985,-4.963463500997069,314.714320280397,-260.59049263761256,7.158120696743519,9.614706501067074
-71.08310624600495,-245.25618832980985,-4.963463500997069,314.714320280397,-260.59049263761256,7.158120696743519,9.614706501067074
-186.74814961930832,-253.8195778309421,80.94163691866065,289.58092977484665,-139.27345738607286,5.222122063900475,8.452515727976412
-186.74814961930832,-253.8195778309421,80.94163691866065,289.58092977484665,-139.27345738607286,5.222122063900475,8.452515727976412
-186.74814961930832,-253.8195778309421,80.94163691866065,289.58092977484665,-139.27345738607286,5.222122063900475,8.452515727976412
-186.74814961930832,-253.8195778309421,80.94163691866065,289.58092977484665,-139.27345738607286,5.222122063900475,8.452515727976412
-186.74814961930832,-253.8195778309421,80.94163691866065,289.58092977484665,-139.27345738607286,5.222122063900475,8.452515727976412
-186.74814961930832,-253.8195778309421,80.94163691866065,289.58092977484665,-139.27345738607286,5.222122063900475,8.452515727976412
-186.74814961930832,-253.8195778309421,80.94163691866065,289.58092977484665,-139.27345738607286,5.222122063900475,8.452515727976412
-186.74814961930832,-253.8195778309421,80.94163691866065,289.58092977484665,-139.27345738607286,5.222122063900475,8.452515727976412
-186.74814961930832,-253.8195778309421,80.94163691866065,289.58092977484665,-139.27345738607286,5.222122063900475,8.452515727976412
-186.74814961930832,-253.8195778309421,80.94163691866065,289.58092977484665,-139.27345738607286,5.222122063900475,8.452515727976412
-172.79864192971831,-249.02698967857583,-10.535315668845245,243.5239158660196,-61.18946225875912,0.7596168104900075,8.0862673794012
-172.79864192971831,-249.02698967857583,-10.535315668845245,243.5239158660196,-61.18946225875912,0.7596168104900075,8.0862673794012
-172.79864192971831,-249.02698967857583,-10.535315668845245,243.5239158660196,-61.18946225875912,0.7596168104900075,8.0862673794012
-172.79864192971831,-249.02698967857583,-10.535315668845245,243.5239158660196,-61.18946225875912,0.7596168104900075,8.0862673794012
-172.79864192971831,-249.02698967857583,-10.535315668845245,243.5239158660196,-61.18946225875912,0.7596168104900075,8.0862673794012
-172.79864192971831,-249.02698967857583,-10.535315668845245,243.5239158660196,-61.18946225875912,0.7596168104900075,8.0862673794012
-172.79864192971831,-249.02698967857583,-10.535315668845245,243.5239158660196,-61.18946225875912,0.7596168104900075,8.0862673794012
-172.79864192971831,-249.02698967857583,-10.535315668845245,243.5239158660196,-61.18946225875912,0.7596168104900075,8.0862673794012
-172.79864192971831,-249.02698967857583,-10.535315668845245,243.5239158660196,-61.18946225875912,0.7596168104900075,8.0862673794012
-172.79864192971831,-249.02698967857583,-10.535315668845245,243.5239158660196,-61.18946225875912,0.7596168104900075,8.0862673794012
-183.68899308093802,-218.50140901079752,-25.27524507264576,187.26809392925264,-19.344299370128986,1.3095771635880937,7.510459310856926
-183.68899308093802,-218.50140901079752,-25.27524507264576,187.26809392925264,-19.344299370128986,1.3095771635880937,7.510459310856926
-183.68899308093802,-218.50140901079752,-25.27524507264576,187.26809392925264,-19.344299370128986,1.3095771635880937,7.510459310856926
-183.68899308093802,-218.50140901079752,-25.27524507264576,187.26809392925264,-19.344299370128986,1.3095771635880937,7.510459310856926
-183.68899308093802,-218.50140901079752,-25.27524507264576,187.26809392925264,-19.344299370128986,1.3095771635880937,7.510459310856926
-183.68899308093802,-218.50140901079752,-25.27524507264576,187.26809392925264,-19.344299370128986,1.3095771635880937,7.510459310856926
-183.68899308093802,-218.50140901079752,-25.27524507264576,187.26809392925264,-19.344299370128986,1.3095771635880937,7.510459310856926
-183.68899308093802,-218.50140901079752,-25.27524507264576,187.26809392925264,-19.344299370128986,1.3095771635880937,7.510459310856926
-183.68899308093802,-218.50140901079752,-25.27524507264576,187.26809392925264,-19.344299370128986,1.3095771635880937,7.510459310856926
-183.68899308093802,-218.50140901079752,-25.27524507264576,187.26809392925264,-19.344299370128986,1.3095771635880937,7.510459310856926
-173.77515045559238,-175.92453105929565,-47.49774000344226,131.8745533217656,-0.08653820725169159,2.2532779629634407,6.949496164636371
-173.77515045559238,-175.92453105929565,-47.49774000344226,131.8745533217656,-0.08653820725169159,2.2532779629634407,6.949496164636371
-173.77515045559238,-175.92453105929565,-47.49774000344226,131.8745533217656,-0.08653820725169159,2.2532779629634407,6.949496164636371
-173.77515045559238,-175.92453105929565,-47.49774000344226,131.8745533217656,-0.08653820725169159,2.2532779629634407,6.949496164636371
-173.77515045559238,-175.92453105929565,-47.49774000344226,131.8745533217656,-0.08653820725169159,2.2532779629634407,6.949496164636371
-173.77515045559238,-175.92453105929565,-47.49774000344226,131.8745533217656,-0.08653820725169159,2.2532779629634407,6.949496164636371
-173.77515045559238,-175.92453105929565,-47.49774000344226,131.8745533217656,-0.08653820725169159,2.2532779629634407,6.949496164636371
-173.77515045559238,-175.92453105929565,-47.49774000344226,131.8745533217656,-0.08653820725169159,2.2532779629634407,6.949496164636371
-173.77515045559238,-175.92453105929565,-47.49774000344226,131.8745533217656,-0.08653820725169159,2.2532779629634407,6.949496164636371
-173.77515045559238,-175.92453105929565,-47.49774000344226,131.8745533217656,-0.08653820725169159,2.2532779629634407,6.949496164636371
-161.53607620316907,-127.55469508305114,-54.65243153759926,82.99557360620113,7.220857761609415,3.20867642-517.9787280162491,128.91360-161.53607620316907,-127.55469508305114,-54.65243153759926,82.99557360620113,7.220857761609415,3.2086764277366298,6.350742343116142
-161.53607620316907,-127.55469508305114,-54.65243153759926,82.99557360620113,7.220857761609415,3.2086764277366298,6.350742343116142
-161.53607620316907,-127.55469508305114,-54.65243153759926,82.99557360620113,7.220857761609415,3.2086764277366298,6.350742343116142
-161.53607620316907,-127.55469508305114,-54.65243153759926,82.99557360620113,7.220857761609415,3.2086764277366298,6.350742343116142
-161.53607620316907,-127.55469508305114,-54.65243153759926,82.99557360620113,7.220857761609415,3.2086764277366298,6.350742343116142
-161.53607620316907,-127.55469508305114,-54.65243153759926,82.99557360620113,7.220857761609415,3.2086764277366298,6.350742343116142
-161.53607620316907,-127.55469508305114,-54.65243153759926,82.99557360620113,7.220857761609415,3.2086764277366298,6.350742343116142
-161.53607620316907,-127.55469508305114,-54.65243153759926,82.99557360620113,7.220857761609415,3.2086764277366298,6.350742343116142
-161.53607620316907,-127.55469508305114,-54.65243153759926,82.99557360620113,7.220857761609415,3.2086764277366298,6.350742343116142
-29.033754566916983,-282.6367650702712,-27.218969346537747,120.4857320257068,-17.162464164366355,-6.212555901441082,7.501638402111131
-29.033754566916983,-282.6367650702712,-27.218969346537747,120.4857320257068,-17.162464164366355,-6.212555901441082,7.501638402111131
-29.033754566916983,-282.6367650702712,-27.218969346537747,120.4857320257068,-17.162464164366355,-6.212555901441082,7.501638402111131
-29.033754566916983,-282.6367650702712,-27.218969346537747,120.4857320257068,-17.162464164366355,-6.212555901441082,7.501638402111131
-29.033754566916983,-282.6367650702712,-27.218969346537747,120.4857320257068,-17.162464164366355,-6.212555901441082,7.501638402111131
-29.033754566916983,-282.6367650702712,-27.218969346537747,120.4857320257068,-17.162464164366355,-6.212555901441082,7.501638402111131
-29.033754566916983,-282.6367650702712,-27.218969346537747,120.4857320257068,-17.162464164366355,-6.212555901441082,7.501638402111131
-29.033754566916983,-282.6367650702712,-27.218969346537747,120.4857320257068,-17.162464164366355,-6.212555901441082,7.501638402111131
-29.033754566916983,-282.6367650702712,-27.218969346537747,120.4857320257068,-17.162464164366355,-6.212555901441082,7.501638402111131
-29.033754566916983,-282.6367650702712,-27.218969346537747,120.4857320257068,-17.162464164366355,-6.212555901441082,7.501638402111131
-46.34202719922584,-282.57520704150727,24.65417825130296,120.22442579619923,0.15895722229423714,-0.896041045103369,5.195763145508879
-46.34202719922584,-282.57520704150727,24.65417825130296,120.22442579619923,0.15895722229423714,-0.896041045103369,5.195763145508879
-46.34202719922584,-282.57520704150727,24.65417825130296,120.22442579619923,0.15895722229423714,-0.896041045103369,5.195763145508879
-46.34202719922584,-282.57520704150727,24.65417825130296,120.22442579619923,0.15895722229423714,-0.896041045103369,5.195763145508879
-46.34202719922584,-282.57520704150727,24.65417825130296,120.22442579619923,0.15895722229423714,-0.896041045103369,5.195763145508879
-46.34202719922584,-282.57520704150727,24.65417825130296,120.22442579619923,0.15895722229423714,-0.896041045103369,5.195763145508879
-46.34202719922584,-282.57520704150727,24.65417825130296,120.22442579619923,0.15895722229423714,-0.896041045103369,5.195763145508879
-46.34202719922584,-282.57520704150727,24.65417825130296,120.22442579619923,0.15895722229423714,-0.896041045103369,5.195763145508879
-46.34202719922584,-282.57520704150727,24.65417825130296,120.22442579619923,0.15895722229423714,-0.896041045103369,5.195763145508879
-46.34202719922584,-282.57520704150727,24.65417825130296,120.22442579619923,0.15895722229423714,-0.896041045103369,5.195763145508879
-32.98165849745224,-284.20109907724424,5.789522385404492,119.64926268329937,8.754278430585634,-0.3805162620466077,4.542967001235116
-32.98165849745224,-284.20109907724424,5.789522385404492,119.64926268329937,8.754278430585634,-0.3805162620466077,4.542967001235116
-32.98165849745224,-284.20109907724424,5.789522385404492,119.64926268329937,8.754278430585634,-0.3805162620466077,4.542967001235116
-32.98165849745224,-284.20109907724424,5.789522385404492,119.64926268329937,8.754278430585634,-0.3805162620466077,4.542967001235116
-32.98165849745224,-284.20109907724424,5.789522385404492,119.64926268329937,8.754278430585634,-0.3805162620466077,4.542967001235116
-32.98165849745224,-284.20109907724424,5.789522385404492,119.64926268329937,8.754278430585634,-0.3805162620466077,4.542967001235116
-32.98165849745224,-284.20109907724424,5.789522385404492,119.64926268329937,8.754278430585634,-0.3805162620466077,4.542967001235116
-32.98165849745224,-284.20109907724424,5.789522385404492,119.64926268329937,8.754278430585634,-0.3805162620466077,4.542967001235116
-32.98165849745224,-284.20109907724424,5.789522385404492,119.64926268329937,8.754278430585634,-0.3805162620466077,4.542967001235116
-32.98165849745224,-284.20109907724424,5.789522385404492,119.64926268329937,8.754278430585634,-0.3805162620466077,4.542967001235116
-33.35133209218866,-284.577637574617,4.8927122630271835,119.27355975818323,9.67796532937761,0.2873469081940222,4.022086324183686
-33.35133209218866,-284.577637574617,4.8927122630271835,119.27355975818323,9.67796532937761,0.2873469081940222,4.022086324183686
-33.35133209218866,-284.577637574617,4.8927122630271835,119.27355975818323,9.67796532937761,0.2873469081940222,4.022086324183686
-33.35133209218866,-284.577637574617,4.8927122630271835,119.27355975818323,9.67796532937761,0.2873469081940222,4.022086324183686
-33.35133209218866,-284.577637574617,4.8927122630271835,119.27355975818323,9.67796532937761,0.2873469081940222,4.022086324183686
-33.35133209218866,-284.577637574617,4.8927122630271835,119.27355975818323,9.67796532937761,0.2873469081940222,4.022086324183686
-33.35133209218866,-284.577637574617,4.8927122630271835,119.27355975818323,9.67796532937761,0.2873469081940222,4.022086324183686
-33.35133209218866,-284.577637574617,4.8927122630271835,119.27355975818323,9.67796532937761,0.2873469081940222,4.022086324183686
-33.35133209218866,-284.577637574617,4.8927122630271835,119.27355975818323,9.67796532937761,0.2873469081940222,4.022086324183686
-33.35133209218866,-284.577637574617,4.8927122630271835,119.27355975818323,9.67796532937761,0.2873469081940222,4.022086324183686
-32.0891445963091,-284.81463000151456,-0.6859370735571488,119.11843550900902,8.528386881757884,0.5051624533956274,3.5411627175659066
-32.0891445963091,-284.81463000151456,-0.6859370735571488,119.11843550900902,8.528386881757884,0.5051624533956274,3.5411627175659066
-32.0891445963091,-284.81463000151456,-0.6859370735571488,119.11843550900902,8.528386881757884,0.5051624533956274,3.5411627175659066
-32.0891445963091,-284.81463000151456,-0.6859370735571488,119.11843550900902,8.528386881757884,0.5051624533956274,3.5411627175659066
-32.0891445963091,-284.81463000151456,-0.6859370735571488,119.11843550900902,8.528386881757884,0.5051624533956274,3.5411627175659066
-32.0891445963091,-284.81463000151456,-0.6859370735571488,119.11843550900902,8.528386881757884,0.5051624533956274,3.5411627175659066
-32.0891445963091,-284.81463000151456,-0.6859370735571488,119.11843550900902,8.528386881757884,0.5051624533956274,3.5411627175659066
-32.0891445963091,-284.81463000151456,-0.6859370735571488,119.11843550900902,8.528386881757884,0.5051624533956274,3.5411627175659066
-32.0891445963091,-284.81463000151456,-0.6859370735571488,119.11843550900902,8.528386881757884,0.5051624533956274,3.5411627175659066
-32.0891445963091,-284.81463000151456,-0.6859370735571488,119.11843550900902,8.528386881757884,0.5051624533956274,3.5411627175659066
-31.782116345142697,-284.9904626083576,-4.620445386414173,119.33204708567608,6.512066194229775,0.6675182706543185,3.1079432110842924
-31.782116345142697,-284.9904626083576,-4.620445386414173,119.332047085-484.33289114795264,46.4477155883952,-418.27137865855775,-223.3-31.782116345142697,-284.9904626083576,-4.620445386414173,119.33204708567608,6.512066194229775,0.6675182706543185,3.1079432110842924
-31.782116345142697,-284.9904626083576,-4.620445386414173,119.33204708567608,6.512066194229775,0.6675182706543185,3.1079432110842924
-31.782116345142697,-284.9904626083576,-4.620445386414173,119.33204708567608,6.512066194229775,0.6675182706543185,3.1079432110842924
-31.782116345142697,-284.9904626083576,-4.620445386414173,119.33204708567608,6.512066194229775,0.6675182706543185,3.1079432110842924
-31.782116345142697,-284.9904626083576,-4.620445386414173,119.33204708567608,6.512066194229775,0.6675182706543185,3.1079432110842924
-31.782116345142697,-284.9904626083576,-4.620445386414173,119.33204708567608,6.512066194229775,0.6675182706543185,3.1079432110842924
-31.782116345142697,-284.9904626083576,-4.620445386414173,119.33204708567608,6.512066194229775,0.6675182706543185,3.1079432110842924
-31.782116345142697,-284.9904626083576,-4.620445386414173,119.33204708567608,6.512066194229775,0.6675182706543185,3.1079432110842924
-31.323805637578864,-285.046415287884,-8.248075741009634,119.37082871560702,4.476169092601108,0.7848771375083445,2.7168627357024477
-31.323805637578864,-285.046415287884,-8.248075741009634,119.37082871560702,4.476169092601108,0.7848771375083445,2.7168627357024477
-31.323805637578864,-285.046415287884,-8.248075741009634,119.37082871560702,4.476169092601108,0.7848771375083445,2.7168627357024477
-31.323805637578864,-285.046415287884,-8.248075741009634,119.37082871560702,4.476169092601108,0.7848771375083445,2.7168627357024477
-31.323805637578864,-285.046415287884,-8.248075741009634,119.37082871560702,4.476169092601108,0.7848771375083445,2.7168627357024477
-31.323805637578864,-285.046415287884,-8.248075741009634,119.37082871560702,4.476169092601108,0.7848771375083445,2.7168627357024477
-31.323805637578864,-285.046415287884,-8.248075741009634,119.37082871560702,4.476169092601108,0.7848771375083445,2.7168627357024477
-31.323805637578864,-285.046415287884,-8.248075741009634,119.37082871560702,4.476169092601108,0.7848771375083445,2.7168627357024477
-31.323805637578864,-285.046415287884,-8.248075741009634,119.37082871560702,4.476169092601108,0.7848771375083445,2.7168627357024477
-31.323805637578864,-285.046415287884,-8.248075741009634,119.37082871560702,4.476169092601108,0.7848771375083445,2.7168627357024477
-31.02796300533741,-285.0989241412869,-10.153401589725522,119.33235681089641,3.3551183127455264,0.8941979865524368,2.3711651522609687
-31.02796300533741,-285.0989241412869,-10.153401589725522,119.33235681089641,3.3551183127455264,0.8941979865524368,2.3711651522609687
-31.02796300533741,-285.0989241412869,-10.153401589725522,119.33235681089641,3.3551183127455264,0.8941979865524368,2.3711651522609687
-31.02796300533741,-285.0989241412869,-10.153401589725522,119.33235681089641,3.3551183127455264,0.8941979865524368,2.3711651522609687
-31.02796300533741,-285.0989241412869,-10.153401589725522,119.33235681089641,3.3551183127455264,0.8941979865524368,2.3711651522609687
-31.02796300533741,-285.0989241412869,-10.153401589725522,119.33235681089641,3.3551183127455264,0.8941979865524368,2.3711651522609687
-31.02796300533741,-285.0989241412869,-10.153401589725522,119.33235681089641,3.3551183127455264,0.8941979865524368,2.3711651522609687
-31.02796300533741,-285.0989241412869,-10.153401589725522,119.33235681089641,3.3551183127455264,0.8941979865524368,2.3711651522609687
-31.02796300533741,-285.0989241412869,-10.153401589725522,119.33235681089641,3.3551183127455264,0.8941979865524368,2.3711651522609687
-31.02796300533741,-285.0989241412869,-10.153401589725522,119.33235681089641,3.3551183127455264,0.8941979865524368,2.3711651522609687
-30.521419342384647,-285.13335540663195,-11.578319409974847,119.30358284097792,2.892949460151849,0.9483618742082014,2.0721297499286386
-30.521419342384647,-285.13335540663195,-11.578319409974847,119.30358284097792,2.892949460151849,0.9483618742082014,2.0721297499286386
-30.521419342384647,-285.13335540663195,-11.578319409974847,119.30358284097792,2.892949460151849,0.9483618742082014,2.0721297499286386
-30.521419342384647,-285.13335540663195,-11.578319409974847,119.30358284097792,2.892949460151849,0.9483618742082014,2.0721297499286386
-30.521419342384647,-285.13335540663195,-11.578319409974847,119.30358284097792,2.892949460151849,0.9483618742082014,2.0721297499286386
-30.521419342384647,-285.13335540663195,-11.578319409974847,119.30358284097792,2.892949460151849,0.9483618742082014,2.0721297499286386
-30.521419342384647,-285.13335540663195,-11.578319409974847,119.30358284097792,2.892949460151849,0.9483618742082014,2.0721297499286386
-30.521419342384647,-285.13335540663195,-11.578319409974847,119.30358284097792,2.892949460151849,0.9483618742082014,2.0721297499286386
-30.521419342384647,-285.13335540663195,-11.578319409974847,119.30358284097792,2.892949460151849,0.9483618742082014,2.0721297499286386
-30.521419342384647,-285.13335540663195,-11.578319409974847,119.30358284097792,2.892949460151849,0.9483618742082014,2.0721297499286386
-30.06349632247338,-285.1556196498377,-12.49519617815051,119.27738201261586,2.7777326926785433,0.9705883731047826,1.812113499653707
-30.06349632247338,-285.1556196498377,-12.49519617815051,119.27738201261586,2.7777326926785433,0.9705883731047826,1.812113499653707
-30.06349632247338,-285.1556196498377,-12.49519617815051,119.27738201261586,2.7777326926785433,0.9705883731047826,1.812113499653707
-30.06349632247338,-285.1556196498377,-12.49519617815051,119.27738201261586,2.7777326926785433,0.9705883731047826,1.812113499653707
-30.06349632247338,-285.1556196498377,-12.49519617815051,119.27738201261586,2.7777326926785433,0.9705883731047826,1.812113499653707
-30.06349632247338,-285.1556196498377,-12.49519617815051,119.27738201261586,2.7777326926785433,0.9705883731047826,1.812113499653707
-30.06349632247338,-285.1556196498377,-12.49519617815051,119.27738201261586,2.7777326926785433,0.9705883731047826,1.812113499653707
-30.06349632247338,-285.1556196498377,-12.49519617815051,119.27738201261586,2.7777326926785433,0.9705883731047826,1.812113499653707
-30.06349632247338,-285.1556196498377,-12.49519617815051,119.27738201261586,2.7777326926785433,0.9705883731047826,1.812113499653707
-30.06349632247338,-285.1556196498377,-12.49519617815051,119.27738201261586,2.7777326926785433,0.9705883731047826,1.812113499653707
-29.668913997321628,-285.1682102479523,-13.139792331209165,119.2592347815774,2.815824279849617,0.9730001001945043,1.585330893603712
-29.668913997321628,-285.1682102479523,-13.139792331209165,119.2592347815774,2.815824279849617,0.9730001001945043,1.585330893603712
-29.668913997321628,-285.1682102479523,-13.139792331209165,119.2592347815774,2.815824279849617,0.9730001001945043,1.585330893603712
-29.668913997321628,-285.1682102479523,-13.139792331209165,119.2592347815774,2.815824279849617,0.9730001001945043,1.585330893603712
-29.668913997321628,-285.1682102479523,-13.139792331209165,119.2592347815774,2.815824279849617,0.9730001001945043,1.585330893603712
-29.668913997321628,-285.1682102479523,-13.139792331209165,119.2592347815774,2.815824279849617,0.9730001001945043,1.585330893603712
-29.668913997321628,-285.1682102479523,-13.139792331209165,119.2592347815774,2.815824279849617,0.9730001001945043,1.585330893603712
-29.668913997321628,-285.1682102479523,-13.139792331209165,119.2592347815774,2.815824279849617,0.9730001001945043,1.585330893603712
-29.668913997321628,-285.1682102479523,-13.139792331209165,119.2592347815774,2.815824279849617,0.9730001001945043,1.585330893603712
-29.668913997321628,-285.1682102479523,-13.139792331209165,119.2592347815774,2.815824279849617,0.9730001001945043,1.585330893603712
-29.364923398950367,-285.173659028741,-13.595404970939347,119.24952851288661,2.894272844841087,0.9680088648958205,1.387624872651857
-29.364923398950367,-285.173659028741,-13.595404970939347,119.24952851288661,2.894272844841087,0.9680088648958205,1.387624872651857
-29.364923398950367,-285.173659028741,-13.595404970939347,119.24-480.9192194848831,47.28046590587819,-415.11253027285176,-228.2655934-29.364923398950367,-285.173659028741,-13.595404970939347,119.24952851288661,2.894272844841087,0.9680088648958205,1.387624872651857
-29.364923398950367,-285.173659028741,-13.595404970939347,119.24952851288661,2.894272844841087,0.9680088648958205,1.387624872651857
-29.364923398950367,-285.173659028741,-13.595404970939347,119.24952851288661,2.894272844841087,0.9680088648958205,1.387624872651857
-29.364923398950367,-285.173659028741,-13.595404970939347,119.24952851288661,2.894272844841087,0.9680088648958205,1.387624872651857
-29.364923398950367,-285.173659028741,-13.595404970939347,119.24952851288661,2.894272844841087,0.9680088648958205,1.387624872651857
-29.364923398950367,-285.173659028741,-13.595404970939347,119.24952851288661,2.894272844841087,0.9680088648958205,1.387624872651857
-29.364923398950367,-285.173659028741,-13.595404970939347,119.24952851288661,2.894272844841087,0.9680088648958205,1.387624872651857
-29.13795270345264,-285.1742338162682,-13.936244468288908,119.24691747259827,2.9642897702584072,0.9618673677109838,1.2134160696276555
-29.13795270345264,-285.1742338162682,-13.936244468288908,119.24691747259827,2.9642897702584072,0.9618673677109838,1.2134160696276555
-29.13795270345264,-285.1742338162682,-13.936244468288908,119.24691747259827,2.9642897702584072,0.9618673677109838,1.2134160696276555
-29.13795270345264,-285.1742338162682,-13.936244468288908,119.24691747259827,2.9642897702584072,0.9618673677109838,1.2134160696276555
-29.13795270345264,-285.1742338162682,-13.936244468288908,119.24691747259827,2.9642897702584072,0.9618673677109838,1.2134160696276555
-29.13795270345264,-285.1742338162682,-13.936244468288908,119.24691747259827,2.9642897702584072,0.9618673677109838,1.2134160696276555
-29.13795270345264,-285.1742338162682,-13.936244468288908,119.24691747259827,2.9642897702584072,0.9618673677109838,1.2134160696276555
-29.13795270345264,-285.1742338162682,-13.936244468288908,119.24691747259827,2.9642897702584072,0.9618673677109838,1.2134160696276555
-29.13795270345264,-285.1742338162682,-13.936244468288908,119.24691747259827,2.9642897702584072,0.9618673677109838,1.2134160696276555
-29.13795270345264,-285.1742338162682,-13.936244468288908,119.24691747259827,2.9642897702584072,0.9618673677109838,1.2134160696276555
-28.975749034125226,-285.1715920623793,-14.19325068271767,119.24958695038804,3.010793085905477,0.9574820049076569,1.0606526635814522
-28.975749034125226,-285.1715920623793,-14.19325068271767,119.24958695038804,3.010793085905477,0.9574820049076569,1.0606526635814522
-28.975749034125226,-285.1715920623793,-14.19325068271767,119.24958695038804,3.010793085905477,0.9574820049076569,1.0606526635814522
-28.975749034125226,-285.1715920623793,-14.19325068271767,119.24958695038804,3.010793085905477,0.9574820049076569,1.0606526635814522
-28.975749034125226,-285.1715920623793,-14.19325068271767,119.24958695038804,3.010793085905477,0.9574820049076569,1.0606526635814522
-28.975749034125226,-285.1715920623793,-14.19325068271767,119.24958695038804,3.010793085905477,0.9574820049076569,1.0606526635814522
-28.975749034125226,-285.1715920623793,-14.19325068271767,119.24958695038804,3.010793085905477,0.9574820049076569,1.0606526635814522
-28.975749034125226,-285.1715920623793,-14.19325068271767,119.24958695038804,3.010793085905477,0.9574820049076569,1.0606526635814522
-28.975749034125226,-285.1715920623793,-14.19325068271767,119.24958695038804,3.010793085905477,0.9574820049076569,1.0606526635814522
-28.975749034125226,-285.1715920623793,-14.19325068271767,119.24958695038804,3.010793085905477,0.9574820049076569,1.0606526635814522
-28.860013325450268,-285.16695561838816,-14.391508191288226,119.2557648592385,3.035792024792981,0.9552172198953921,0.9261886190989581
-28.860013325450268,-285.16695561838816,-14.391508191288226,119.2557648592385,3.035792024792981,0.9552172198953921,0.9261886190989581
-28.860013325450268,-285.16695561838816,-14.391508191288226,119.2557648592385,3.035792024792981,0.9552172198953921,0.9261886190989581
-28.860013325450268,-285.16695561838816,-14.391508191288226,119.2557648592385,3.035792024792981,0.9552172198953921,0.9261886190989581
-28.860013325450268,-285.16695561838816,-14.391508191288226,119.2557648592385,3.035792024792981,0.9552172198953921,0.9261886190989581
-28.860013325450268,-285.16695561838816,-14.391508191288226,119.2557648592385,3.035792024792981,0.9552172198953921,0.9261886190989581
-28.860013325450268,-285.16695561838816,-14.391508191288226,119.2557648592385,3.035792024792981,0.9552172198953921,0.9261886190989581
-28.860013325450268,-285.16695561838816,-14.391508191288226,119.2557648592385,3.035792024792981,0.9552172198953921,0.9261886190989581
-28.860013325450268,-285.16695561838816,-14.391508191288226,119.2557648592385,3.035792024792981,0.9552172198953921,0.9261886190989581
-28.860013325450268,-285.16695561838816,-14.391508191288226,119.2557648592385,3.035792024792981,0.9552172198953921,0.9261886190989581
-28.777521479556306,-285.1611294395558,-14.544082093532301,119.26408680840646,3.045979558916672,0.954622503527835,0.8078573700683006
-28.777521479556306,-285.1611294395558,-14.544082093532301,119.26408680840646,3.045979558916672,0.954622503527835,0.8078573700683006
-28.777521479556306,-285.1611294395558,-14.544082093532301,119.26408680840646,3.045979558916672,0.954622503527835,0.8078573700683006
-28.777521479556306,-285.1611294395558,-14.544082093532301,119.26408680840646,3.045979558916672,0.954622503527835,0.8078573700683006
-28.777521479556306,-285.1611294395558,-14.544082093532301,119.26408680840646,3.045979558916672,0.954622503527835,0.8078573700683006
-28.777521479556306,-285.1611294395558,-14.544082093532301,119.26408680840646,3.045979558916672,0.954622503527835,0.8078573700683006
-28.777521479556306,-285.1611294395558,-14.544082093532301,119.26408680840646,3.045979558916672,0.954622503527835,0.8078573700683006
-28.777521479556306,-285.1611294395558,-14.544082093532301,119.26408680840646,3.045979558916672,0.954622503527835,0.8078573700683006
-28.777521479556306,-285.1611294395558,-14.544082093532301,119.26408680840646,3.045979558916672,0.954622503527835,0.8078573700683006
-28.777521479556306,-285.1611294395558,-14.544082093532301,119.26408680840646,3.045979558916672,0.954622503527835,0.8078573700683006
-28.71797627312749,-285.1546350222797,-14.661018438142834,119.27359490808036,3.0479310717116803,0.9549868338194327,0.7038928114157565
-28.71797627312749,-285.1546350222797,-14.661018438142834,119.27359490808036,3.0479310717116803,0.9549868338194327,0.7038928114157565
-28.71797627312749,-285.1546350222797,-14.661018438142834,119.27359490808036,3.0479310717116803,0.9549868338194327,0.7038928114157565
-28.71797627312749,-285.1546350222797,-14.661018438142834,119.27359490808036,3.0479310717116803,0.9549868338194327,0.7038928114157565
-28.71797627312749,-285.1546350222797,-14.661018438142834,119.27359490808036,3.0479310717116803,0.9549868338194327,0.7038928114157565
-28.71797627312749,-285.1546350222797,-14.661018438142834,119.27359490808036,3.0479310717116803,0.9549868338194327,0.7038928114157565
-28.71797627312749,-285.1546350222797,-14.661018438142834,119.27359490808036,3.0479310717116803,0.9549868338194327,0.7038928114157565
-28.71797627312749,-285.1546350222797,-14.661018438142834,119.27359490808036,3.0479310717116803,0.9549868338194327,0.7038928114157565
-28.71797627312749,-285.1546350222797,-14.661018438142834,119.27359490808036,3.0479310717116803,0.9549868338194327,0.7038928114157565
-28.71797627312749,-285.1546350222797,-14.661018438142834,119.27359490808036,3.0479310717116803,0.9549868338194327,0.7038928114157565
-28.674066150666484,-285.1477653451271,-14.750398942078872,119.28372492280421,3.046286142368697,0.9557411329619435,0.6122466378053464
-28.674066150666484,-285.1477653451271,-14.750398942078872,119.28372492280421,3.046286142368697,0.9557411329619435,0.6122466378053464
-28.674066150666484,-285.1477653451271,-14.750398942078872,119.28372492280421,3.046286142368697,-481.0140019098701,46.89294037067542,-4-28.674066150666484,-285.1477653451271,-14.750398942078872,119.28372492280421,3.046286142368697,0.9557411329619435,0.6122466378053464
-28.674066150666484,-285.1477653451271,-14.750398942078872,119.28372492280421,3.046286142368697,0.9557411329619435,0.6122466378053464
-28.674066150666484,-285.1477653451271,-14.750398942078872,119.28372492280421,3.046286142368697,0.9557411329619435,0.6122466378053464
-28.674066150666484,-285.1477653451271,-14.750398942078872,119.28372492280421,3.046286142368697,0.9557411329619435,0.6122466378053464
-28.674066150666484,-285.1477653451271,-14.750398942078872,119.28372492280421,3.046286142368697,0.9557411329619435,0.6122466378053464
-28.674066150666484,-285.1477653451271,-14.750398942078872,119.28372492280421,3.046286142368697,0.9557411329619435,0.6122466378053464
-28.674066150666484,-285.1477653451271,-14.750398942078872,119.28372492280421,3.046286142368697,0.9557411329619435,0.6122466378053464
-28.641266572535798,-285.14069465342885,-14.818013086668179,119.29413942340594,3.0436644787133105,0.9565436918298964,0.531569311994355
-28.641266572535798,-285.14069465342885,-14.818013086668179,119.29413942340594,3.0436644787133105,0.9565436918298964,0.531569311994355
-28.641266572535798,-285.14069465342885,-14.818013086668179,119.29413942340594,3.0436644787133105,0.9565436918298964,0.531569311994355
-28.641266572535798,-285.14069465342885,-14.818013086668179,119.29413942340594,3.0436644787133105,0.9565436918298964,0.531569311994355
-28.641266572535798,-285.14069465342885,-14.818013086668179,119.29413942340594,3.0436644787133105,0.9565436918298964,0.531569311994355
-28.641266572535798,-285.14069465342885,-14.818013086668179,119.29413942340594,3.0436644787133105,0.9565436918298964,0.531569311994355
-28.641266572535798,-285.14069465342885,-14.818013086668179,119.29413942340594,3.0436644787133105,0.9565436918298964,0.531569311994355
-28.641266572535798,-285.14069465342885,-14.818013086668179,119.29413942340594,3.0436644787133105,0.9565436918298964,0.531569311994355
-28.641266572535798,-285.14069465342885,-14.818013086668179,119.29413942340594,3.0436644787133105,0.9565436918298964,0.531569311994355
-28.641266572535798,-285.14069465342885,-14.818013086668179,119.29413942340594,3.0436644787133105,0.9565436918298964,0.531569311994355
-28.616510221147355,-285.1335326831236,-14.86872303946573,119.30463957952139,3.0412891399452944,0.9572220669413826,0.4607823552169257
-28.616510221147355,-285.1335326831236,-14.86872303946573,119.30463957952139,3.0412891399452944,0.9572220669413826,0.4607823552169257
-28.616510221147355,-285.1335326831236,-14.86872303946573,119.30463957952139,3.0412891399452944,0.9572220669413826,0.4607823552169257
-28.616510221147355,-285.1335326831236,-14.86872303946573,119.30463957952139,3.0412891399452944,0.9572220669413826,0.4607823552169257
-28.616510221147355,-285.1335326831236,-14.86872303946573,119.30463957952139,3.0412891399452944,0.9572220669413826,0.4607823552169257
-28.616510221147355,-285.1335326831236,-14.86872303946573,119.30463957952139,3.0412891399452944,0.9572220669413826,0.4607823552169257
-28.616510221147355,-285.1335326831236,-14.86872303946573,119.30463957952139,3.0412891399452944,0.9572220669413826,0.4607823552169257
-28.616510221147355,-285.1335326831236,-14.86872303946573,119.30463957952139,3.0412891399452944,0.9572220669413826,0.4607823552169257
-28.616510221147355,-285.1335326831236,-14.86872303946573,119.30463957952139,3.0412891399452944,0.9572220669413826,0.4607823552169257
-28.616510221147355,-285.1335326831236,-14.86872303946573,119.30463957952139,3.0412891399452944,0.9572220669413826,0.4607823552169257
-28.597586196268818,-285.12631906653274,-14.90674218663617,119.31516137937582,3.0395310071271284,0.9577278002160753,0.39851535892238904
-28.597586196268818,-285.12631906653274,-14.90674218663617,119.31516137937582,3.0395310071271284,0.9577278002160753,0.39851535892238904
-28.597586196268818,-285.12631906653274,-14.90674218663617,119.31516137937582,3.0395310071271284,0.9577278002160753,0.39851535892238904
-28.597586196268818,-285.12631906653274,-14.90674218663617,119.31516137937582,3.0395310071271284,0.9577278002160753,0.39851535892238904
-28.597586196268818,-285.12631906653274,-14.90674218663617,119.31516137937582,3.0395310071271284,0.9577278002160753,0.39851535892238904
-28.597586196268818,-285.12631906653274,-14.90674218663617,119.31516137937582,3.0395310071271284,0.9577278002160753,0.39851535892238904
-28.597586196268818,-285.12631906653274,-14.90674218663617,119.31516137937582,3.0395310071271284,0.9577278002160753,0.39851535892238904
-28.597586196268818,-285.12631906653274,-14.90674218663617,119.31516137937582,3.0395310071271284,0.9577278002160753,0.39851535892238904
-28.597586196268818,-285.12631906653274,-14.90674218663617,119.31516137937582,3.0395310071271284,0.9577278002160753,0.39851535892238904
-28.597586196268818,-285.12631906653274,-14.90674218663617,119.31516137937582,3.0395310071271284,0.9577278002160753,0.39851535892238904
-28.583089448942815,-285.11907858178955,-14.935112628233476,119.32566993789727,3.038354021654525,0.958078948085046,0.34376812079611
-28.583089448942815,-285.11907858178955,-14.935112628233476,119.32566993789727,3.038354021654525,0.958078948085046,0.34376812079611
-28.583089448942815,-285.11907858178955,-14.935112628233476,119.32566993789727,3.038354021654525,0.958078948085046,0.34376812079611
-28.583089448942815,-285.11907858178955,-14.935112628233476,119.32566993789727,3.038354021654525,0.958078948085046,0.34376812079611
-28.583089448942815,-285.11907858178955,-14.935112628233476,119.32566993789727,3.038354021654525,0.958078948085046,0.34376812079611
-28.583089448942815,-285.11907858178955,-14.935112628233476,119.32566993789727,3.038354021654525,0.958078948085046,0.34376812079611
-28.583089448942815,-285.11907858178955,-14.935112628233476,119.32566993789727,3.038354021654525,0.958078948085046,0.34376812079611
-28.583089448942815,-285.11907858178955,-14.935112628233476,119.32566993789727,3.038354021654525,0.958078948085046,0.34376812079611
-28.583089448942815,-285.11907858178955,-14.935112628233476,119.32566993789727,3.038354021654525,0.958078948085046,0.34376812079611
-28.583089448942815,-285.11907858178955,-14.935112628233476,119.32566993789727,3.038354021654525,0.958078948085046,0.34376812079611
-28.571949481552238,-285.1118234386869,-14.956274801619875,119.33615479854815,3.0375987047459834,0.958310583743251,0.29563509444445873
-28.571949481552238,-285.1118234386869,-14.956274801619875,119.33615479854815,3.0375987047459834,0.958310583743251,0.29563509444445873
-28.571949481552238,-285.1118234386869,-14.956274801619875,119.33615479854815,3.0375987047459834,0.958310583743251,0.29563509444445873
-28.571949481552238,-285.1118234386869,-14.956274801619875,119.33615479854815,3.0375987047459834,0.958310583743251,0.29563509444445873
-28.571949481552238,-285.1118234386869,-14.956274801619875,119.33615479854815,3.0375987047459834,0.958310583743251,0.29563509444445873
-28.571949481552238,-285.1118234386869,-14.956274801619875,119.33615479854815,3.0375987047459834,0.958310583743251,0.29563509444445873
-28.571949481552238,-285.1118234386869,-14.956274801619875,119.33615479854815,3.0375987047459834,0.958310583743251,0.29563509444445873
-28.571949481552238,-285.1118234386869,-14.956274801619875,119.33615479854815,3.0375987047459834,0.958310583743251,0.29563509444445873
-28.571949481552238,-285.1118234386869,-14.956274801619875,119.33615479854815,3.0375987047459834,0.958310583743251,0.29563509444445873
-28.571949481552238,-285.1118234386869,-14.956274801619875,119.33615479854815,3.0375987047459834,0.958310583743251,0.29563509444445873
-28.563391345106545,-285.10456817379657,-14.972026277850924,119.34660127142138,3.03710144611389,0.9584599948815691,0.2533783599728655
-28.563391345106545,-285.10456817379657,-14.972026277850924,119.34660127142138,3.03710144611389,0.9584599948815691,0.2533783599728655
-28.563391345106545,-285.10456817379657,-14.9720262778-480.9935628653051,46.71393315691384,-414.3474408793884,-229.45603444056198,26.11-28.563391345106545,-285.10456817379657,-14.972026277850924,119.34660127142138,3.03710144611389,0.9584599948815691,0.2533783599728655
-28.563391345106545,-285.10456817379657,-14.972026277850924,119.34660127142138,3.03710144611389,0.9584599948815691,0.2533783599728655
-28.563391345106545,-285.10456817379657,-14.972026277850924,119.34660127142138,3.03710144611389,0.9584599948815691,0.2533783599728655
-28.563391345106545,-285.10456817379657,-14.972026277850924,119.34660127142138,3.03710144611389,0.9584599948815691,0.2533783599728655
-28.563391345106545,-285.10456817379657,-14.972026277850924,119.34660127142138,3.03710144611389,0.9584599948815691,0.2533783599728655
-28.563391345106545,-285.10456817379657,-14.972026277850924,119.34660127142138,3.03710144611389,0.9584599948815691,0.2533783599728655
-28.563391345106545,-285.10456817379657,-14.972026277850924,119.34660127142138,3.03710144611389,0.9584599948815691,0.2533783599728655
-28.556767638918163,-285.097299957805,-14.983810424040657,119.35703811997956,3.0367435367361075,0.9585560767360449,0.21614741418891328
-28.556767638918163,-285.097299957805,-14.983810424040657,119.35703811997956,3.0367435367361075,0.9585560767360449,0.21614741418891328
-28.556767638918163,-285.097299957805,-14.983810424040657,119.35703811997956,3.0367435367361075,0.9585560767360449,0.21614741418891328
-28.556767638918163,-285.097299957805,-14.983810424040657,119.35703811997956,3.0367435367361075,0.9585560767360449,0.21614741418891328
-28.556767638918163,-285.097299957805,-14.983810424040657,119.35703811997956,3.0367435367361075,0.9585560767360449,0.21614741418891328
-28.556767638918163,-285.097299957805,-14.983810424040657,119.35703811997956,3.0367435367361075,0.9585560767360449,0.21614741418891328
-28.556767638918163,-285.097299957805,-14.983810424040657,119.35703811997956,3.0367435367361075,0.9585560767360449,0.21614741418891328
-28.556767638918163,-285.097299957805,-14.983810424040657,119.35703811997956,3.0367435367361075,0.9585560767360449,0.21614741418891328
-28.556767638918163,-285.097299957805,-14.983810424040657,119.35703811997956,3.0367435367361075,0.9585560767360449,0.21614741418891328
-28.556767638918163,-285.097299957805,-14.983810424040657,119.35703811997956,3.0367435367361075,0.9585560767360449,0.21614741418891328
-28.551636423723654,-285.09002339193125,-14.992596232829962,119.36746053338285,3.0364498508638107,0.9586200318108818,0.18338126629760426
-28.551636423723654,-285.09002339193125,-14.992596232829962,119.36746053338285,3.0364498508638107,0.9586200318108818,0.18338126629760426
-28.551636423723654,-285.09002339193125,-14.992596232829962,119.36746053338285,3.0364498508638107,0.9586200318108818,0.18338126629760426
-28.551636423723654,-285.09002339193125,-14.992596232829962,119.36746053338285,3.0364498508638107,0.9586200318108818,0.18338126629760426
-28.551636423723654,-285.09002339193125,-14.992596232829962,119.36746053338285,3.0364498508638107,0.9586200318108818,0.18338126629760426
-28.551636423723654,-285.09002339193125,-14.992596232829962,119.36746053338285,3.0364498508638107,0.9586200318108818,0.18338126629760426
-28.551636423723654,-285.09002339193125,-14.992596232829962,119.36746053338285,3.0364498508638107,0.9586200318108818,0.18338126629760426
-28.551636423723654,-285.09002339193125,-14.992596232829962,119.36746053338285,3.0364498508638107,0.9586200318108818,0.18338126629760426
-28.551636423723654,-285.09002339193125,-14.992596232829962,119.36746053338285,3.0364498508638107,0.9586200318108818,0.18338126629760426
-28.551636423723654,-285.09002339193125,-14.992596232829962,119.36746053338285,3.0364498508638107,0.9586200318108818,0.18338126629760426
-28.547642679681186,-285.08275646329963,-14.99912725199329,119.37784436994677,3.0361846869405813,0.9586638256458272,0.15463458858426224
-28.547642679681186,-285.08275646329963,-14.99912725199329,119.37784436994677,3.0361846869405813,0.9586638256458272,0.15463458858426224
-28.547642679681186,-285.08275646329963,-14.99912725199329,119.37784436994677,3.0361846869405813,0.9586638256458272,0.15463458858426224
-28.547642679681186,-285.08275646329963,-14.99912725199329,119.37784436994677,3.0361846869405813,0.9586638256458272,0.15463458858426224
-28.547642679681186,-285.08275646329963,-14.99912725199329,119.37784436994677,3.0361846869405813,0.9586638256458272,0.15463458858426224
-28.547642679681186,-285.08275646329963,-14.99912725199329,119.37784436994677,3.0361846869405813,0.9586638256458272,0.15463458858426224
-28.547642679681186,-285.08275646329963,-14.99912725199329,119.37784436994677,3.0361846869405813,0.9586638256458272,0.15463458858426224
-28.547642679681186,-285.08275646329963,-14.99912725199329,119.37784436994677,3.0361846869405813,0.9586638256458272,0.15463458858426224
-28.547642679681186,-285.08275646329963,-14.99912725199329,119.37784436994677,3.0361846869405813,0.9586638256458272,0.15463458858426224
-28.547642679681186,-285.08275646329963,-14.99912725199329,119.37784436994677,3.0361846869405813,0.9586638256458272,0.15463458858426224
-28.544491285785384,-285.0754910029165,-15.003995270623344,119.3882084531603,3.03593414969375,0.9586946558887376,0.1293475294936279
-28.544491285785384,-285.0754910029165,-15.003995270623344,119.3882084531603,3.03593414969375,0.9586946558887376,0.1293475294936279
-28.544491285785384,-285.0754910029165,-15.003995270623344,119.3882084531603,3.03593414969375,0.9586946558887376,0.1293475294936279
-28.544491285785384,-285.0754910029165,-15.003995270623344,119.3882084531603,3.03593414969375,0.9586946558887376,0.1293475294936279
-28.544491285785384,-285.0754910029165,-15.003995270623344,119.3882084531603,3.03593414969375,0.9586946558887376,0.1293475294936279
-28.544491285785384,-285.0754910029165,-15.003995270623344,119.3882084531603,3.03593414969375,0.9586946558887376,0.1293475294936279
-28.544491285785384,-285.0754910029165,-15.003995270623344,119.3882084531603,3.03593414969375,0.9586946558887376,0.1293475294936279
-28.544491285785384,-285.0754910029165,-15.003995270623344,119.3882084531603,3.03593414969375,0.9586946558887376,0.1293475294936279
-28.544491285785384,-285.0754910029165,-15.003995270623344,119.3882084531603,3.03593414969375,0.9586946558887376,0.1293475294936279
-28.544491285785384,-285.0754910029165,-15.003995270623344,119.3882084531603,3.03593414969375,0.9586946558887376,0.1293475294936279
-28.54197771902635,-285.068229489745,-15.007606714658337,119.39854975241498,3.0356924353577677,0.9587172296012163,0.10711288908654765
-28.54197771902635,-285.068229489745,-15.007606714658337,119.39854975241498,3.0356924353577677,0.9587172296012163,0.10711288908654765
-28.54197771902635,-285.068229489745,-15.007606714658337,119.39854975241498,3.0356924353577677,0.9587172296012163,0.10711288908654765
-28.54197771902635,-285.068229489745,-15.007606714658337,119.39854975241498,3.0356924353577677,0.9587172296012163,0.10711288908654765
-28.54197771902635,-285.068229489745,-15.007606714658337,119.39854975241498,3.0356924353577677,0.9587172296012163,0.10711288908654765
-28.54197771902635,-285.068229489745,-15.007606714658337,119.39854975241498,3.0356924353577677,0.9587172296012163,0.10711288908654765
-28.54197771902635,-285.068229489745,-15.007606714658337,119.39854975241498,3.0356924353577677,0.9587172296012163,0.10711288908654765
-28.54197771902635,-285.068229489745,-15.007606714658337,119.39854975241498,3.0356924353577677,0.9587172296012163,0.10711288908654765
-28.54197771902635,-285.068229489745,-15.007606714658337,119.39854975241498,3.0356924353577677,0.9587172296012163,0.10711288908654765
-28.54197771902635,-285.068229489745,-15.007606714658337,119.39854975241498,3.0356924353577677,0.9587172296012163,0.10711288908654765
-28.5399432471495,-285.06098082503115,-15.010273088850981,119.40885661171608,3.035459804687762,0.9587338791364863,0.08759142504528356
-28.5399432471495,-285.06098082503115,-15.010273088850981,119.40885661171608,3.035459804687762,0.9587338791364863,0.08759142504528356
-28.5399432471495,-285.06098082503115,-15.010273088850981,119.4088566117-480.9600480386551,46.64353915566561,-414.26735665335775,-229.6-28.5399432471495,-285.06098082503115,-15.010273088850981,119.40885661171608,3.035459804687762,0.9587338791364863,0.08759142504528356
-28.5399432471495,-285.06098082503115,-15.010273088850981,119.40885661171608,3.035459804687762,0.9587338791364863,0.08759142504528356
-28.5399432471495,-285.06098082503115,-15.010273088850981,119.40885661171608,3.035459804687762,0.9587338791364863,0.08759142504528356
-28.5399432471495,-285.06098082503115,-15.010273088850981,119.40885661171608,3.035459804687762,0.9587338791364863,0.08759142504528356
-28.5399432471495,-285.06098082503115,-15.010273088850981,119.40885661171608,3.035459804687762,0.9587338791364863,0.08759142504528356
-28.5399432471495,-285.06098082503115,-15.010273088850981,119.40885661171608,3.035459804687762,0.9587338791364863,0.08759142504528356
-28.5399432471495,-285.06098082503115,-15.010273088850981,119.40885661171608,3.035459804687762,0.9587338791364863,0.08759142504528356
-28.538260258678992,-285.05372881183644,-15.01223962759173,119.41915784023351,3.035237481558349,0.9587461069446084,0.07039094395037282
-28.538260258678992,-285.05372881183644,-15.01223962759173,119.41915784023351,3.035237481558349,0.9587461069446084,0.07039094395037282
-28.538260258678992,-285.05372881183644,-15.01223962759173,119.41915784023351,3.035237481558349,0.9587461069446084,0.07039094395037282
-28.538260258678992,-285.05372881183644,-15.01223962759173,119.41915784023351,3.035237481558349,0.9587461069446084,0.07039094395037282
-28.538260258678992,-285.05372881183644,-15.01223962759173,119.41915784023351,3.035237481558349,0.9587461069446084,0.07039094395037282
-28.538260258678992,-285.05372881183644,-15.01223962759173,119.41915784023351,3.035237481558349,0.9587461069446084,0.07039094395037282
-28.538260258678992,-285.05372881183644,-15.01223962759173,119.41915784023351,3.035237481558349,0.9587461069446084,0.07039094395037282
-28.538260258678992,-285.05372881183644,-15.01223962759173,119.41915784023351,3.035237481558349,0.9587461069446084,0.07039094395037282
-28.538260258678992,-285.05372881183644,-15.01223962759173,119.41915784023351,3.035237481558349,0.9587461069446084,0.07039094395037282
-28.538260258678992,-285.05372881183644,-15.01223962759173,119.41915784023351,3.035237481558349,0.9587461069446084,0.07039094395037282
-28.536846122347008,-285.04648412582293,-15.013670991470327,119.42943532184078,3.0350248694198303,0.9587551317736234,0.0552746217548885
-28.536846122347008,-285.04648412582293,-15.013670991470327,119.42943532184078,3.0350248694198303,0.9587551317736234,0.0552746217548885
-28.536846122347008,-285.04648412582293,-15.013670991470327,119.42943532184078,3.0350248694198303,0.9587551317736234,0.0552746217548885
-28.536846122347008,-285.04648412582293,-15.013670991470327,119.42943532184078,3.0350248694198303,0.9587551317736234,0.0552746217548885
-28.536846122347008,-285.04648412582293,-15.013670991470327,119.42943532184078,3.0350248694198303,0.9587551317736234,0.0552746217548885
-28.536846122347008,-285.04648412582293,-15.013670991470327,119.42943532184078,3.0350248694198303,0.9587551317736234,0.0552746217548885
-28.536846122347008,-285.04648412582293,-15.013670991470327,119.42943532184078,3.0350248694198303,0.9587551317736234,0.0552746217548885
-28.536846122347008,-285.04648412582293,-15.013670991470327,119.42943532184078,3.0350248694198303,0.9587551317736234,0.0552746217548885
-28.536846122347008,-285.04648412582293,-15.013670991470327,119.42943532184078,3.0350248694198303,0.9587551317736234,0.0552746217548885
-28.536846122347008,-285.04648412582293,-15.013670991470327,119.42943532184078,3.0350248694198303,0.9587551317736234,0.0552746217548885
-28.53562932056112,-285.03923797429684,-15.014705289773783,119.4397061668152,3.0348226066784276,0.9587616251392537,0.041965065454596176
-28.53562932056112,-285.03923797429684,-15.014705289773783,119.4397061668152,3.0348226066784276,0.9587616251392537,0.041965065454596176
-28.53562932056112,-285.03923797429684,-15.014705289773783,119.4397061668152,3.0348226066784276,0.9587616251392537,0.041965065454596176
-28.53562932056112,-285.03923797429684,-15.014705289773783,119.4397061668152,3.0348226066784276,0.9587616251392537,0.041965065454596176
-28.53562932056112,-285.03923797429684,-15.014705289773783,119.4397061668152,3.0348226066784276,0.9587616251392537,0.041965065454596176
-28.53562932056112,-285.03923797429684,-15.014705289773783,119.4397061668152,3.0348226066784276,0.9587616251392537,0.041965065454596176
-28.53562932056112,-285.03923797429684,-15.014705289773783,119.4397061668152,3.0348226066784276,0.9587616251392537,0.041965065454596176
-28.53562932056112,-285.03923797429684,-15.014705289773783,119.4397061668152,3.0348226066784276,0.9587616251392537,0.041965065454596176
-28.53562932056112,-285.03923797429684,-15.014705289773783,119.4397061668152,3.0348226066784276,0.9587616251392537,0.041965065454596176
-28.53562932056112,-285.03923797429684,-15.014705289773783,119.4397061668152,3.0348226066784276,0.9587616251392537,0.041965065454596176
-28.534564822215287,-285.03200789645564,-15.015435758735025,119.44994241485978,3.0346295397382055,0.9587662998766447,0.03028742315588774
-28.534564822215287,-285.03200789645564,-15.015435758735025,119.44994241485978,3.0346295397382055,0.9587662998766447,0.03028742315588774
-28.534564822215287,-285.03200789645564,-15.015435758735025,119.44994241485978,3.0346295397382055,0.9587662998766447,0.03028742315588774
-28.534564822215287,-285.03200789645564,-15.015435758735025,119.44994241485978,3.0346295397382055,0.9587662998766447,0.03028742315588774
-28.534564822215287,-285.03200789645564,-15.015435758735025,119.44994241485978,3.0346295397382055,0.9587662998766447,0.03028742315588774
-28.534564822215287,-285.03200789645564,-15.015435758735025,119.44994241485978,3.0346295397382055,0.9587662998766447,0.03028742315588774
-28.534564822215287,-285.03200789645564,-15.015435758735025,119.44994241485978,3.0346295397382055,0.9587662998766447,0.03028742315588774
-28.534564822215287,-285.03200789645564,-15.015435758735025,119.44994241485978,3.0346295397382055,0.9587662998766447,0.03028742315588774
-28.534564822215287,-285.03200789645564,-15.015435758735025,119.44994241485978,3.0346295397382055,0.9587662998766447,0.03028742315588774
-28.534564822215287,-285.03200789645564,-15.015435758735025,119.44994241485978,3.0346295397382055,0.9587662998766447,0.03028742315588774
-28.533611335391562,-285.02478408494034,-15.01594200788116,119.4601636564328,3.0344455643276707,0.9587696125848969,0.0200150354704923
-28.533611335391562,-285.02478408494034,-15.01594200788116,119.4601636564328,3.0344455643276707,0.9587696125848969,0.0200150354704923
-28.533611335391562,-285.02478408494034,-15.01594200788116,119.4601636564328,3.0344455643276707,0.9587696125848969,0.0200150354704923
-28.533611335391562,-285.02478408494034,-15.01594200788116,119.4601636564328,3.0344455643276707,0.9587696125848969,0.0200150354704923
-28.533611335391562,-285.02478408494034,-15.01594200788116,119.4601636564328,3.0344455643276707,0.9587696125848969,0.0200150354704923
-28.533611335391562,-285.02478408494034,-15.01594200788116,119.4601636564328,3.0344455643276707,0.9587696125848969,0.0200150354704923
-28.533611335391562,-285.02478408494034,-15.01594200788116,119.4601636564328,3.0344455643276707,0.9587696125848969,0.0200150354704923
-28.533611335391562,-285.02478408494034,-15.01594200788116,119.4601636564328,3.0344455643276707,0.9587696125848969,0.0200150354704923
-28.533611335391562,-285.02478408494034,-15.01594200788116,119.4601636564328,3.0344455643276707,0.9587696125848969,0.0200150354704923
-28.533611335391562,-285.02478408494034,-15.01594200788116,119.4601636564328,3.0344455643276707,0.9587696125848969,0.0200150354704923
-28.532743382679172,-285.01757606477304,-15.016277734640774,119.47035410313913,3.0342689521772686,0.958772011805827,0.0109956683102354
-28.532743382679172,-285.01757606477304,-15.016277734640774,119.47035410313913,3.0342689521772686,0.958772011805827,0.0-480.9408536006605,46.61977942675841,-414.2340278909042,-229.71477962198446,26.077041194495852,152.12661885678568,-2.3425417393618027
-480.9408536006605,46.61977942675841,-414.2340278909042,-229.71477962198446,26.077041194495852,152.12661885678568,-2.3425417393618027
-480.9408536006605,46.61977942675841,-414.2340278909042,-229.71477962198446,26.077041194495852,152.12661885678568,-2.3425417393618027
-480.9408536006605,46.61977942675841,-414.2340278909042,-229.71477962198446,26.077041194495852,152.12661885678568,-2.3425417393618027
-480.9408536006605,46.61977942675841,-414.2340278909042,-229.71477962198446,26.077041194495852,152.12661885678568,-2.3425417393618027
-480.9408536006605,46.61977942675841,-414.2340278909042,-229.71477962198446,26.077041194495852,152.12661885678568,-2.3425417393618027
-480.9408536006605,46.61977942675841,-414.2340278909042,-229.71477962198446,26.077041194495852,152.12661885678568,-2.3425417393618027
-480.93868859723193,46.61846610627467,-414.230781212901,-229.7221340542563,26.07501516246123,152.12549712269345,-2.3425082357318465
-480.93868859723193,46.61846610627467,-414.230781212901,-229.7221340542563,26.07501516246123,152.12549712269345,-2.3425082357318465
-480.93868859723193,46.61846610627467,-414.230781212901,-229.7221340542563,26.07501516246123,152.12549712269345,-2.3425082357318465
-480.93868859723193,46.61846610627467,-414.230781212901,-229.7221340542563,26.07501516246123,152.12549712269345,-2.3425082357318465
-480.93868859723193,46.61846610627467,-414.230781212901,-229.7221340542563,26.07501516246123,152.12549712269345,-2.3425082357318465
-480.93868859723193,46.61846610627467,-414.230781212901,-229.7221340542563,26.07501516246123,152.12549712269345,-2.3425082357318465
-480.93868859723193,46.61846610627467,-414.230781212901,-229.7221340542563,26.07501516246123,152.12549712269345,-2.3425082357318465
-480.93868859723193,46.61846610627467,-414.230781212901,-229.7221340542563,26.07501516246123,152.12549712269345,-2.3425082357318465
-480.93868859723193,46.61846610627467,-414.230781212901,-229.7221340542563,26.07501516246123,152.12549712269345,-2.3425082357318465
-480.93868859723193,46.61846610627467,-414.230781212901,-229.7221340542563,26.07501516246123,152.12549712269345,-2.3425082357318465
-480.93674870790585,46.61769117452253,-414.22798305128447,-229.7283368580134,26.07306197235845,152.1242550953822,-2.34263583381275
-480.93674870790585,46.61769117452253,-414.22798305128447,-229.7283368580134,26.07306197235845,152.1242550953822,-2.34263583381275
-480.93674870790585,46.61769117452253,-414.22798305128447,-229.7283368580134,26.07306197235845,152.1242550953822,-2.34263583381275
-480.93674870790585,46.61769117452253,-414.22798305128447,-229.7283368580134,26.07306197235845,152.1242550953822,-2.34263583381275
-480.93674870790585,46.61769117452253,-414.22798305128447,-229.7283368580134,26.07306197235845,152.1242550953822,-2.34263583381275
-480.93674870790585,46.61769117452253,-414.22798305128447,-229.7283368580134,26.07306197235845,152.1242550953822,-2.34263583381275
-480.93674870790585,46.61769117452253,-414.22798305128447,-229.7283368580134,26.07306197235845,152.1242550953822,-2.34263583381275
-480.93674870790585,46.61769117452253,-414.22798305128447,-229.7283368580134,26.07306197235845,152.1242550953822,-2.34263583381275
-480.93674870790585,46.61769117452253,-414.22798305128447,-229.7283368580134,26.07306197235845,152.1242550953822,-2.34263583381275
-480.93674870790585,46.61769117452253,-414.22798305128447,-229.7283368580134,26.07306197235845,152.1242550953822,-2.34263583381275
-480.93501631637,46.617397390339164,-414.2255827885818,-229.73350413966298,26.07118033087091,152.12291124258616,-2.3429046277623113
-480.93501631637,46.617397390339164,-414.2255827885818,-229.73350413966298,26.07118033087091,152.12291124258616,-2.3429046277623113
-480.93501631637,46.617397390339164,-414.2255827885818,-229.73350413966298,26.07118033087091,152.12291124258616,-2.3429046277623113
-480.93501631637,46.617397390339164,-414.2255827885818,-229.73350413966298,26.07118033087091,152.12291124258616,-2.3429046277623113
-480.93501631637,46.617397390339164,-414.2255827885818,-229.73350413966298,26.07118033087091,152.12291124258616,-2.3429046277623113
-480.93501631637,46.617397390339164,-414.2255827885818,-229.73350413966298,26.07118033087091,152.12291124258616,-2.3429046277623113
-480.93501631637,46.617397390339164,-414.2255827885818,-229.73350413966298,26.07118033087091,152.12291124258616,-2.3429046277623113
-480.93501631637,46.617397390339164,-414.2255827885818,-229.73350413966298,26.07118033087091,152.12291124258616,-2.3429046277623113
-480.93501631637,46.617397390339164,-414.2255827885818,-229.73350413966298,26.07118033087091,152.12291124258616,-2.3429046277623113
-480.93501631637,46.617397390339164,-414.2255827885818,-229.73350413966298,26.07118033087091,152.12291124258616,-2.3429046277623113
-480.93347070483634,46.617526110266105,-414.22352817914305,-229.73776379994018,26.069358070391225,152.12147466107743,-2.343298303417391
-480.93347070483634,46.617526110266105,-414.22352817914305,-229.73776379994018,26.069358070391225,152.12147466107743,-2.343298303417391
-480.93347070483634,46.617526110266105,-414.22352817914305,-229.73776379994018,26.069358070391225,152.12147466107743,-2.343298303417391
-480.93347070483634,46.617526110266105,-414.22352817914305,-229.73776379994018,26.069358070391225,152.12147466107743,-2.343298303417391
-480.93347070483634,46.617526110266105,-414.22352817914305,-229.73776379994018,26.069358070391225,152.12147466107743,-2.343298303417391
-480.93347070483634,46.617526110266105,-414.22352817914305,-229.73776379994018,26.069358070391225,152.12147466107743,-2.343298303417391
-480.93347070483634,46.617526110266105,-414.22352817914305,-229.73776379994018,26.069358070391225,152.12147466107743,-2.343298303417391
-480.93347070483634,46.617526110266105,-414.22352817914305,-229.73776379994018,26.069358070391225,152.12147466107743,-2.343298303417391
-480.93347070483634,46.617526110266105,-414.22352817914305,-229.73776379994018,26.069358070391225,152.12147466107743,-2.343298303417391
-480.93347070483634,46.617526110266105,-414.22352817914305,-229.73776379994018,26.069358070391225,152.12147466107743,-2.343298303417391
-480.9320919968296,46.61802940955813,-414.2217786587933,-229.74121917345445,26.067588831038098,152.11995640232587,-2.3438019826428627
-480.9320919968296,46.61802940955813,-414.2217786587933,-229.74121917345445,26.067588831038098,152.11995640232587,-2.3438019826428627
-480.9320919968296,46.61802940955813,-414.2217786587933,-229.74121917345445,26.067588831038098,152.11995640232587,-2.3438019826428627
-480.9320919968296,46.61802940955813,-414.2217786587933,-229.74121917345445,26.067588831038098,152.11995640232587,-2.3438019826428627
-480.9320919968296,46.61802940955813,-414.2217786587933,-229.74121917345445,26.067588831038098,152.11995640232587,-2.3438019826428627
-480.9320919968296,46.61802940955813,-414.2217786587933,-229.74121917345445,26.067588831038098,152.11995640232587,-2.3438019826428627
-480.9320919968296,46.61802940955813,-414.2217786587933,-229.74121917345445,26.067588831038098,152.11995640232587,-2.3438019826428627
-480.9320919968296,46.61802940955813,-414.2217786587933,-229.74121917345445,26.067588831038098,152.11995640232587,-2.3438019826428627
-480.9320919968296,46.61802940955813,-414.2217786587933,-229.74121917345445,26.067588831038098,152.11995640232587,-2.3438019826428627
-480.9320919968296,46.61802940955813,-414.2217786587933,-229.74121917345445,26.067588831038098,152.11995640232587,-2.3438019826428627
-480.9308634179705,46.6188647242906,-414.2202971812306,-229.743961971097,26.065866797407775,152.1183661723163,-2.3444027316590565
-480.9308634179705,46.6188647242906,-414.2202971812306,-229.743961971097,26.065866797407775,152.1183661723163,-2.3444027316590565
-480.9308634179705,46.6188647242906,-414.2202971812306,-229.743961971097,26.065866797407775,152.1183661723163,-2.3444027316590565
-480.9308634179705,46.6188647242906,-414.2202971812306,-229.743961971097,26.065866797407775,152.1183661723163,-2.3444027316590565
-480.9308634179705,46.6188647242906,-414.2202971812306,-229.743961971097,26.065866797407775,152.1183661723163,-2.3444027316590565
-480.9308634179705,46.6188647242906,-414.2202971812306,-229.743961971097,26.065866797407775,152.1183661723163,-2.3444027316590565
-480.9308634179705,46.6188647242906,-414.2202971812306,-229.743961971097,26.065866797407775,152.1183661723163,-2.3444027316590565
-480.9308634179705,46.6188647242906,-414.2202971812306,-229.743961971097,26.065866797407775,152.1183661723163,-2.3444027316590565
-480.9308634179705,46.6188647242906,-414.2202971812306,-229.743961971097,26.065866797407775,152.1183661723163,-2.3444027316590565
-480.9308634179705,46.6188647242906,-414.2202971812306,-229.743961971097,26.065866797407775,152.1183661723163,-2.3444027316590565
-480.92976912594816,46.619994241233385,-414.21905206461213,-229.74607350595366,26.064186759813605,152.11671243730711,-2.3450891534280087
-480.92976912594816,46.619994241233385,-414.21905206461213,-229.74607350595366,26.064186759813605,152.11671243730711,-2.3450891534280087
-480.92976912594816,46.619994241233385,-414.21905206461213,-229.74607350595366,26.064186759813605,152.11671243730711,-2.3450891534280087
-480.92976912594816,46.619994241233385,-414.21905206461213,-229.74607350595366,26.064186759813605,152.11671243730711,-2.3450891534280087
-480.92976912594816,46.619994241233385,-414.21905206461213,-229.74607350595366,26.064186759813605,152.11671243730711,-2.3450891534280087
-480.92976912594816,46.619994241233385,-414.21905206461213,-229.74607350595366,26.064186759813605,152.11671243730711,-2.3450891534280087
-480.92976912594816,46.619994241233385,-414.21905206461213,-229.74607350595366,26.064186759813605,152.11671243730711,-2.3450891534280087
-480.92976912594816,46.619994241233385,-414.21905206461213,-229.74607350595366,26.064186759813605,152.11671243730711,-2.3450891534280087
-480.92976912594816,46.619994241233385,-414.21905206461213,-229.74607350595366,26.064186759813605,152.11671243730711,-2.3450891534280087
-480.92976912594816,46.619994241233385,-414.21905206461213,-229.74607350595366,26.064186759813605,152.11671243730711,-2.3450891534280087
-480.9287949915631,46.621384445731145,-414.21801527511224,-229.74762583303632,26.062544034047292,152.1150026529187,-2.3458512283174966
-480.9287949915631,46.621384445731145,-414.21801527511224,-229.74762583303632,26.062544034047292,152.1150026529187,-2.3458512283174966
-480.9287949915631,46.621384445731145,-414.21801527511224,-229.74762583303632,26.062544034047292,152.1150026529187,-2.3458512283174966
-480.9287949915631,46.621384445731145,-414.21801527511224,-229.74762583303632,26.062544034047292,152.1150026529187,-2.3458512283174966
-480.9287949915631,46.621384445731145,-414.21801527511224,-229.74762583303632,26.062544034047292,152.1150026529187,-2.3458512283174966
-480.9287949915631,46.621384445731145,-414.21801527511224,-229.74762583303632,26.062544034047292,152.1150026529187,-2.3458512283174966
-480.9287949915631,46.621384445731145,-414.21801527511224,-229.74762583303632,26.062544034047292,152.1150026529187,-2.3458512283174966
-480.9287949915631,46.621384445731145,-414.21801527511224,-229.74762583303632,26.062544034047292,152.1150026529187,-2.3458512283174966
-480.9287949915631,46.621384445731145,-414.21801527511224,-229.74762583303632,26.062544034047292,152.1150026529187,-2.3458512283174966
-480.9287949915631,46.621384445731145,-414.21801527511224,-229.74762583303632,26.062544034047292,152.1150026529187,-2.3458512283174966
-480.9279281463117,46.623005630850685,-414.2171623424695,-229.74868278711133,26.060934439356068,152.11324338054524,-2.3466801282800387
-480.9279281463117,46.623005630850685,-414.2171623424695,-229.74868278711133,26.060934439356068,152.11324338054524,-2.3466801282800387
-480.9279281463117,46.623005630850685,-414.2171623424695,-229.74868278711133,26.060934439356068,152.11324338054524,-2.3466801282800387
-480.9279281463117,46.623005630850685,-414.2171623424695,-229.74868278711133,26.060934439356068,152.11324338054524,-2.3466801282800387
-480.9279281463117,46.623005630850685,-414.2171623424695,-229.74868278711133,26.060934439356068,152.11324338054524,-2.3466801282800387
-480.9279281463117,46.623005630850685,-414.2171623424695,-229.74868278711133,26.060934439356068,152.11324338054524,-2.3466801282800387
-480.9279281463117,46.623005630850685,-414.2171623424695,-229.74868278711133,26.060934439356068,152.11324338054524,-2.3466801282800387
-480.9279281463117,46.623005630850685,-414.2171623424695,-229.74868278711133,26.060934439356068,152.11324338054524,-2.3466801282800387
-480.9279281463117,46.623005630850685,-414.2171623424695,-229.74868278711133,26.060934439356068,152.11324338054524,-2.3466801282800387
-480.9279281463117,46.623005630850685,-414.2171623424695,-229.74868278711133,26.060934439356068,152.11324338054524,-2.3466801282800387
-480.9271577008931,46.62483008769381,-414.2164724230862,-229.74929975914858,26.05935637281848,152.1114425631603,-2.347566914177214
-480.9271577008931,46.62483008769381,-414.2164724230862,-229.74929975914858,26.05935637281848,152.1114425631603,-2.347566914177214
-480.9271577008931,46.62483008769381,-414.2164724230862,-229.74929975914858,26.05935637281848,152.1114425631603,-2.347566914177214
-480.9271577008931,46.62483008769381,-414.2164724230862,-229.74929975914858,26.05935637281848,152.1114425631603,-2.347566914177214
-480.9271577008931,46.62483008769381,-414.2164724230862,-229.74929975914858,26.05935637281848,152.1114425631603,-2.347566914177214
-480.9271577008931,46.62483008769381,-414.2164724230862,-229.74929975914858,26.05935637281848,152.1114425631603,-2.347566914177214
-480.9271577008931,46.62483008769381,-414.2164724230862,-229.74929975914858,26.05935637281848,152.1114425631603,-2.347566914177214
-480.9271577008931,46.62483008769381,-414.2164724230862,-229.74929975914858,26.05935637281848,152.1114425631603,-2.347566914177214
-480.9271577008931,46.62483008769381,-414.2164724230862,-229.74929975914858,26.05935637281848,152.1114425631603,-2.347566914177214
-480.9271577008931,46.62483008769381,-414.2164724230862,-229.74929975914858,26.05935637281848,152.1114425631603,-2.347566914177214
-480.92647197084045,46.62683665349195,-414.21592495070144,-229.74953005639622,26.057801896338667,152.10960074043163,-2.3485071838269365
-480.92647197084045,46.62683665349195,-414.21592495070144,-229.74953005639622,26.057801896338667,152.10960074043163,-2.3485071838269365
-480.92647197084045,46.62683665349195,-414.21592495070144,-229.74953005639622,26.057801896338667,152.10960074043163,-2.3485071838269365
-480.92647197084045,46.62683665349195,-414.21592495070144,-229.74953005639622,26.057801896338667,152.10960074043163,-2.3485071838269365
-480.92647197084045,46.62683665349195,-414.21592495070144,-229.74953005639622,26.057801896338667,152.10960074043163,-2.3485071838269365
-480.92647197084045,46.62683665349195,-414.21592495070144,-229.74953005639622,26.057801896338667,152.10960074043163,-2.3485071838269365
-480.92647197084045,46.62683665349195,-414.21592495070144,-229.74953005639622,26.057801896338667,152.10960074043163,-2.3485071838269365
-480.92647197084045,46.62683665349195,-414.21592495070144,-229.74953005639622,26.057801896338667,152.10960074043163,-2.3485071838269365
-480.92647197084045,46.62683665349195,-414.21592495070144,-229.74953005639622,26.057801896338667,152.10960074043163,-2.3485071838269365
-480.92647197084045,46.62683665349195,-414.21592495070144,-229.74953005639622,26.057801896338667,152.10960074043163,-2.3485071838269365
-480.92586205625224,46.629004247806684,-414.2155043878921,-229.74941556093395,26.05627075890752,152.1077250339494,-2.3494934487888717
-480.92586205625224,46.629004247806684,-414.2155043878921,-229.74941556093395,26.05627075890752,152.1077250339494,-2.3494934487888717
-480.92586205625224,46.629004247806684,-414.2155043878921,-229.74941556093395,26.05627075890752,152.1077250339494,-2.3494934487888717
-480.92586205625224,46.629004247806684,-414.2155043878921,-229.74941556093395,26.05627075890752,152.1077250339494,-2.3494934487888717
-480.92586205625224,46.629004247806684,-414.2155043878921,-229.74941556093395,26.05627075890752,152.1077250339494,-2.3494934487888717
-480.92586205625224,46.629004247806684,-414.2155043878921,-229.74941556093395,26.05627075890752,152.1077250339494,-2.3494934487888717
-480.92586205625224,46.629004247806684,-414.2155043878921,-229.74941556093395,26.05627075890752,152.1077250339494,-2.3494934487888717
-480.92586205625224,46.629004247806684,-414.2155043878921,-229.74941556093395,26.05627075890752,152.1077250339494,-2.3494934487888717
-480.92586205625224,46.629004247806684,-414.2155043878921,-229.74941556093395,26.05627075890752,152.1077250339494,-2.3494934487888717
-480.92586205625224,46.629004247806684,-414.2155043878921,-229.74941556093395,26.05627075890752,152.1077250339494,-2.3494934487888717
-480.92531986113687,46.63131434141442,-414.2151957740315,-229.74899580279734,26.054760247608964,152.10581928464526,-2.3505205053381726
-480.92531986113687,46.63131434141442,-414.2151957740315,-229.74899580279734,26.054760247608964,152.10581928464526,-2.3505205053381726
-480.92531986113687,46.63131434141442,-414.2151957740315,-229.74899580279734,26.054760247608964,152.10581928464526,-2.3505205053381726
-480.92531986113687,46.63131434141442,-414.2151957740315,-229.74899580279734,26.054760247608964,152.10581928464526,-2.3505205053381726
-480.92531986113687,46.63131434141442,-414.2151957740315,-229.74899580279734,26.054760247608964,152.10581928464526,-2.3505205053381726
-480.92531986113687,46.63131434141442,-414.2151957740315,-229.74899580279734,26.054760247608964,152.10581928464526,-2.3505205053381726
-480.92531986113687,46.63131434141442,-414.2151957740315,-229.74899580279734,26.054760247608964,152.10581928464526,-2.3505205053381726
-480.92531986113687,46.63131434141442,-414.2151957740315,-229.74899580279734,26.054760247608964,152.10581928464526,-2.3505205053381726
-480.92531986113687,46.63131434141442,-414.2151957740315,-229.74899580279734,26.054760247608964,152.10581928464526,-2.3505205053381726
-480.92531986113687,46.63131434141442,-414.2151957740315,-229.74899580279734,26.054760247608964,152.10581928464526,-2.3505205053381726
-480.9248373190684,46.633752729259285,-414.21498614690944,-229.7483054003698,26.05326612801157,152.10388476218074,-2.3515849719988235
-480.9248373190684,46.633752729259285,-414.21498614690944,-229.7483054003698,26.05326612801157,152.10388476218074,-2.3515849719988235
-480.9248373190684,46.633752729259285,-414.21498614690944,-229.7483054003698,26.05326612801157,152.10388476218074,-2.3515849719988235
-480.9248373190684,46.633752729259285,-414.21498614690944,-229.7483054003698,26.05326612801157,152.10388476218074,-2.3515849719988235
-480.9248373190684,46.633752729259285,-414.21498614690944,-229.7483054003698,26.05326612801157,152.10388476218074,-2.3515849719988235
-480.9248373190684,46.633752729259285,-414.21498614690944,-229.7483054003698,26.05326612801157,152.10388476218074,-2.3515849719988235
-480.9248373190684,46.633752729259285,-414.21498614690944,-229.7483054003698,26.05326612801157,152.10388476218074,-2.3515849719988235
-480.9248373190684,46.633752729259285,-414.21498614690944,-229.7483054003698,26.05326612801157,152.10388476218074,-2.3515849719988235
-480.9248373190684,46.633752729259285,-414.21498614690944,-229.7483054003698,26.05326612801157,152.10388476218074,-2.3515849719988235
-480.9248373190684,46.633752729259285,-414.21498614690944,-229.7483054003698,26.05326612801157,152.10388476218074,-2.3515849719988235
-480.9244088820358,46.63630122499338,-414.2148643829432,-229.7473751916716,26.051790288991008,152.10192908882016,-2.352679870453843
-480.9244088820358,46.63630122499338,-414.2148643829432,-229.7473751916716,26.051790288991008,152.10192908882016,-2.352679870453843
-480.9244088820358,46.63630122499338,-414.2148643829432,-229.7473751916716,26.051790288991008,152.10192908882016,-2.352679870453843
-480.9244088820358,46.63630122499338,-414.2148643829432,-229.7473751916716,26.051790288991008,152.10192908882016,-2.352679870453843
-480.9244088820358,46.63630122499338,-414.2148643829432,-229.7473751916716,26.051790288991008,152.10192908882016,-2.352679870453843
-480.9244088820358,46.63630122499338,-414.2148643829432,-229.7473751916716,26.051790288991008,152.10192908882016,-2.352679870453843
-480.9244088820358,46.63630122499338,-414.2148643829432,-229.7473751916716,26.051790288991008,152.10192908882016,-2.352679870453843
-480.9244088820358,46.63630122499338,-414.2148643829432,-229.7473751916716,26.051790288991008,152.10192908882016,-2.352679870453843
-480.9244088820358,46.63630122499338,-414.2148643829432,-229.7473751916716,26.051790288991008,152.10192908882016,-2.352679870453843
-480.9244088820358,46.63630122499338,-414.2148643829432,-229.7473751916716,26.051790288991008,152.10192908882016,-2.352679870453843
-480.92402799236874,46.63894849836178,-414.2148202330024,-229.7462331141574,26.050328666360304,152.09995247584607,-2.353803160145799
-480.92402799236874,46.63894849836178,-414.2148202330024,-229.7462331141574,26.050328666360304,152.09995247584607,-2.353803160145799
-480.92402799236874,46.63894849836178,-414.2148202330024,-229.7462331141574,26.050328666360304,152.09995247584607,-2.353803160145799
-480.92402799236874,46.63894849836178,-414.2148202330024,-229.7462331141574,26.050328666360304,152.09995247584607,-2.353803160145799
-480.92402799236874,46.63894849836178,-414.2148202330024,-229.7462331141574,26.050328666360304,152.09995247584607,-2.353803160145799
-480.92402799236874,46.63894849836178,-414.2148202330024,-229.7462331141574,26.050328666360304,152.09995247584607,-2.353803160145799
-480.92402799236874,46.63894849836178,-414.2148202330024,-229.7462331141574,26.050328666360304,152.09995247584607,-2.353803160145799
-480.92402799236874,46.63894849836178,-414.2148202330024,-229.7462331141574,26.050328666360304,152.09995247584607,-2.353803160145799
-480.92402799236874,46.63894849836178,-414.2148202330024,-229.7462331141574,26.050328666360304,152.09995247584607,-2.353803160145799
-480.92402799236874,46.63894849836178,-414.2148202330024,-229.7462331141574,26.050328666360304,152.09995247584607,-2.353803160145799
-480.92368936420314,46.64168343285523,-414.21484474840463,-229.74490320531413,26.048879686027497,152.09795745006826,-2.3549514509835205
-480.92368936420314,46.64168343285523,-414.21484474840463,-229.74490320531413,26.048879686027497,152.09795745006826,-2.3549514509835205
-480.92368936420314,46.64168343285523,-414.21484474840463,-229.74490320531413,26.048879686027497,152.09795745006826,-2.3549514509835205
-480.92368936420314,46.64168343285523,-414.21484474840463,-229.74490320531413,26.048879686027497,152.09795745006826,-2.3549514509835205
-480.92368936420314,46.64168343285523,-414.21484474840463,-229.74490320531413,26.048879686027497,152.09795745006826,-2.3549514509835205
-480.92368936420314,46.64168343285523,-414.21484474840463,-229.74490320531413,26.048879686027497,152.09795745006826,-2.3549514509835205
-480.92368936420314,46.64168343285523,-414.21484474840463,-229.74490320531413,26.048879686027497,152.09795745006826,-2.3549514509835205
-480.92368936420314,46.64168343285523,-414.21484474840463,-229.74490320531413,26.048879686027497,152.09795745006826,-2.3549514509835205
-480.92368936420314,46.64168343285523,-414.21484474840463,-229.74490320531413,26.048879686027497,152.09795745006826,-2.3549514509835205
-480.92368936420314,46.64168343285523,-414.21484474840463,-229.74490320531413,26.048879686027497,152.09795745006826,-2.3549514509835205
-480.9233882626644,46.644496085974104,-414.21493004763556,-229.74340683259567,26.04744194898402,152.09594618635109,-2.3561218505375905
-480.9233882626644,46.644496085974104,-414.21493004763556,-229.74340683259567,26.04744194898402,152.09594618635109,-2.3561218505375905
-480.9233882626644,46.644496085974104,-414.21493004763556,-229.74340683259567,26.04744194898402,152.09594618635109,-2.3561218505375905
-480.9233882626644,46.644496085974104,-414.21493004763556,-229.74340683259567,26.04744194898402,152.09594618635109,-2.3561218505375905
-480.9233882626644,46.644496085974104,-414.21493004763556,-229.74340683259567,26.04744194898402,152.09594618635109,-2.3561218505375905
-480.9233882626644,46.644496085974104,-414.21493004763556,-229.74340683259567,26.04744194898402,152.09594618635109,-2.3561218505375905
-480.9233882626644,46.644496085974104,-414.21493004763556,-229.74340683259567,26.04744194898402,152.09594618635109,-2.3561218505375905
-480.9233882626644,46.644496085974104,-414.21493004763556,-229.74340683259567,26.04744194898402,152.09594618635109,-2.3561218505375905
-480.9233882626644,46.644496085974104,-414.21493004763556,-229.74340683259567,26.04744194898402,152.09594618635109,-2.3561218505375905
-480.9233882626644,46.644496085974104,-414.21493004763556,-229.74340683259567,26.04744194898402,152.09594618635109,-2.3561218505375905
-480.9231204831886,46.64737761259293,-414.21506916186615,-229.74176296057524,26.046014202056675,152.09392058461276,-2.3573118124977928
-480.9231204831886,46.64737761259293,-414.21506916186615,-229.74176296057524,26.046014202056675,152.09392058461276,-2.3573118124977928
-480.9231204831886,46.64737761259293,-414.21506916186615,-229.74176296057524,26.046014202056675,152.09392058461276,-2.3573118124977928
-480.9231204831886,46.64737761259293,-414.21506916186615,-229.74176296057524,26.046014202056675,152.09392058461276,-2.3573118124977928
-480.9231204831886,46.64737761259293,-414.21506916186615,-229.74176296057524,26.046014202056675,152.09392058461276,-2.3573118124977928
-480.9231204831886,46.64737761259293,-414.21506916186615,-229.74176296057524,26.046014202056675,152.09392058461276,-2.3573118124977928
-480.9231204831886,46.64737761259293,-414.21506916186615,-229.74176296057524,26.046014202056675,152.09392058461276,-2.3573118124977928
-480.9231204831886,46.64737761259293,-414.21506916186615,-229.74176296057524,26.046014202056675,152.09392058461276,-2.3573118124977928
-480.9231204831886,46.64737761259293,-414.21506916186615,-229.74176296057524,26.046014202056675,152.09392058461276,-2.3573118124977928
-480.9231204831886,46.64737761259293,-414.21506916186615,-229.74176296057524,26.046014202056675,152.09392058461276,-2.3573118124977928
-480.9228822858346,46.650320161137714,-414.21525593161994,-229.73998840533326,26.04459532650555,152.09188231467093,-2.3585190847357165
-480.9228822858346,46.650320161137714,-414.21525593161994,-229.73998840533326,26.04459532650555,152.09188231467093,-2.3585190847357165
-480.9228822858346,46.650320161137714,-414.21525593161994,-229.73998840533326,26.04459532650555,152.09188231467093,-2.3585190847357165
-480.9228822858346,46.650320161137714,-414.21525593161994,-229.73998840533326,26.04459532650555,152.09188231467093,-2.3585190847357165
-480.9228822858346,46.650320161137714,-414.21525593161994,-229.73998840533326,26.04459532650555,152.09188231467093,-2.3585190847357165
-480.9228822858346,46.650320161137714,-414.21525593161994,-229.73998840533326,26.04459532650555,152.09188231467093,-2.3585190847357165
-480.9228822858346,46.650320161137714,-414.21525593161994,-229.73998840533326,26.04459532650555,152.09188231467093,-2.3585190847357165
-480.9228822858346,46.650320161137714,-414.21525593161994,-229.73998840533326,26.04459532650555,152.09188231467093,-2.3585190847357165
-480.9228822858346,46.650320161137714,-414.21525593161994,-229.73998840533326,26.04459532650555,152.09188231467093,-2.3585190847357165
-480.9228822858346,46.650320161137714,-414.21525593161994,-229.73998840533326,26.04459532650555,152.09188231467093,-2.3585190847357165
-480.9226703464153,46.653316769308276,-414.21548490661,-229.738098071045,26.043184326380935,152.08983284949846,-2.3597416745513526
-480.9226703464153,46.653316769308276,-414.21548490661,-229.738098071045,26.043184326380935,152.08983284949846,-2.3597416745513526
-480.9226703464153,46.653316769308276,-414.21548490661,-229.738098071045,26.043184326380935,152.08983284949846,-2.3597416745513526
-480.9226703464153,46.653316769308276,-414.21548490661,-229.738098071045,26.043184326380935,152.08983284949846,-2.3597416745513526
-480.9226703464153,46.653316769308276,-414.21548490661,-229.738098071045,26.043184326380935,152.08983284949846,-2.3597416745513526
-480.9226703464153,46.653316769308276,-414.21548490661,-229.738098071045,26.043184326380935,152.08983284949846,-2.3597416745513526
-480.9226703464153,46.653316769308276,-414.21548490661,-229.738098071045,26.043184326380935,152.08983284949846,-2.3597416745513526
-480.9226703464153,46.653316769308276,-414.21548490661,-229.738098071045,26.043184326380935,152.08983284949846,-2.3597416745513526
-480.9226703464153,46.653316769308276,-414.21548490661,-229.738098071045,26.043184326380935,152.08983284949846,-2.3597416745513526
-480.9226703464153,46.653316769308276,-414.21548490661,-229.738098071045,26.043184326380935,152.08983284949846,-2.3597416745513526
-480.9224817097336,46.656361266131654,-414.2157512637117,-229.73610516454508,26.041780316763738,152.08777349068245,-2.3609778186001926
-480.9224817097336,46.656361266131654,-414.2157512637117,-229.73610516454508,26.041780316763738,152.08777349068245,-2.3609778186001926
-480.9224817097336,46.656361266131654,-414.2157512637117,-229.73610516454508,26.041780316763738,152.08777349068245,-2.3609778186001926
-480.9224817097336,46.656361266131654,-414.2157512637117,-229.73610516454508,26.041780316763738,152.08777349068245,-2.3609778186001926
-480.9224817097336,46.656361266131654,-414.2157512637117,-229.73610516454508,26.041780316763738,152.08777349068245,-2.3609778186001926
-480.9224817097336,46.656361266131654,-414.2157512637117,-229.73610516454508,26.041780316763738,152.08777349068245,-2.3609778186001926
-480.9224817097336,46.656361266131654,-414.2157512637117,-229.73610516454508,26.041780316763738,152.08777349068245,-2.3609778186001926
-480.9224817097336,46.656361266131654,-414.2157512637117,-229.73610516454508,26.041780316763738,152.08777349068245,-2.3609778186001926
-480.9224817097336,46.656361266131654,-414.2157512637117,-229.73610516454508,26.041780316763738,152.08777349068245,-2.3609778186001926
-480.9224817097336,46.656361266131654,-414.2157512637117,-229.73610516454508,26.041780316763738,152.08777349068245,-2.3609778186001926
-480.9223140731538,46.65944530389737,-414.21605030956323,-229.7340232165638,26.040384099209053,152.0857075851456,-2.362224455339888
-480.9223140731538,46.65944530389737,-414.21605030956323,-229.7340232165638,26.040384099209053,152.0857075851456,-2.362224455339888
-480.9223140731538,46.65944530389737,-414.21605030956323,-229.7340232165638,26.040384099209053,152.0857075851456,-2.362224455339888
-480.9223140731538,46.65944530389737,-414.21605030956323,-229.7340232165638,26.040384099209053,152.0857075851456,-2.362224455339888
-480.9223140731538,46.65944530389737,-414.21605030956323,-229.7340232165638,26.040384099209053,152.0857075851456,-2.362224455339888
-480.9223140731538,46.65944530389737,-414.21605030956323,-229.7340232165638,26.040384099209053,152.0857075851456,-2.362224455339888
-480.9223140731538,46.65944530389737,-414.21605030956323,-229.7340232165638,26.040384099209053,152.0857075851456,-2.362224455339888
-480.9223140731538,46.65944530389737,-414.21605030956323,-229.7340232165638,26.040384099209053,152.0857075851456,-2.362224455339888
-480.9223140731538,46.65944530389737,-414.21605030956323,-229.7340232165638,26.040384099209053,152.0857075851456,-2.362224455339888
-480.9223140731538,46.65944530389737,-414.21605030956323,-229.7340232165638,26.040384099209053,152.0857075851456,-2.362224455339888
-480.922164264502,46.66256956267658,-414.2163792564986,-229.73185922557428,26.038991697545466,152.08363164616213,-2.3634833935408994
-480.922164264502,46.66256956267658,-414.2163792564986,-229.73185922557428,26.038991697545466,152.08363164616213,-2.3634833935408994
-480.922164264502,46.66256956267658,-414.2163792564986,-229.73185922557428,26.038991697545466,152.08363164616213,-2.3634833935408994
-480.922164264502,46.66256956267658,-414.2163792564986,-229.73185922557428,26.038991697545466,152.08363164616213,-2.3634833935408994
-480.922164264502,46.66256956267658,-414.2163792564986,-229.73185922557428,26.038991697545466,152.08363164616213,-2.3634833935408994
-480.922164264502,46.66256956267658,-414.2163792564986,-229.73185922557428,26.038991697545466,152.08363164616213,-2.3634833935408994
-480.922164264502,46.66256956267658,-414.2163792564986,-229.73185922557428,26.038991697545466,152.08363164616213,-2.3634833935408994
-480.922164264502,46.66256956267658,-414.2163792564986,-229.73185922557428,26.038991697545466,152.08363164616213,-2.3634833935408994
-480.922164264502,46.66256956267658,-414.2163792564986,-229.73185922557428,26.038991697545466,152.08363164616213,-2.3634833935408994
-480.922164264502,46.66256956267658,-414.2163792564986,-229.73185922557428,26.038991697545466,152.08363164616213,-2.3634833935408994
-480.9220309480993,46.665727260832476,-414.2167339490786,-229.7296237687751,26.037604222588246,152.0815489841621,-2.3647515594581137
-480.9220309480993,46.665727260832476,-414.2167339490786,-229.7296237687751,26.037604222588246,152.0815489841621,-2.3647515594581137
-480.9220309480993,46.665727260832476,-414.2167339490786,-229.7296237687751,26.037604222588246,152.0815489841621,-2.3647515594581137
-480.9220309480993,46.665727260832476,-414.2167339490786,-229.7296237687751,26.037604222588246,152.0815489841621,-2.3647515594581137
-480.9220309480993,46.665727260832476,-414.2167339490786,-229.7296237687751,26.037604222588246,152.0815489841621,-2.3647515594581137
-480.9220309480993,46.665727260832476,-414.2167339490786,-229.7296237687751,26.037604222588246,152.0815489841621,-2.3647515594581137
-480.9220309480993,46.665727260832476,-414.2167339490786,-229.7296237687751,26.037604222588246,152.0815489841621,-2.3647515594581137
-480.9220309480993,46.665727260832476,-414.2167339490786,-229.7296237687751,26.037604222588246,152.0815489841621,-2.3647515594581137
-480.9220309480993,46.665727260832476,-414.2167339490786,-229.7296237687751,26.037604222588246,152.0815489841621,-2.3647515594581137
-480.9220309480993,46.665727260832476,-414.2167339490786,-229.7296237687751,26.037604222588246,152.0815489841621,-2.3647515594581137
-480.92191199284946,46.66891447417701,-414.2171117561688,-229.72732507308007,26.036221130501698,152.07946031525395,-2.3660280071668423
-480.92191199284946,46.66891447417701,-414.2171117561688,-229.72732507308007,26.036221130501698,152.07946031525395,-2.3660280071668423
-480.92191199284946,46.66891447417701,-414.2171117561688,-229.72732507308007,26.036221130501698,152.07946031525395,-2.3660280071668423
-480.92191199284946,46.66891447417701,-414.2171117561688,-229.72732507308007,26.036221130501698,152.07946031525395,-2.3660280071668423
-480.92191199284946,46.66891447417701,-414.2171117561688,-229.72732507308007,26.036221130501698,152.07946031525395,-2.3660280071668423
-480.92191199284946,46.66891447417701,-414.2171117561688,-229.72732507308007,26.036221130501698,152.07946031525395,-2.3660280071668423
-480.92191199284946,46.66891447417701,-414.2171117561688,-229.72732507308007,26.036221130501698,152.07946031525395,-2.3660280071668423
-480.92191199284946,46.66891447417701,-414.2171117561688,-229.72732507308007,26.036221130501698,152.07946031525395,-2.3660280071668423
-480.92191199284946,46.66891447417701,-414.2171117561688,-229.72732507308007,26.036221130501698,152.07946031525395,-2.3660280071668423
-480.92191199284946,46.66891447417701,-414.2171117561688,-229.72732507308007,26.036221130501698,152.07946031525395,-2.3660280071668423
-480.9218058736488,46.6721278026735,-414.21750992136805,-229.72497038867073,26.03484191257984,152.07736633139064,-2.367311802352098
-480.9218058736488,46.6721278026735,-414.21750992136805,-229.72497038867073,26.03484191257984,152.07736633139064,-2.367311802352098
-480.9218058736488,46.6721278026735,-414.21750992136805,-229.72497038867073,26.03484191257984,152.07736633139064,-2.367311802352098
-480.9218058736488,46.6721278026735,-414.21750992136805,-229.72497038867073,26.03484191257984,152.07736633139064,-2.367311802352098
-480.9218058736488,46.6721278026735,-414.21750992136805,-229.72497038867073,26.03484191257984,152.07736633139064,-2.367311802352098
-480.9218058736488,46.6721278026735,-414.21750992136805,-229.72497038867073,26.03484191257984,152.07736633139064,-2.367311802352098
-480.9218058736488,46.6721278026735,-414.21750992136805,-229.72497038867073,26.03484191257984,152.07736633139064,-2.367311802352098
-480.9218058736488,46.6721278026735,-414.21750992136805,-229.72497038867073,26.03484191257984,152.07736633139064,-2.367311802352098
-480.9218058736488,46.6721278026735,-414.21750992136805,-229.72497038867073,26.03484191257984,152.07736633139064,-2.367311802352098
-480.9218058736488,46.6721278026735,-414.21750992136805,-229.72497038867073,26.03484191257984,152.07736633139064,-2.367311802352098
-480.92171081599906,46.675367300669045,-414.2179267297516,-229.72256393781836,26.03346460736378,152.07526544815047,-2.3686036376662423
-480.92171081599906,46.675367300669045,-414.2179267297516,-229.72256393781836,26.03346460736378,152.07526544815047,-2.3686036376662423
-480.92171081599906,46.675367300669045,-414.2179267297516,-229.72256393781836,26.03346460736378,152.07526544815047,-2.3686036376662423
-480.92171081599906,46.675367300669045,-414.2179267297516,-229.72256393781836,26.03346460736378,152.07526544815047,-2.3686036376662423
-480.92171081599906,46.675367300669045,-414.2179267297516,-229.72256393781836,26.03346460736378,152.07526544815047,-2.3686036376662423
-480.92171081599906,46.675367300669045,-414.2179267297516,-229.72256393781836,26.03346460736378,152.07526544815047,-2.3686036376662423
-480.92171081599906,46.675367300669045,-414.2179267297516,-229.72256393781836,26.03346460736378,152.07526544815047,-2.3686036376662423
-480.92171081599906,46.675367300669045,-414.2179267297516,-229.72256393781836,26.03346460736378,152.07526544815047,-2.3686036376662423
-480.92171081599906,46.675367300669045,-414.2179267297516,-229.72256393781836,26.03346460736378,152.07526544815047,-2.3686036376662423
-480.92171081599906,46.675367300669045,-414.2179267297516,-229.72256393781836,26.03346460736378,152.07526544815047,-2.3686036376662423
-480.921626333686,46.67862439309687,-414.21835879537065,-229.7201155386083,26.032091947479216,152.07316271422582,-2.36989948631566
-480.921626333686,46.67862439309687,-414.21835879537065,-229.7201155386083,26.032091947479216,152.07316271422582,-2.36989948631566
-480.921626333686,46.67862439309687,-414.21835879537065,-229.7201155386083,26.032091947479216,152.07316271422582,-2.36989948631566
-480.921626333686,46.67862439309687,-414.21835879537065,-229.7201155386083,26.032091947479216,152.07316271422582,-2.36989948631566
-480.921626333686,46.67862439309687,-414.21835879537065,-229.7201155386083,26.032091947479216,152.07316271422582,-2.36989948631566
-480.921626333686,46.67862439309687,-414.21835879537065,-229.7201155386083,26.032091947479216,152.07316271422582,-2.36989948631566
-480.921626333686,46.67862439309687,-414.21835879537065,-229.7201155386083,26.032091947479216,152.07316271422582,-2.36989948631566
-480.921626333686,46.67862439309687,-414.21835879537065,-229.7201155386083,26.032091947479216,152.07316271422582,-2.36989948631566
-480.921626333686,46.67862439309687,-414.21835879537065,-229.7201155386083,26.032091947479216,152.07316271422582,-2.36989948631566
-480.921626333686,46.67862439309687,-414.21835879537065,-229.7201155386083,26.032091947479216,152.07316271422582,-2.36989948631566
-480.92155050840955,46.681899464653384,-414.2188053353168,-229.71762836053358,26.030721978874745,152.0710562346851,-2.371200583152134
-480.92155050840955,46.681899464653384,-414.2188053353168,-229.71762836053358,26.030721978874745,152.0710562346851,-2.371200583152134
-480.92155050840955,46.681899464653384,-414.2188053353168,-229.71762836053358,26.030721978874745,152.0710562346851,-2.371200583152134
-480.92155050840955,46.681899464653384,-414.2188053353168,-229.71762836053358,26.030721978874745,152.0710562346851,-2.371200583152134
-480.92155050840955,46.681899464653384,-414.2188053353168,-229.71762836053358,26.030721978874745,152.0710562346851,-2.371200583152134
-480.92155050840955,46.681899464653384,-414.2188053353168,-229.71762836053358,26.030721978874745,152.0710562346851,-2.371200583152134
-480.92155050840955,46.681899464653384,-414.2188053353168,-229.71762836053358,26.030721978874745,152.0710562346851,-2.371200583152134
-480.92155050840955,46.681899464653384,-414.2188053353168,-229.71762836053358,26.030721978874745,152.0710562346851,-2.371200583152134
-480.92155050840955,46.681899464653384,-414.2188053353168,-229.71762836053358,26.030721978874745,152.0710562346851,-2.371200583152134
-480.92155050840955,46.681899464653384,-414.2188053353168,-229.71762836053358,26.030721978874745,152.0710562346851,-2.371200583152134
-480.92148268595423,46.685190542044225,-414.2192643231804,-229.7151067799687,26.02935438498472,152.0689465177452,-2.372506202487992
-480.92148268595423,46.685190542044225,-414.2192643231804,-229.7151067799687,26.02935438498472,152.0689465177452,-2.372506202487992
-480.92148268595423,46.685190542044225,-414.2192643231804,-229.7151067799687,26.02935438498472,152.0689465177452,-2.372506202487992
-480.92148268595423,46.685190542044225,-414.2192643231804,-229.7151067799687,26.02935438498472,152.0689465177452,-2.372506202487992
-480.92148268595423,46.685190542044225,-414.2192643231804,-229.7151067799687,26.02935438498472,152.0689465177452,-2.372506202487992
-480.92148268595423,46.685190542044225,-414.2192643231804,-229.7151067799687,26.02935438498472,152.0689465177452,-2.372506202487992
-480.92148268595423,46.685190542044225,-414.2192643231804,-229.7151067799687,26.02935438498472,152.0689465177452,-2.372506202487992
-480.92148268595423,46.685190542044225,-414.2192643231804,-229.7151067799687,26.02935438498472,152.0689465177452,-2.372506202487992
-480.92148268595423,46.685190542044225,-414.2192643231804,-229.7151067799687,26.02935438498472,152.0689465177452,-2.372506202487992
-480.92148268595423,46.685190542044225,-414.2192643231804,-229.7151067799687,26.02935438498472,152.0689465177452,-2.372506202487992
-480.92142183601663,46.688495801623944,-414.21973448841675,-229.7125547060726,26.02798892016716,152.06683395433274,-2.373815796256929
-480.92142183601663,46.688495801623944,-414.21973448841675,-229.7125547060726,26.02798892016716,152.06683395433274,-2.373815796256929
-480.92142183601663,46.688495801623944,-414.21973448841675,-229.7125547060726,26.02798892016716,152.06683395433274,-2.373815796256929
-480.92142183601663,46.688495801623944,-414.21973448841675,-229.7125547060726,26.02798892016716,152.06683395433274,-2.373815796256929
-480.92142183601663,46.688495801623944,-414.21973448841675,-229.7125547060726,26.02798892016716,152.06683395433274,-2.373815796256929
-480.92142183601663,46.688495801623944,-414.21973448841675,-229.7125547060726,26.02798892016716,152.06683395433274,-2.373815796256929
-480.92142183601663,46.688495801623944,-414.21973448841675,-229.7125547060726,26.02798892016716,152.06683395433274,-2.373815796256929
-480.92142183601663,46.688495801623944,-414.21973448841675,-229.7125547060726,26.02798892016716,152.06683395433274,-2.373815796256929
-480.92142183601663,46.688495801623944,-414.21973448841675,-229.7125547060726,26.02798892016716,152.06683395433274,-2.373815796256929
-480.92142183601663,46.688495801623944,-414.21973448841675,-229.7125547060726,26.02798892016716,152.06683395433274,-2.373815796256929
-480.9213672177182,46.69181362018277,-414.22021449182074,-229.70997561883982,26.02662535453845,152.06471889157223,-2.3751289022376625
-480.9213672177182,46.69181362018277,-414.22021449182074,-229.70997561883982,26.02662535453845,152.06471889157223,-2.3751289022376625
-480.9213672177182,46.69181362018277,-414.22021449182074,-229.70997561883982,26.02662535453845,152.06471889157223,-2.3751289022376625
-480.9213672177182,46.69181362018277,-414.22021449182074,-229.70997561883982,26.02662535453845,152.06471889157223,-2.3751289022376625
-480.9213672177182,46.69181362018277,-414.22021449182074,-229.70997561883982,26.02662535453845,152.06471889157223,-2.3751289022376625
-480.9213672177182,46.69181362018277,-414.22021449182074,-229.70997561883982,26.02662535453845,152.06471889157223,-2.3751289022376625
-480.9213672177182,46.69181362018277,-414.22021449182074,-229.70997561883982,26.02662535453845,152.06471889157223,-2.3751289022376625
-480.9213672177182,46.69181362018277,-414.22021449182074,-229.70997561883982,26.02662535453845,152.06471889157223,-2.3751289022376625
-480.9213672177182,46.69181362018277,-414.22021449182074,-229.70997561883982,26.02662535453845,152.06471889157223,-2.3751289022376625
-480.9213672177182,46.69181362018277,-414.22021449182074,-229.70997561883982,26.02662535453845,152.06471889157223,-2.3751289022376625
-480.9213181029601,46.69514254950151,-414.220703236615,-229.7073726086237,26.025263484835982,152.0626016288256,-2.376445109152789
-480.9213181029601,46.69514254950151,-414.220703236615,-229.7073726086237,26.025263484835982,152.0626016288256,-2.376445109152789
-480.9213181029601,46.69514254950151,-414.220703236615,-229.7073726086237,26.025263484835982,152.0626016288256,-2.376445109152789
-480.9213181029601,46.69514254950151,-414.220703236615,-229.7073726086237,26.025263484835982,152.0626016288256,-2.376445109152789
-480.9213181029601,46.69514254950151,-414.220703236615,-229.7073726086237,26.025263484835982,152.0626016288256,-2.376445109152789
-480.9213181029601,46.69514254950151,-414.220703236615,-229.7073726086237,26.025263484835982,152.0626016288256,-2.376445109152789
-480.9213181029601,46.69514254950151,-414.220703236615,-229.7073726086237,26.025263484835982,152.0626016288256,-2.376445109152789
-480.9213181029601,46.69514254950151,-414.220703236615,-229.7073726086237,26.025263484835982,152.0626016288256,-2.376445109152789
-480.9213181029601,46.69514254950151,-414.220703236615,-229.7073726086237,26.025263484835982,152.0626016288256,-2.376445109152789
-480.9213181029601,46.69514254950151,-414.220703236615,-229.7073726086237,26.025263484835982,152.0626016288256,-2.376445109152789
-480.9212738757248,46.69848130602339,-414.2211997139346,-229.7047484162724,26.023903127607422,152.06048243166975,-2.377764054203784
-480.9212738757248,46.69848130602339,-414.2211997139346,-229.7047484162724,26.023903127607422,152.06048243166975,-2.377764054203784
-480.9212738757248,46.69848130602339,-414.2211997139346,-229.7047484162724,26.023903127607422,152.06048243166975,-2.377764054203784
-480.9212738757248,46.69848130602339,-414.2211997139346,-229.7047484162724,26.023903127607422,152.06048243166975,-2.377764054203784
-480.9212738757248,46.69848130602339,-414.2211997139346,-229.7047484162724,26.023903127607422,152.06048243166975,-2.377764054203784
-480.9212738757248,46.69848130602339,-414.2211997139346,-229.7047484162724,26.023903127607422,152.06048243166975,-2.377764054203784
-480.9212738757248,46.69848130602339,-414.2211997139346,-229.7047484162724,26.023903127607422,152.06048243166975,-2.377764054203784
-480.9212738757248,46.69848130602339,-414.2211997139346,-229.7047484162724,26.023903127607422,152.06048243166975,-2.377764054203784
-480.9212738757248,46.69848130602339,-414.2211997139346,-229.7047484162724,26.023903127607422,152.06048243166975,-2.377764054203784
-480.9212738757248,46.69848130602339,-414.2211997139346,-229.7047484162724,26.023903127607422,152.06048243166975,-2.377764054203784
-480.92123422503494,46.701825563575184,-414.2217023914668,-229.70210791839915,26.022545594353137,152.05836373609748,-2.3790838459607704
-480.92123422503494,46.701825563575184,-414.2217023914668,-229.70210791839915,26.022545594353137,152.05836373609748,-2.3790838459607704
-480.92123422503494,46.701825563575184,-414.2217023914668,-229.70210791839915,26.022545594353137,152.05836373609748,-2.3790838459607704
-480.92123422503494,46.701825563575184,-414.2217023914668,-229.70210791839915,26.022545594353137,152.05836373609748,-2.3790838459607704
-480.92123422503494,46.701825563575184,-414.2217023914668,-229.70210791839915,26.022545594353137,152.05836373609748,-2.3790838459607704
-480.92123422503494,46.701825563575184,-414.2217023914668,-229.70210791839915,26.022545594353137,152.05836373609748,-2.3790838459607704
-480.92123422503494,46.701825563575184,-414.2217023914668,-229.70210791839915,26.022545594353137,152.05836373609748,-2.3790838459607704
-480.92123422503494,46.701825563575184,-414.2217023914668,-229.70210791839915,26.022545594353137,152.05836373609748,-2.3790838459607704
-480.92123422503494,46.701825563575184,-414.2217023914668,-229.70210791839915,26.022545594353137,152.05836373609748,-2.3790838459607704
-480.92123422503494,46.701825563575184,-414.2217023914668,-229.70210791839915,26.022545594353137,152.05836373609748,-2.3790838459607704
-480.92119792341043,46.705180537693344,-414.22221201326124,-229.69944853260708,26.021187741233526,152.05624126274492,-2.380407537584767
-480.92119792341043,46.705180537693344,-414.22221201326124,-229.69944853260708,26.021187741233526,152.05624126274492,-2.380407537584767
-480.92119792341043,46.705180537693344,-414.22221201326124,-229.69944853260708,26.021187741233526,152.05624126274492,-2.380407537584767
-480.92119792341043,46.705180537693344,-414.22221201326124,-229.69944853260708,26.021187741233526,152.05624126274492,-2.380407537584767
-480.92119792341043,46.705180537693344,-414.22221201326124,-229.69944853260708,26.021187741233526,152.05624126274492,-2.380407537584767
-480.92119792341043,46.705180537693344,-414.22221201326124,-229.69944853260708,26.021187741233526,152.05624126274492,-2.380407537584767
-480.92119792341043,46.705180537693344,-414.22221201326124,-229.69944853260708,26.021187741233526,152.05624126274492,-2.380407537584767
-480.92119792341043,46.705180537693344,-414.22221201326124,-229.69944853260708,26.021187741233526,152.05624126274492,-2.380407537584767
-480.92119792341043,46.705180537693344,-414.22221201326124,-229.69944853260708,26.021187741233526,152.05624126274492,-2.380407537584767
-480.92119792341043,46.705180537693344,-414.22221201326124,-229.69944853260708,26.021187741233526,152.05624126274492,-2.380407537584767
-480.92116532348064,46.70854241740683,-414.222726686251,-229.69677436100758,26.019830966924175,152.0541175587014,-2.381732942506029
-480.92116532348064,46.70854241740683,-414.222726686251,-229.69677436100758,26.019830966924175,152.0541175587014,-2.381732942506029
-480.92116532348064,46.70854241740683,-414.222726686251,-229.69677436100758,26.019830966924175,152.0541175587014,-2.381732942506029
-480.92116532348064,46.70854241740683,-414.222726686251,-229.69677436100758,26.019830966924175,152.0541175587014,-2.381732942506029
-480.92116532348064,46.70854241740683,-414.222726686251,-229.69677436100758,26.019830966924175,152.0541175587014,-2.381732942506029
-480.92116532348064,46.70854241740683,-414.222726686251,-229.69677436100758,26.019830966924175,152.0541175587014,-2.381732942506029
-480.92116532348064,46.70854241740683,-414.222726686251,-229.69677436100758,26.019830966924175,152.0541175587014,-2.381732942506029
-480.92116532348064,46.70854241740683,-414.222726686251,-229.69677436100758,26.019830966924175,152.0541175587014,-2.381732942506029
-480.92116532348064,46.70854241740683,-414.222726686251,-229.69677436100758,26.019830966924175,152.0541175587014,-2.381732942506029
-480.92116532348064,46.70854241740683,-414.222726686251,-229.69677436100758,26.019830966924175,152.0541175587014,-2.381732942506029
-480.92113563700985,46.711910313624344,-414.22324624948226,-229.6940871514044,26.01847518208083,152.0519927174491,-2.3830599734971876
-480.92113563700985,46.711910313624344,-414.22324624948226,-229.6940871514044,26.01847518208083,152.0519927174491,-2.3830599734971876
-480.92113563700985,46.711910313624344,-414.22324624948226,-229.6940871514044,26.01847518208083,152.0519927174491,-2.3830599734971876
-480.92113563700985,46.711910313624344,-414.22324624948226,-229.6940871514044,26.01847518208083,152.0519927174491,-2.3830599734971876
-480.92113563700985,46.711910313624344,-414.22324624948226,-229.6940871514044,26.01847518208083,152.0519927174491,-2.3830599734971876
-480.92113563700985,46.711910313624344,-414.22324624948226,-229.6940871514044,26.01847518208083,152.0519927174491,-2.3830599734971876
-480.92113563700985,46.711910313624344,-414.22324624948226,-229.6940871514044,26.01847518208083,152.0519927174491,-2.3830599734971876
-480.92113563700985,46.711910313624344,-414.22324624948226,-229.6940871514044,26.01847518208083,152.0519927174491,-2.3830599734971876
-480.92113563700985,46.711910313624344,-414.22324624948226,-229.6940871514044,26.01847518208083,152.0519927174491,-2.3830599734971876
-480.92113563700985,46.711910313624344,-414.22324624948226,-229.6940871514044,26.01847518208083,152.0519927174491,-2.3830599734971876
-480.92110866790597,46.71528351005746,-414.22376997359135,-229.69138842766097,26.01712026775366,152.0498668802669,-2.3843884600263148
-480.92110866790597,46.71528351005746,-414.22376997359135,-229.69138842766097,26.01712026775366,152.0498668802669,-2.3843884600263148
-480.92110866790597,46.71528351005746,-414.22376997359135,-229.69138842766097,26.01712026775366,152.0498668802669,-2.3843884600263148
-480.92110866790597,46.71528351005746,-414.22376997359135,-229.69138842766097,26.01712026775366,152.0498668802669,-2.3843884600263148
-480.92110866790597,46.71528351005746,-414.22376997359135,-229.69138842766097,26.01712026775366,152.0498668802669,-2.3843884600263148
-480.92110866790597,46.71528351005746,-414.22376997359135,-229.69138842766097,26.01712026775366,152.0498668802669,-2.3843884600263148
-480.92110866790597,46.71528351005746,-414.22376997359135,-229.69138842766097,26.01712026775366,152.0498668802669,-2.3843884600263148
-480.92110866790597,46.71528351005746,-414.22376997359135,-229.69138842766097,26.01712026775366,152.0498668802669,-2.3843884600263148
-480.92110866790597,46.71528351005746,-414.22376997359135,-229.69138842766097,26.01712026775366,152.0498668802669,-2.3843884600263148
-480.92110866790597,46.71528351005746,-414.22376997359135,-229.69138842766097,26.01712026775366,152.0498668802669,-2.3843884600263148
-480.9210840492999,46.718661374931834,-414.2242974521321,-229.68867952704812,26.015766130528124,152.04774016793206,-2.385718226299512
-480.9210840492999,46.718661374931834,-414.2242974521321,-229.68867952704812,26.015766130528124,152.04774016793206,-2.385718226299512
-480.9210840492999,46.718661374931834,-414.2242974521321,-229.68867952704812,26.015766130528124,152.04774016793206,-2.385718226299512
-480.9210840492999,46.718661374931834,-414.2242974521321,-229.68867952704812,26.015766130528124,152.04774016793206,-2.385718226299512
-480.9210840492999,46.718661374931834,-414.2242974521321,-229.68867952704812,26.015766130528124,152.04774016793206,-2.385718226299512
-480.9210840492999,46.718661374931834,-414.2242974521321,-229.68867952704812,26.015766130528124,152.04774016793206,-2.385718226299512
-480.9210840492999,46.718661374931834,-414.2242974521321,-229.68867952704812,26.015766130528124,152.04774016793206,-2.385718226299512
-480.9210840492999,46.718661374931834,-414.2242974521321,-229.68867952704812,26.015766130528124,152.04774016793206,-2.385718226299512
-480.9210840492999,46.718661374931834,-414.2242974521321,-229.68867952704812,26.015766130528124,152.04774016793206,-2.385718226299512
-480.9210840492999,46.718661374931834,-414.2242974521321,-229.68867952704812,26.015766130528124,152.04774016793206,-2.385718226299512
-480.921061297985,46.72204658556535,-414.2248289089635,-229.6859590999622,26.014411226981085,152.0456104928908,-2.3870506974889856
-480.921061297985,46.72204658556535,-414.2248289089635,-229.6859590999622,26.014411226981085,152.0456104928908,-2.3870506974889856
-480.921061297985,46.72204658556535,-414.2248289089635,-229.6859590999622,26.014411226981085,152.0456104928908,-2.3870506974889856
-480.921061297985,46.72204658556535,-414.2248289089635,-229.6859590999622,26.014411226981085,152.0456104928908,-2.3870506974889856
-480.921061297985,46.72204658556535,-414.2248289089635,-229.6859590999622,26.014411226981085,152.0456104928908,-2.3870506974889856
-480.921061297985,46.72204658556535,-414.2248289089635,-229.6859590999622,26.014411226981085,152.0456104928908,-2.3870506974889856
8.50699297365073,-284.72909565461504,-15.010658982051105,119.87656345244854,3.028797053912488,0.958853104300885,-0.0544476250583536
-28.50699297365073,-284.72909565461504,-15.010658982051105,119.87656345244854,3.028797053912488,0.958853104300885,-0.0544476250583536
-28.50699297365073,-284.72909565461504,-15.010658982051105,119.87656345244854,3.028797053912488,0.958853104300885,-0.0544476250583536
-28.50699297365073,-284.72909565461504,-15.010658982051105,119.87656345244854,3.028797053912488,0.958853104300885,-0.0544476250583536
-28.506391989110895,-284.7222321603782,-15.010485103793528,119.88621959601898,3.028674020011155,0.9588555312576724,-0.054488127958606455
-28.506391989110895,-284.7222321603782,-15.010485103793528,119.88621959601898,3.028674020011155,0.9588555312576724,-0.054488127958606455
-28.506391989110895,-284.7222321603782,-15.010485103793528,119.88621959601898,3.028674020011155,0.9588555312576724,-0.054488127958606455
-28.506391989110895,-284.7222321603782,-15.010485103793528,119.88621959601898,3.028674020011155,0.9588555312576724,-0.054488127958606455
-28.506391989110895,-284.7222321603782,-15.010485103793528,119.88621959601898,3.028674020011155,0.9588555312576724,-0.054488127958606455
-28.506391989110895,-284.7222321603782,-15.010485103793528,119.88621959601898,3.028674020011155,0.9588555312576724,-0.054488127958606455
-28.506391989110895,-284.7222321603782,-15.010485103793528,119.88621959601898,3.028674020011155,0.9588555312576724,-0.054488127958606455
-28.506391989110895,-284.7222321603782,-15.010485103793528,119.88621959601898,3.028674020011155,0.9588555312576724,-0.054488127958606455
-28.506391989110895,-284.7222321603782,-15.010485103793528,119.88621959601898,3.028674020011155,0.9588555312576724,-0.054488127958606455
-28.506391989110895,-284.7222321603782,-15.010485103793528,119.88621959601898,3.028674020011155,0.9588555312576724,-0.054488127958606455
-28.50579226970992,-284.71538548076296,-15.010311534548347,119.89584931471555,3.0285508433050445,0.958857940015468,-0.054523681718247
-28.50579226970992,-284.71538548076296,-15.010311534548347,119.89584931471555,3.0285508433050445,0.958857940015468,-0.054523681718247
-28.50579226970992,-284.71538548076296,-15.010311534548347,119.89584931471555,3.0285508433050445,0.958857940015468,-0.054523681718247
-28.50579226970992,-284.71538548076296,-15.010311534548347,119.89584931471555,3.0285508433050445,0.958857940015468,-0.054523681718247
-28.50579226970992,-284.71538548076296,-15.010311534548347,119.89584931471555,3.0285508433050445,0.958857940015468,-0.054523681718247
-28.50579226970992,-284.71538548076296,-15.010311534548347,119.89584931471555,3.0285508433050445,0.958857940015468,-0.054523681718247
-28.50579226970992,-284.71538548076296,-15.010311534548347,119.89584931471555,3.0285508433050445,0.958857940015468,-0.054523681718247
-28.50579226970992,-284.71538548076296,-15.010311534548347,119.89584931471555,3.0285508433050445,0.958857940015468,-0.054523681718247
-28.50579226970992,-284.71538548076296,-15.010311534548347,119.89584931471555,3.0285508433050445,0.958857940015468,-0.054523681718247
-28.50579226970992,-284.71538548076296,-15.010311534548347,119.89584931471555,3.0285508433050445,0.958857940015468,-0.054523681718247
-28.50519283125509,-284.7085459968789,-15.010137910626241,119.90547054039678,3.0284281774390536,0.9588603680027938,-0.05455490122534656
-28.50519283125509,-284.7085459968789,-15.010137910626241,119.90547054039678,3.0284281774390536,0.9588603680027938,-0.05455490122534656
-28.50519283125509,-284.7085459968789,-15.010137910626241,119.90547054039678,3.0284281774390536,0.9588603680027938,-0.05455490122534656
-28.50519283125509,-284.7085459968789,-15.010137910626241,119.90547054039678,3.0284281774390536,0.9588603680027938,-0.05455490122534656
-28.50519283125509,-284.7085459968789,-15.010137910626241,119.90547054039678,3.0284281774390536,0.9588603680027938,-0.05455490122534656
-28.50519283125509,-284.7085459968789,-15.010137910626241,119.90547054039678,3.0284281774390536,0.9588603680027938,-0.05455490122534656
-28.50519283125509,-284.7085459968789,-15.010137910626241,119.90547054039678,3.0284281774390536,0.9588603680027938,-0.05455490122534656
-28.50519283125509,-284.7085459968789,-15.010137910626241,119.90547054039678,3.0284281774390536,0.9588603680027938,-0.05455490122534656
-28.50519283125509,-284.7085459968789,-15.010137910626241,119.90547054039678,3.0284281774390536,0.9588603680027938,-0.05455490122534656
-28.50519283125509,-284.7085459968789,-15.010137910626241,119.90547054039678,3.0284281774390536,0.9588603680027938,-0.05455490122534656
-28.50459388798813,-284.7017149290814,-15.009964418807915,119.91507959593557,3.028305526017934,0.9588627846306764,-0.05458234846149026
-28.50459388798813,-284.7017149290814,-15.009964418807915,119.91507959593557,3.028305526017934,0.9588627846306764,-0.05458234846149026
-28.50459388798813,-284.7017149290814,-15.009964418807915,119.91507959593557,3.028305526017934,0.9588627846306764,-0.05458234846149026
-28.50459388798813,-284.7017149290814,-15.009964418807915,119.91507959593557,3.028305526017934,0.9588627846306764,-0.05458234846149026
-28.50459388798813,-284.7017149290814,-15.009964418807915,119.91507959593557,3.028305526017934,0.9588627846306764,-0.05458234846149026
-28.50459388798813,-284.7017149290814,-15.009964418807915,119.91507959593557,3.028305526017934,0.9588627846306764,-0.05458234846149026
-28.50459388798813,-284.7017149290814,-15.009964418807915,119.91507959593557,3.028305526017934,0.9588627846306764,-0.05458234846149026
-28.50459388798813,-284.7017149290814,-15.009964418807915,119.91507959593557,3.028305526017934,0.9588627846306764,-0.05458234846149026
-28.50459388798813,-284.7017149290814,-15.009964418807915,119.91507959593557,3.028305526017934,0.9588627846306764,-0.05458234846149026
-28.50459388798813,-284.7017149290814,-15.009964418807915,119.91507959593557,3.028305526017934,0.9588627846306764,-0.05458234846149026
-28.503995410283544,-284.69489206726416,-15.009790996209539,119.92467706957595,3.0281829759299494,0.9588652006110295,-0.054606462022538924
-28.503995410283544,-284.69489206726416,-15.009790996209539,119.92467706957595,3.0281829759299494,0.9588652006110295,-0.054606462022538924
-28.503995410283544,-284.69489206726416,-15.009790996209539,119.92467706957595,3.0281829759299494,0.9588652006110295,-0.054606462022538924
-28.503995410283544,-284.69489206726416,-15.009790996209539,119.92467706957595,3.0281829759299494,0.9588652006110295,-0.054606462022538924
-28.503995410283544,-284.69489206726416,-15.009790996209539,119.92467706957595,3.0281829759299494,0.9588652006110295,-0.054606462022538924
-28.503995410283544,-284.69489206726416,-15.009790996209539,119.92467706957595,3.0281829759299494,0.9588652006110295,-0.054606462022538924
-28.503995410283544,-284.69489206726416,-15.009790996209539,119.92467706957595,3.0281829759299494,0.9588652006110295,-0.054606462022538924
-28.503995410283544,-284.69489206726416,-15.009790996209539,119.92467706957595,3.0281829759299494,0.9588652006110295,-0.054606462022538924
-28.503995410283544,-284.69489206726416,-15.009790996209539,119.92467706957595,3.0281829759299494,0.9588652006110295,-0.054606462022538924
-28.503995410283544,-284.69489206726416,-15.009790996209539,119.92467706957595,3.0281829759299494,0.9588652006110295,-0.054606462022538924
-28.503397389260286,-284.6880774119539,-15.009617653604582,119.9342629228162,3.028060526394665,0.9588676154482321,-0.05462764580314037
-28.503397389260286,-284.6880774119539,-15.009617653604582,119.9342629228162,3.028060526394665,0.9588676154482321,-0.05462764580314037
-28.503397389260286,-284.6880774119539,-15.009617653604582,119.9342629228162,3.028060526394665,0.9588676154482321,-0.05462764580314037
-28.503397389260286,-284.6880774119539,-15.009617653604582,119.9342629228162,3.028060526394665,0.9588676154482321,-0.05462764580314037
-28.503397389260286,-284.6880774119539,-15.009617653604582,119.9342629228162,3.028060526394665,0.9588676154482321,-0.05462764580314037
-28.503397389260286,-284.6880774119539,-15.009617653604582,119.9342629228162,3.028060526394665,0.9588676154482321,-0.05462764580314037
