# vtk DataFile Version 5.1
vtk output
ASCII
DATASET UNSTRUCTURED_GRID
POINTS 4483 float
50.204 32.0539 0 51.0066 32.3764 0 51.8522 32.5587 0 
52.7164 32.5954 0 53.5745 32.4855 0 54.4016 32.2322 0 
55.174 31.8428 0 55.8694 31.3284 0 56.468 30.7039 0 
56.9524 29.9872 0 57.3087 29.199 0 57.5266 28.3619 0 
57.6 27.5 0 57.5266 26.6381 0 57.3087 25.801 0 
56.9524 25.0128 0 56.468 24.2961 0 55.8694 23.6716 0 
55.174 23.1572 0 54.4016 22.7678 0 53.5745 22.5145 0 
52.7164 22.4046 0 51.8522 22.4413 0 51.0066 22.6235 0 
50.204 22.9461 0 49.4674 23.3996 0 48.818 23.9711 0 
48.2746 24.6441 0 47.8527 25.3993 0 47.5646 26.2149 0 
47.4184 27.0675 0 47.4184 27.9325 0 47.5646 28.7851 0 
47.8527 29.6007 0 48.2746 30.3559 0 48.818 31.0289 0 
49.4674 31.6004 0 54.4016 72.7678 0 53.5745 72.5145 0 
52.7164 72.4046 0 51.8522 72.4413 0 51.0066 72.6236 0 
50.204 72.9461 0 49.4674 73.3996 0 48.818 73.9711 0 
48.2746 74.6441 0 47.8527 75.3993 0 47.5646 76.2149 0 
47.4184 77.0675 0 47.4184 77.9325 0 47.5646 78.7851 0 
47.8527 79.6007 0 48.2746 80.3559 0 48.818 81.0289 0 
49.4674 81.6004 0 50.204 82.0539 0 51.0066 82.3764 0 
51.8522 82.5587 0 52.7164 82.5954 0 53.5745 82.4855 0 
54.4016 82.2322 0 55.174 81.8428 0 55.8694 81.3284 0 
56.468 80.7039 0 56.9524 79.9872 0 57.3087 79.199 0 
57.5266 78.3619 0 57.6 77.5 0 57.5266 76.6381 0 
57.3087 75.801 0 56.9524 75.0128 0 56.468 74.2961 0 
55.8694 73.6716 0 55.174 73.1572 0 1.11007 41.761 0 
2.48664 36.534 0 4.39336 31.4762 0 6.81002 26.6412 0 
9.71101 22.0804 0 13.0656 17.842 0 16.8381 13.971 0 
20.9887 10.5084 0 25.4734 7.49098 0 30.2445 4.95063 0 
35.2515 2.91431 0 40.4414 1.40362 0 45.7591 0.434559 0 
51.1482 0.0174046 0 56.5517 0.156578 0 61.9122 0.850607 0 
67.173 2.09213 0 72.2782 3.86799 0 77.1738 6.15936 0 
81.8078 8.94196 0 86.1311 12.1863 0 90.098 15.8579 0 
93.6663 19.918 0 96.7982 24.3234 0 99.4606 29.0276 0 
101.625 33.9805 0 103.269 39.1298 0 104.375 44.4207 0 
104.93 49.7974 0 104.375 60.5793 0 103.269 65.8702 0 
101.625 71.0195 0 99.4606 75.9724 0 96.7982 80.6766 0 
93.6663 85.082 0 90.098 89.1421 0 86.1311 92.8137 0 
81.8078 96.058 0 77.1738 98.8406 0 72.2782 101.132 0 
67.173 102.908 0 61.9122 104.149 0 56.5517 104.843 0 
51.1482 104.983 0 45.7591 104.565 0 40.4414 103.596 0 
35.2515 102.086 0 30.2445 100.049 0 25.4734 97.509 0 
20.9887 94.4916 0 16.8381 91.029 0 13.0656 87.158 0 
9.71101 82.9196 0 6.81002 78.3588 0 4.39336 73.5238 0 
2.48664 68.466 0 1.11007 63.239 0 0.278253 57.8981 0 
0.278253 47.1019 0 0 52.5 0 104.93 55.2026 0 
105 52.5 0 55.174 31.8428 15 54.4016 32.2322 15 
53.5745 32.4855 15 52.7164 32.5954 15 51.8522 32.5587 15 
51.0066 32.3764 15 50.204 32.0539 15 49.4674 31.6004 15 
48.818 31.0289 15 48.2746 30.3559 15 47.8527 29.6007 15 
47.5646 28.7851 15 47.4184 27.9325 15 47.4184 27.0675 15 
47.5646 26.2149 15 47.8527 25.3993 15 48.2746 24.6441 15 
48.818 23.9711 15 49.4674 23.3996 15 50.204 22.9461 15 
51.0066 22.6235 15 51.8522 22.4413 15 52.7164 22.4046 15 
53.5745 22.5145 15 54.4016 22.7678 15 55.174 23.1572 15 
55.8694 23.6716 15 56.468 24.2961 15 56.9524 25.0128 15 
57.3087 25.801 15 57.5266 26.6381 15 57.6 27.5 15 
57.5266 28.3619 15 57.3087 29.199 15 56.9524 29.9872 15 
56.468 30.7039 15 55.8694 31.3284 15 56.9524 79.9872 15 
56.468 80.7039 15 55.8694 81.3284 15 55.174 81.8428 15 
54.4016 82.2322 15 53.5745 82.4855 15 52.7164 82.5954 15 
51.8522 82.5587 15 51.0066 82.3764 15 50.204 82.0539 15 
49.4674 81.6004 15 48.818 81.0289 15 48.2746 80.3559 15 
47.8527 79.6007 15 47.5646 78.7851 15 47.4184 77.9325 15 
47.4184 77.0675 15 47.5646 76.2149 15 47.8527 75.3993 15 
48.2746 74.6441 15 48.818 73.9711 15 49.4674 73.3996 15 
50.204 72.9461 15 51.0066 72.6236 15 51.8522 72.4413 15 
52.7164 72.4046 15 53.5745 72.5145 15 54.4016 72.7678 15 
55.174 73.1572 15 55.8694 73.6716 15 56.468 74.2961 15 
56.9524 75.0128 15 57.3087 75.801 15 57.5266 76.6381 15 
57.6 77.5 15 57.5266 78.3619 15 57.3087 79.199 15 
90.098 89.1421 15 93.6663 85.082 15 96.7982 80.6766 15 
99.4606 75.9724 15 101.625 71.0195 15 103.269 65.8702 15 
104.375 60.5793 15 104.93 55.2026 15 105 52.5 15 
104.93 49.7974 15 104.375 44.4207 15 103.269 39.1298 15 
101.625 33.9805 15 99.4606 29.0276 15 96.7982 24.3234 15 
93.6663 19.918 15 90.098 15.8579 15 86.1311 12.1863 15 
81.8078 8.94196 15 77.1738 6.15936 15 72.2782 3.86799 15 
67.173 2.09213 15 61.9122 0.850607 15 56.5517 0.156578 15 
51.1482 0.0174046 15 45.7591 0.434559 15 40.4414 1.40362 15 
35.2515 2.91431 15 30.2445 4.95063 15 25.4734 7.49098 15 
20.9887 10.5084 15 16.8381 13.971 15 13.0656 17.842 15 
9.71101 22.0804 15 6.81002 26.6412 15 4.39336 31.4762 15 
2.48664 36.534 15 1.11007 41.761 15 0.278253 47.1019 15 
0 52.5 15 0.278253 57.8981 15 1.11007 63.239 15 
2.48664 68.466 15 4.39336 73.5238 15 6.81002 78.3588 15 
9.71101 82.9196 15 13.0656 87.158 15 16.8381 91.029 15 
20.9887 94.4916 15 25.4734 97.509 15 30.2445 100.049 15 
35.2515 102.086 15 40.4414 103.596 15 45.7591 104.565 15 
51.1482 104.983 15 56.5517 104.843 15 61.9122 104.149 15 
67.173 102.908 15 72.2782 101.132 15 77.1738 98.8406 15 
86.1311 92.8137 15 81.8078 96.058 15 57.5266 76.6381 14.145 
57.5266 76.6381 13.29 57.5266 76.6381 12.45 57.5266 76.6381 11.595 
57.5266 76.6381 10.74 57.5266 76.6381 9.9 57.5266 76.6381 9.045 
57.5266 76.6381 7.905 57.5266 76.6381 7.05 57.5266 76.6381 6.21 
57.5266 76.6381 5.355 57.5266 76.6381 4.5 57.5266 76.6381 3.66 
57.5266 76.6381 2.805 57.5266 76.6381 1.95 57.5266 76.6381 1.11 
57.6 77.5 1.14 57.6 77.5 1.995 57.6 77.5 2.835 
57.6 77.5 3.69 57.6 77.5 4.53 57.6 77.5 5.385 
57.6 77.5 6.24 57.6 77.5 7.08 57.6 77.5 7.935 
57.6 77.5 9.06 57.6 77.5 9.915 57.6 77.5 10.77 
57.6 77.5 11.61 57.6 77.5 12.465 57.6 77.5 13.305 
57.6 77.5 14.16 57.3087 75.801 14.145 57.3087 75.801 13.29 
57.3087 75.801 12.435 57.3087 75.801 11.595 57.3087 75.801 10.74 
57.3087 75.801 9.885 57.3087 75.801 9.03 57.3087 75.801 7.92 
57.3087 75.801 7.065 57.3087 75.801 6.21 57.3087 75.801 5.37 
57.3087 75.801 4.515 57.3087 75.801 3.66 57.3087 75.801 2.805 
57.3087 75.801 1.965 57.3087 75.801 1.11 56.9524 75.0128 14.145 
56.9524 75.0128 13.29 56.9524 75.0128 12.435 56.9524 75.0128 11.595 
56.9524 75.0128 10.74 56.9524 75.0128 9.885 56.9524 75.0128 9.03 
56.9524 75.0128 7.92 56.9524 75.0128 7.065 56.9524 75.0128 6.21 
56.9524 75.0128 5.37 56.9524 75.0128 4.515 56.9524 75.0128 3.66 
56.9524 75.0128 2.805 56.9524 75.0128 1.965 56.9524 75.0128 1.11 
56.468 74.2961 14.145 56.468 74.2961 13.29 56.468 74.2961 12.435 
56.468 74.2961 11.595 56.468 74.2961 10.74 56.468 74.2961 9.885 
56.468 74.2961 9.03 56.468 74.2961 7.92 56.468 74.2961 7.065 
56.468 74.2961 6.21 56.468 74.2961 5.37 56.468 74.2961 4.515 
56.468 74.2961 3.66 56.468 74.2961 2.805 56.468 74.2961 1.965 
56.468 74.2961 1.11 55.8694 73.6716 14.145 55.8694 73.6716 13.29 
55.8694 73.6716 12.435 55.8694 73.6716 11.595 55.8694 73.6716 10.74 
55.8694 73.6716 9.885 55.8694 73.6716 9.03 55.8694 73.6716 7.92 
55.8694 73.6716 7.065 55.8694 73.6716 6.21 55.8694 73.6716 5.37 
55.8694 73.6716 4.515 55.8694 73.6716 3.66 55.8694 73.6716 2.805 
55.8694 73.6716 1.965 55.8694 73.6716 1.11 55.174 73.1572 14.145 
55.174 73.1572 13.29 55.174 73.1572 12.435 55.174 73.1572 11.595 
55.174 73.1572 10.74 55.174 73.1572 9.885 55.174 73.1572 9.03 
55.174 73.1572 7.92 55.174 73.1572 7.065 55.174 73.1572 6.21 
55.174 73.1572 5.37 55.174 73.1572 4.515 55.174 73.1572 3.66 
55.174 73.1572 2.805 55.174 73.1572 1.965 55.174 73.1572 1.11 
54.4016 72.7678 14.145 54.4016 72.7678 13.29 54.4016 72.7678 12.435 
54.4016 72.7678 11.595 54.4016 72.7678 10.74 54.4016 72.7678 9.885 
54.4016 72.7678 9.03 54.4016 72.7678 7.92 54.4016 72.7678 7.065 
54.4016 72.7678 6.21 54.4016 72.7678 5.37 54.4016 72.7678 4.515 
54.4016 72.7678 3.66 54.4016 72.7678 2.805 54.4016 72.7678 1.965 
54.4016 72.7678 1.11 53.5745 72.5145 14.145 53.5745 72.5145 13.29 
53.5745 72.5145 12.435 53.5745 72.5145 11.595 53.5745 72.5145 10.74 
53.5745 72.5145 9.885 53.5745 72.5145 9.03 53.5745 72.5145 7.92 
53.5745 72.5145 7.065 53.5745 72.5145 6.21 53.5745 72.5145 5.37 
53.5745 72.5145 4.515 53.5745 72.5145 3.66 53.5745 72.5145 2.805 
53.5745 72.5145 1.965 53.5745 72.5145 1.11 52.7164 72.4046 14.145 
52.7164 72.4046 13.29 52.7164 72.4046 12.435 52.7164 72.4046 11.595 
52.7164 72.4046 10.74 52.7164 72.4046 9.885 52.7164 72.4046 9.03 
52.7164 72.4046 7.92 52.7164 72.4046 7.065 52.7164 72.4046 6.21 
52.7164 72.4046 5.37 52.7164 72.4046 4.515 52.7164 72.4046 3.66 
52.7164 72.4046 2.805 52.7164 72.4046 1.965 52.7164 72.4046 1.11 
51.8522 72.4413 14.145 51.8522 72.4413 13.29 51.8522 72.4413 12.435 
51.8522 72.4413 11.595 51.8522 72.4413 10.74 51.8522 72.4413 9.885 
51.8522 72.4413 9.03 51.8522 72.4413 7.92 51.8522 72.4413 7.065 
51.8522 72.4413 6.21 51.8522 72.4413 5.37 51.8522 72.4413 4.515 
51.8522 72.4413 3.66 51.8522 72.4413 2.805 51.8522 72.4413 1.965 
51.8522 72.4413 1.11 51.0066 72.6236 14.145 51.0066 72.6236 13.29 
51.0066 72.6236 12.435 51.0066 72.6236 11.595 51.0066 72.6236 10.74 
51.0066 72.6236 9.885 51.0066 72.6236 9.03 51.0066 72.6236 7.92 
51.0066 72.6236 7.065 51.0066 72.6236 6.21 51.0066 72.6236 5.37 
51.0066 72.6236 4.515 51.0066 72.6236 3.66 51.0066 72.6236 2.805 
51.0066 72.6236 1.965 51.0066 72.6236 1.11 50.204 72.9461 14.145 
50.204 72.9461 13.29 50.204 72.9461 12.435 50.204 72.9461 11.595 
50.204 72.9461 10.74 50.204 72.9461 9.885 50.204 72.9461 9.03 
50.204 72.9461 7.92 50.204 72.9461 7.065 50.204 72.9461 6.21 
50.204 72.9461 5.37 50.204 72.9461 4.515 50.204 72.9461 3.66 
50.204 72.9461 2.805 50.204 72.9461 1.965 50.204 72.9461 1.11 
49.4674 73.3996 14.145 49.4674 73.3996 13.29 49.4674 73.3996 12.435 
49.4674 73.3996 11.595 49.4674 73.3996 10.74 49.4674 73.3996 9.885 
49.4674 73.3996 9.03 49.4674 73.3996 7.92 49.4674 73.3996 7.065 
49.4674 73.3996 6.21 49.4674 73.3996 5.37 49.4674 73.3996 4.515 
49.4674 73.3996 3.66 49.4674 73.3996 2.805 49.4674 73.3996 1.965 
49.4674 73.3996 1.11 48.818 73.9711 14.145 48.818 73.9711 13.29 
48.818 73.9711 12.435 48.818 73.9711 11.595 48.818 73.9711 10.74 
48.818 73.9711 9.885 48.818 73.9711 9.03 48.818 73.9711 7.92 
48.818 73.9711 7.065 48.818 73.9711 6.21 48.818 73.9711 5.37 
48.818 73.9711 4.515 48.818 73.9711 3.66 48.818 73.9711 2.805 
48.818 73.9711 1.965 48.818 73.9711 1.11 48.2746 74.6441 14.145 
48.2746 74.6441 13.29 48.2746 74.6441 12.435 48.2746 74.6441 11.595 
48.2746 74.6441 10.74 48.2746 74.6441 9.885 48.2746 74.6441 9.03 
48.2746 74.6441 7.92 48.2746 74.6441 7.065 48.2746 74.6441 6.21 
48.2746 74.6441 5.37 48.2746 74.6441 4.515 48.2746 74.6441 3.66 
48.2746 74.6441 2.805 48.2746 74.6441 1.965 48.2746 74.6441 1.11 
47.8527 75.3993 14.145 47.8527 75.3993 13.29 47.8527 75.3993 12.435 
47.8527 75.3993 11.595 47.8527 75.3993 10.74 47.8527 75.3993 9.885 
47.8527 75.3993 9.03 47.8527 75.3993 7.92 47.8527 75.3993 7.065 
47.8527 75.3993 6.21 47.8527 75.3993 5.37 47.8527 75.3993 4.515 
47.8527 75.3993 3.66 47.8527 75.3993 2.805 47.8527 75.3993 1.965 
47.8527 75.3993 1.11 47.5646 76.2149 14.145 47.5646 76.2149 13.29 
47.5646 76.2149 12.435 47.5646 76.2149 11.595 47.5646 76.2149 10.74 
47.5646 76.2149 9.885 47.5646 76.2149 9.03 47.5646 76.2149 7.92 
47.5646 76.2149 7.065 47.5646 76.2149 6.21 47.5646 76.2149 5.37 
47.5646 76.2149 4.515 47.5646 76.2149 3.66 47.5646 76.2149 2.805 
47.5646 76.2149 1.965 47.5646 76.2149 1.11 47.4184 77.0675 14.145 
47.4184 77.0675 13.29 47.4184 77.0675 12.435 47.4184 77.0675 11.595 
47.4184 77.0675 10.74 47.4184 77.0675 9.885 47.4184 77.0675 9.03 
47.4184 77.0675 7.92 47.4184 77.0675 7.065 47.4184 77.0675 6.21 
47.4184 77.0675 5.37 47.4184 77.0675 4.515 47.4184 77.0675 3.66 
47.4184 77.0675 2.805 47.4184 77.0675 1.965 47.4184 77.0675 1.11 
47.5646 78.7851 14.145 47.5646 78.7851 13.29 47.5646 78.7851 12.45 
47.5646 78.7851 11.595 47.5646 78.7851 10.74 47.5646 78.7851 9.9 
47.5646 78.7851 9.045 47.5646 78.7851 7.905 47.5646 78.7851 7.05 
47.5646 78.7851 6.21 47.5646 78.7851 5.355 47.5646 78.7851 4.5 
47.5646 78.7851 3.66 47.5646 78.7851 2.805 47.5646 78.7851 1.95 
47.5646 78.7851 1.11 47.4184 77.9325 1.14 47.4184 77.9325 1.995 
47.4184 77.9325 2.835 47.4184 77.9325 3.69 47.4184 77.9325 4.53 
47.4184 77.9325 5.385 47.4184 77.9325 6.24 47.4184 77.9325 7.08 
47.4184 77.9325 7.935 47.4184 77.9325 9.06 47.4184 77.9325 9.915 
47.4184 77.9325 10.77 47.4184 77.9325 11.61 47.4184 77.9325 12.465 
47.4184 77.9325 13.305 47.4184 77.9325 14.16 47.8527 79.6007 14.145 
47.8527 79.6007 13.29 47.8527 79.6007 12.435 47.8527 79.6007 11.595 
47.8527 79.6007 10.74 47.8527 79.6007 9.885 47.8527 79.6007 9.03 
47.8527 79.6007 7.92 47.8527 79.6007 7.065 47.8527 79.6007 6.21 
47.8527 79.6007 5.37 47.8527 79.6007 4.515 47.8527 79.6007 3.66 
47.8527 79.6007 2.805 47.8527 79.6007 1.965 47.8527 79.6007 1.11 
48.2746 80.3559 14.145 48.2746 80.3559 13.29 48.2746 80.3559 12.435 
48.2746 80.3559 11.595 48.2746 80.3559 10.74 48.2746 80.3559 9.885 
48.2746 80.3559 9.03 48.2746 80.3559 7.92 48.2746 80.3559 7.065 
48.2746 80.3559 6.21 48.2746 80.3559 5.37 48.2746 80.3559 4.515 
48.2746 80.3559 3.66 48.2746 80.3559 2.805 48.2746 80.3559 1.965 
48.2746 80.3559 1.11 48.818 81.0289 14.145 48.818 81.0289 13.29 
48.818 81.0289 12.435 48.818 81.0289 11.595 48.818 81.0289 10.74 
48.818 81.0289 9.885 48.818 81.0289 9.03 48.818 81.0289 7.92 
48.818 81.0289 7.065 48.818 81.0289 6.21 48.818 81.0289 5.37 
48.818 81.0289 4.515 48.818 81.0289 3.66 48.818 81.0289 2.805 
48.818 81.0289 1.965 48.818 81.0289 1.11 49.4674 81.6004 14.145 
49.4674 81.6004 13.29 49.4674 81.6004 12.435 49.4674 81.6004 11.595 
49.4674 81.6004 10.74 49.4674 81.6004 9.885 49.4674 81.6004 9.03 
49.4674 81.6004 7.92 49.4674 81.6004 7.065 49.4674 81.6004 6.21 
49.4674 81.6004 5.37 49.4674 81.6004 4.515 49.4674 81.6004 3.66 
49.4674 81.6004 2.805 49.4674 81.6004 1.965 49.4674 81.6004 1.11 
50.204 82.0539 14.145 50.204 82.0539 13.29 50.204 82.0539 12.435 
50.204 82.0539 11.595 50.204 82.0539 10.74 50.204 82.0539 9.885 
50.204 82.0539 9.03 50.204 82.0539 7.92 50.204 82.0539 7.065 
50.204 82.0539 6.21 50.204 82.0539 5.37 50.204 82.0539 4.515 
50.204 82.0539 3.66 50.204 82.0539 2.805 50.204 82.0539 1.965 
50.204 82.0539 1.11 51.0066 82.3764 14.145 51.0066 82.3764 13.29 
51.0066 82.3764 12.435 51.0066 82.3764 11.595 51.0066 82.3764 10.74 
51.0066 82.3764 9.885 51.0066 82.3764 9.03 51.0066 82.3764 7.92 
51.0066 82.3764 7.065 51.0066 82.3764 6.21 51.0066 82.3764 5.37 
51.0066 82.3764 4.515 51.0066 82.3764 3.66 51.0066 82.3764 2.805 
51.0066 82.3764 1.965 51.0066 82.3764 1.11 51.8522 82.5587 14.145 
51.8522 82.5587 13.29 51.8522 82.5587 12.435 51.8522 82.5587 11.595 
51.8522 82.5587 10.74 51.8522 82.5587 9.885 51.8522 82.5587 9.03 
51.8522 82.5587 7.92 51.8522 82.5587 7.065 51.8522 82.5587 6.21 
51.8522 82.5587 5.37 51.8522 82.5587 4.515 51.8522 82.5587 3.66 
51.8522 82.5587 2.805 51.8522 82.5587 1.965 51.8522 82.5587 1.11 
52.7164 82.5954 14.145 52.7164 82.5954 13.29 52.7164 82.5954 12.435 
52.7164 82.5954 11.595 52.7164 82.5954 10.74 52.7164 82.5954 9.885 
52.7164 82.5954 9.03 52.7164 82.5954 7.92 52.7164 82.5954 7.065 
52.7164 82.5954 6.21 52.7164 82.5954 5.37 52.7164 82.5954 4.515 
52.7164 82.5954 3.66 52.7164 82.5954 2.805 52.7164 82.5954 1.965 
52.7164 82.5954 1.11 53.5745 82.4855 14.145 53.5745 82.4855 13.29 
53.5745 82.4855 12.435 53.5745 82.4855 11.595 53.5745 82.4855 10.74 
53.5745 82.4855 9.885 53.5745 82.4855 9.03 53.5745 82.4855 7.92 
53.5745 82.4855 7.065 53.5745 82.4855 6.21 53.5745 82.4855 5.37 
53.5745 82.4855 4.515 53.5745 82.4855 3.66 53.5745 82.4855 2.805 
53.5745 82.4855 1.965 53.5745 82.4855 1.11 54.4016 82.2322 14.145 
54.4016 82.2322 13.29 54.4016 82.2322 12.435 54.4016 82.2322 11.595 
54.4016 82.2322 10.74 54.4016 82.2322 9.885 54.4016 82.2322 9.03 
54.4016 82.2322 7.92 54.4016 82.2322 7.065 54.4016 82.2322 6.21 
54.4016 82.2322 5.37 54.4016 82.2322 4.515 54.4016 82.2322 3.66 
54.4016 82.2322 2.805 54.4016 82.2322 1.965 54.4016 82.2322 1.11 
55.174 81.8428 14.145 55.174 81.8428 13.29 55.174 81.8428 12.435 
55.174 81.8428 11.595 55.174 81.8428 10.74 55.174 81.8428 9.885 
55.174 81.8428 9.03 55.174 81.8428 7.92 55.174 81.8428 7.065 
55.174 81.8428 6.21 55.174 81.8428 5.37 55.174 81.8428 4.515 
55.174 81.8428 3.66 55.174 81.8428 2.805 55.174 81.8428 1.965 
55.174 81.8428 1.11 55.8694 81.3284 14.145 55.8694 81.3284 13.29 
55.8694 81.3284 12.435 55.8694 81.3284 11.595 55.8694 81.3284 10.74 
55.8694 81.3284 9.885 55.8694 81.3284 9.03 55.8694 81.3284 7.92 
55.8694 81.3284 7.065 55.8694 81.3284 6.21 55.8694 81.3284 5.37 
55.8694 81.3284 4.515 55.8694 81.3284 3.66 55.8694 81.3284 2.805 
55.8694 81.3284 1.965 55.8694 81.3284 1.11 56.468 80.7039 14.145 
56.468 80.7039 13.29 56.468 80.7039 12.435 56.468 80.7039 11.595 
56.468 80.7039 10.74 56.468 80.7039 9.885 56.468 80.7039 9.03 
56.468 80.7039 7.92 56.468 80.7039 7.065 56.468 80.7039 6.21 
56.468 80.7039 5.37 56.468 80.7039 4.515 56.468 80.7039 3.66 
56.468 80.7039 2.805 56.468 80.7039 1.965 56.468 80.7039 1.11 
56.9524 79.9872 14.145 56.9524 79.9872 13.29 56.9524 79.9872 12.435 
56.9524 79.9872 11.595 56.9524 79.9872 10.74 56.9524 79.9872 9.885 
56.9524 79.9872 9.03 56.9524 79.9872 7.92 56.9524 79.9872 7.065 
56.9524 79.9872 6.21 56.9524 79.9872 5.37 56.9524 79.9872 4.515 
56.9524 79.9872 3.66 56.9524 79.9872 2.805 56.9524 79.9872 1.965 
56.9524 79.9872 1.11 57.3087 79.199 14.145 57.3087 79.199 13.29 
57.3087 79.199 12.435 57.3087 79.199 11.595 57.3087 79.199 10.74 
57.3087 79.199 9.885 57.3087 79.199 9.03 57.3087 79.199 7.92 
57.3087 79.199 7.065 57.3087 79.199 6.21 57.3087 79.199 5.37 
57.3087 79.199 4.515 57.3087 79.199 3.66 57.3087 79.199 2.805 
57.3087 79.199 1.965 57.3087 79.199 1.11 57.5266 78.3619 14.145 
57.5266 78.3619 13.29 57.5266 78.3619 12.435 57.5266 78.3619 11.595 
57.5266 78.3619 10.74 57.5266 78.3619 9.885 57.5266 78.3619 9.03 
57.5266 78.3619 7.92 57.5266 78.3619 7.065 57.5266 78.3619 6.21 
57.5266 78.3619 5.37 57.5266 78.3619 4.515 57.5266 78.3619 3.66 
57.5266 78.3619 2.805 57.5266 78.3619 1.965 57.5266 78.3619 1.11 
57.6 27.5 1.125 57.6 27.5 1.98 57.6 27.5 2.82 
57.6 27.5 3.675 57.6 27.5 4.53 57.6 27.5 5.385 
57.6 27.5 6.225 57.6 27.5 7.08 57.6 27.5 7.935 
57.6 27.5 9.045 57.6 27.5 9.9 57.6 27.5 10.755 
57.6 27.5 11.61 57.6 27.5 12.45 57.6 27.5 13.305 
57.6 27.5 14.16 57.5266 26.6381 14.145 57.5266 26.6381 13.29 
57.5266 26.6381 12.45 57.5266 26.6381 11.595 57.5266 26.6381 10.74 
57.5266 26.6381 9.9 57.5266 26.6381 9.045 57.5266 26.6381 7.905 
57.5266 26.6381 7.05 57.5266 26.6381 6.21 57.5266 26.6381 5.355 
57.5266 26.6381 4.5 57.5266 26.6381 3.66 57.5266 26.6381 2.805 
57.5266 26.6381 1.95 57.5266 26.6381 1.11 57.3087 25.801 14.145 
57.3087 25.801 13.29 57.3087 25.801 12.435 57.3087 25.801 11.595 
57.3087 25.801 10.74 57.3087 25.801 9.885 57.3087 25.801 9.03 
57.3087 25.801 7.92 57.3087 25.801 7.065 57.3087 25.801 6.21 
57.3087 25.801 5.37 57.3087 25.801 4.515 57.3087 25.801 3.66 
57.3087 25.801 2.805 57.3087 25.801 1.965 57.3087 25.801 1.11 
56.9524 25.0128 14.145 56.9524 25.0128 13.29 56.9524 25.0128 12.435 
56.9524 25.0128 11.595 56.9524 25.0128 10.74 56.9524 25.0128 9.885 
56.9524 25.0128 9.03 56.9524 25.0128 7.92 56.9524 25.0128 7.065 
56.9524 25.0128 6.21 56.9524 25.0128 5.37 56.9524 25.0128 4.515 
56.9524 25.0128 3.66 56.9524 25.0128 2.805 56.9524 25.0128 1.965 
56.9524 25.0128 1.11 56.468 24.2961 14.145 56.468 24.2961 13.29 
56.468 24.2961 12.435 56.468 24.2961 11.595 56.468 24.2961 10.74 
56.468 24.2961 9.885 56.468 24.2961 9.03 56.468 24.2961 7.92 
56.468 24.2961 7.065 56.468 24.2961 6.21 56.468 24.2961 5.37 
56.468 24.2961 4.515 56.468 24.2961 3.66 56.468 24.2961 2.805 
56.468 24.2961 1.965 56.468 24.2961 1.11 55.8694 23.6716 14.145 
55.8694 23.6716 13.29 55.8694 23.6716 12.435 55.8694 23.6716 11.595 
55.8694 23.6716 10.74 55.8694 23.6716 9.885 55.8694 23.6716 9.03 
55.8694 23.6716 7.92 55.8694 23.6716 7.065 55.8694 23.6716 6.21 
55.8694 23.6716 5.37 55.8694 23.6716 4.515 55.8694 23.6716 3.66 
55.8694 23.6716 2.805 55.8694 23.6716 1.965 55.8694 23.6716 1.11 
55.174 23.1572 14.145 55.174 23.1572 13.29 55.174 23.1572 12.435 
55.174 23.1572 11.595 55.174 23.1572 10.74 55.174 23.1572 9.885 
55.174 23.1572 9.03 55.174 23.1572 7.92 55.174 23.1572 7.065 
55.174 23.1572 6.21 55.174 23.1572 5.37 55.174 23.1572 4.515 
55.174 23.1572 3.66 55.174 23.1572 2.805 55.174 23.1572 1.965 
55.174 23.1572 1.11 54.4016 22.7678 14.145 54.4016 22.7678 13.29 
54.4016 22.7678 12.435 54.4016 22.7678 11.595 54.4016 22.7678 10.74 
54.4016 22.7678 9.885 54.4016 22.7678 9.03 54.4016 22.7678 7.92 
54.4016 22.7678 7.065 54.4016 22.7678 6.21 54.4016 22.7678 5.37 
54.4016 22.7678 4.515 54.4016 22.7678 3.66 54.4016 22.7678 2.805 
54.4016 22.7678 1.965 54.4016 22.7678 1.11 53.5745 22.5145 14.145 
53.5745 22.5145 13.29 53.5745 22.5145 12.435 53.5745 22.5145 11.595 
53.5745 22.5145 10.74 53.5745 22.5145 9.885 53.5745 22.5145 9.03 
53.5745 22.5145 7.92 53.5745 22.5145 7.065 53.5745 22.5145 6.21 
53.5745 22.5145 5.37 53.5745 22.5145 4.515 53.5745 22.5145 3.66 
53.5745 22.5145 2.805 53.5745 22.5145 1.965 53.5745 22.5145 1.11 
52.7164 22.4046 14.145 52.7164 22.4046 13.29 52.7164 22.4046 12.435 
52.7164 22.4046 11.595 52.7164 22.4046 10.74 52.7164 22.4046 9.885 
52.7164 22.4046 9.03 52.7164 22.4046 7.92 52.7164 22.4046 7.065 
52.7164 22.4046 6.21 52.7164 22.4046 5.37 52.7164 22.4046 4.515 
52.7164 22.4046 3.66 52.7164 22.4046 2.805 52.7164 22.4046 1.965 
52.7164 22.4046 1.11 51.8522 22.4413 14.145 51.8522 22.4413 13.29 
51.8522 22.4413 12.435 51.8522 22.4413 11.595 51.8522 22.4413 10.74 
51.8522 22.4413 9.885 51.8522 22.4413 9.03 51.8522 22.4413 7.92 
51.8522 22.4413 7.065 51.8522 22.4413 6.21 51.8522 22.4413 5.37 
51.8522 22.4413 4.515 51.8522 22.4413 3.66 51.8522 22.4413 2.805 
51.8522 22.4413 1.965 51.8522 22.4413 1.11 51.0066 22.6235 14.145 
51.0066 22.6235 13.29 51.0066 22.6235 12.435 51.0066 22.6235 11.595 
51.0066 22.6235 10.74 51.0066 22.6235 9.885 51.0066 22.6235 9.03 
51.0066 22.6235 7.92 51.0066 22.6235 7.065 51.0066 22.6235 6.21 
51.0066 22.6235 5.37 51.0066 22.6235 4.515 51.0066 22.6235 3.66 
51.0066 22.6235 2.805 51.0066 22.6235 1.965 51.0066 22.6235 1.11 
50.204 22.9461 14.145 50.204 22.9461 13.29 50.204 22.9461 12.435 
50.204 22.9461 11.595 50.204 22.9461 10.74 50.204 22.9461 9.885 
50.204 22.9461 9.03 50.204 22.9461 7.92 50.204 22.9461 7.065 
50.204 22.9461 6.21 50.204 22.9461 5.37 50.204 22.9461 4.515 
50.204 22.9461 3.66 50.204 22.9461 2.805 50.204 22.9461 1.965 
50.204 22.9461 1.11 49.4674 23.3996 14.145 49.4674 23.3996 13.29 
49.4674 23.3996 12.435 49.4674 23.3996 11.595 49.4674 23.3996 10.74 
49.4674 23.3996 9.885 49.4674 23.3996 9.03 49.4674 23.3996 7.92 
49.4674 23.3996 7.065 49.4674 23.3996 6.21 49.4674 23.3996 5.37 
49.4674 23.3996 4.515 49.4674 23.3996 3.66 49.4674 23.3996 2.805 
49.4674 23.3996 1.965 49.4674 23.3996 1.11 48.818 23.9711 14.145 
48.818 23.9711 13.29 48.818 23.9711 12.435 48.818 23.9711 11.595 
48.818 23.9711 10.74 48.818 23.9711 9.885 48.818 23.9711 9.03 
48.818 23.9711 7.92 48.818 23.9711 7.065 48.818 23.9711 6.21 
48.818 23.9711 5.37 48.818 23.9711 4.515 48.818 23.9711 3.66 
48.818 23.9711 2.805 48.818 23.9711 1.965 48.818 23.9711 1.11 
48.2746 24.6441 14.145 48.2746 24.6441 13.29 48.2746 24.6441 12.435 
48.2746 24.6441 11.595 48.2746 24.6441 10.74 48.2746 24.6441 9.885 
48.2746 24.6441 9.03 48.2746 24.6441 7.92 48.2746 24.6441 7.065 
48.2746 24.6441 6.21 48.2746 24.6441 5.37 48.2746 24.6441 4.515 
48.2746 24.6441 3.66 48.2746 24.6441 2.805 48.2746 24.6441 1.965 
48.2746 24.6441 1.11 47.8527 25.3993 14.145 47.8527 25.3993 13.29 
47.8527 25.3993 12.435 47.8527 25.3993 11.595 47.8527 25.3993 10.74 
47.8527 25.3993 9.885 47.8527 25.3993 9.03 47.8527 25.3993 7.92 
47.8527 25.3993 7.065 47.8527 25.3993 6.21 47.8527 25.3993 5.37 
47.8527 25.3993 4.515 47.8527 25.3993 3.66 47.8527 25.3993 2.805 
47.8527 25.3993 1.965 47.8527 25.3993 1.11 47.5646 26.2149 14.145 
47.5646 26.2149 13.29 47.5646 26.2149 12.435 47.5646 26.2149 11.595 
47.5646 26.2149 10.74 47.5646 26.2149 9.885 47.5646 26.2149 9.03 
47.5646 26.2149 7.92 47.5646 26.2149 7.065 47.5646 26.2149 6.21 
47.5646 26.2149 5.37 47.5646 26.2149 4.515 47.5646 26.2149 3.66 
47.5646 26.2149 2.805 47.5646 26.2149 1.965 47.5646 26.2149 1.11 
47.4184 27.0675 14.145 47.4184 27.0675 13.29 47.4184 27.0675 12.435 
47.4184 27.0675 11.595 47.4184 27.0675 10.74 47.4184 27.0675 9.885 
47.4184 27.0675 9.03 47.4184 27.0675 7.92 47.4184 27.0675 7.065 
47.4184 27.0675 6.21 47.4184 27.0675 5.37 47.4184 27.0675 4.515 
47.4184 27.0675 3.66 47.4184 27.0675 2.805 47.4184 27.0675 1.965 
47.4184 27.0675 1.11 47.4184 27.9325 14.145 47.4184 27.9325 13.29 
47.4184 27.9325 12.435 47.4184 27.9325 11.595 47.4184 27.9325 10.74 
47.4184 27.9325 9.885 47.4184 27.9325 9.03 47.4184 27.9325 7.92 
47.4184 27.9325 7.065 47.4184 27.9325 6.21 47.4184 27.9325 5.37 
47.4184 27.9325 4.515 47.4184 27.9325 3.66 47.4184 27.9325 2.805 
47.4184 27.9325 1.965 47.4184 27.9325 1.11 47.5646 28.7851 14.145 
47.5646 28.7851 13.29 47.5646 28.7851 12.435 47.5646 28.7851 11.595 
47.5646 28.7851 10.74 47.5646 28.7851 9.885 47.5646 28.7851 9.03 
47.5646 28.7851 7.92 47.5646 28.7851 7.065 47.5646 28.7851 6.21 
47.5646 28.7851 5.37 47.5646 28.7851 4.515 47.5646 28.7851 3.66 
47.5646 28.7851 2.805 47.5646 28.7851 1.965 47.5646 28.7851 1.11 
47.8527 29.6007 14.145 47.8527 29.6007 13.29 47.8527 29.6007 12.435 
47.8527 29.6007 11.595 47.8527 29.6007 10.74 47.8527 29.6007 9.885 
47.8527 29.6007 9.03 47.8527 29.6007 7.92 47.8527 29.6007 7.065 
47.8527 29.6007 6.21 47.8527 29.6007 5.37 47.8527 29.6007 4.515 
47.8527 29.6007 3.66 47.8527 29.6007 2.805 47.8527 29.6007 1.965 
47.8527 29.6007 1.11 48.2746 30.3559 14.145 48.2746 30.3559 13.29 
48.2746 30.3559 12.45 48.2746 30.3559 11.595 48.2746 30.3559 10.74 
48.2746 30.3559 9.9 48.2746 30.3559 9.045 48.2746 30.3559 7.905 
48.2746 30.3559 7.05 48.2746 30.3559 6.21 48.2746 30.3559 5.355 
48.2746 30.3559 4.5 48.2746 30.3559 3.66 48.2746 30.3559 2.805 
48.2746 30.3559 1.95 48.2746 30.3559 1.11 48.818 31.0289 14.145 
48.818 31.0289 13.29 48.818 31.0289 12.45 48.818 31.0289 11.595 
48.818 31.0289 10.755 48.818 31.0289 9.9 48.818 31.0289 9.045 
48.818 31.0289 7.92 48.818 31.0289 7.065 48.818 31.0289 6.225 
48.818 31.0289 5.37 48.818 31.0289 4.515 48.818 31.0289 3.675 
48.818 31.0289 2.82 48.818 31.0289 1.98 48.818 31.0289 1.125 
49.4674 31.6004 14.145 49.4674 31.6004 13.29 49.4674 31.6004 12.45 
49.4674 31.6004 11.595 49.4674 31.6004 10.755 49.4674 31.6004 9.9 
49.4674 31.6004 9.045 49.4674 31.6004 7.92 49.4674 31.6004 7.065 
49.4674 31.6004 6.225 49.4674 31.6004 5.37 49.4674 31.6004 4.515 
49.4674 31.6004 3.675 49.4674 31.6004 2.82 49.4674 31.6004 1.98 
49.4674 31.6004 1.125 50.204 32.0539 14.145 50.204 32.0539 13.29 
50.204 32.0539 12.45 50.204 32.0539 11.595 50.204 32.0539 10.755 
50.204 32.0539 9.9 50.204 32.0539 9.045 50.204 32.0539 7.92 
50.204 32.0539 7.065 50.204 32.0539 6.225 50.204 32.0539 5.37 
50.204 32.0539 4.515 50.204 32.0539 3.675 50.204 32.0539 2.82 
50.204 32.0539 1.98 50.204 32.0539 1.125 51.0066 32.3764 14.145 
51.0066 32.3764 13.29 51.0066 32.3764 12.45 51.0066 32.3764 11.595 
51.0066 32.3764 10.755 51.0066 32.3764 9.9 51.0066 32.3764 9.045 
51.0066 32.3764 7.92 51.0066 32.3764 7.065 51.0066 32.3764 6.225 
51.0066 32.3764 5.37 51.0066 32.3764 4.515 51.0066 32.3764 3.675 
51.0066 32.3764 2.82 51.0066 32.3764 1.98 51.0066 32.3764 1.125 
51.8522 32.5587 14.145 51.8522 32.5587 13.29 51.8522 32.5587 12.45 
51.8522 32.5587 11.595 51.8522 32.5587 10.755 51.8522 32.5587 9.9 
51.8522 32.5587 9.045 51.8522 32.5587 7.92 51.8522 32.5587 7.065 
51.8522 32.5587 6.225 51.8522 32.5587 5.37 51.8522 32.5587 4.515 
51.8522 32.5587 3.675 51.8522 32.5587 2.82 51.8522 32.5587 1.98 
51.8522 32.5587 1.125 52.7164 32.5954 14.145 52.7164 32.5954 13.29 
52.7164 32.5954 12.45 52.7164 32.5954 11.595 52.7164 32.5954 10.755 
52.7164 32.5954 9.9 52.7164 32.5954 9.045 52.7164 32.5954 7.92 
52.7164 32.5954 7.065 52.7164 32.5954 6.225 52.7164 32.5954 5.37 
52.7164 32.5954 4.515 52.7164 32.5954 3.675 52.7164 32.5954 2.82 
52.7164 32.5954 1.98 52.7164 32.5954 1.125 53.5745 32.4855 14.145 
53.5745 32.4855 13.29 53.5745 32.4855 12.45 53.5745 32.4855 11.595 
53.5745 32.4855 10.755 53.5745 32.4855 9.9 53.5745 32.4855 9.045 
53.5745 32.4855 7.92 53.5745 32.4855 7.065 53.5745 32.4855 6.225 
53.5745 32.4855 5.37 53.5745 32.4855 4.515 53.5745 32.4855 3.675 
53.5745 32.4855 2.82 53.5745 32.4855 1.98 53.5745 32.4855 1.125 
54.4016 32.2322 14.145 54.4016 32.2322 13.29 54.4016 32.2322 12.45 
54.4016 32.2322 11.595 54.4016 32.2322 10.755 54.4016 32.2322 9.9 
54.4016 32.2322 9.045 54.4016 32.2322 7.92 54.4016 32.2322 7.065 
54.4016 32.2322 6.225 54.4016 32.2322 5.37 54.4016 32.2322 4.515 
54.4016 32.2322 3.675 54.4016 32.2322 2.82 54.4016 32.2322 1.98 
54.4016 32.2322 1.125 55.174 31.8428 14.145 55.174 31.8428 13.29 
55.174 31.8428 12.45 55.174 31.8428 11.595 55.174 31.8428 10.755 
55.174 31.8428 9.9 55.174 31.8428 9.045 55.174 31.8428 7.92 
55.174 31.8428 7.065 55.174 31.8428 6.225 55.174 31.8428 5.37 
55.174 31.8428 4.515 55.174 31.8428 3.675 55.174 31.8428 2.82 
55.174 31.8428 1.98 55.174 31.8428 1.125 55.8694 31.3284 14.145 
55.8694 31.3284 13.29 55.8694 31.3284 12.435 55.8694 31.3284 11.595 
55.8694 31.3284 10.74 55.8694 31.3284 9.885 55.8694 31.3284 9.03 
55.8694 31.3284 7.92 55.8694 31.3284 7.065 55.8694 31.3284 6.21 
55.8694 31.3284 5.37 55.8694 31.3284 4.515 55.8694 31.3284 3.66 
55.8694 31.3284 2.805 55.8694 31.3284 1.965 55.8694 31.3284 1.11 
56.468 30.7039 14.145 56.468 30.7039 13.29 56.468 30.7039 12.435 
56.468 30.7039 11.595 56.468 30.7039 10.74 56.468 30.7039 9.885 
56.468 30.7039 9.03 56.468 30.7039 7.92 56.468 30.7039 7.065 
56.468 30.7039 6.21 56.468 30.7039 5.37 56.468 30.7039 4.515 
56.468 30.7039 3.66 56.468 30.7039 2.805 56.468 30.7039 1.965 
56.468 30.7039 1.11 56.9524 29.9872 14.145 56.9524 29.9872 13.29 
56.9524 29.9872 12.435 56.9524 29.9872 11.595 56.9524 29.9872 10.74 
56.9524 29.9872 9.885 56.9524 29.9872 9.03 56.9524 29.9872 7.92 
56.9524 29.9872 7.065 56.9524 29.9872 6.21 56.9524 29.9872 5.37 
56.9524 29.9872 4.515 56.9524 29.9872 3.66 56.9524 29.9872 2.805 
56.9524 29.9872 1.965 56.9524 29.9872 1.11 57.3087 29.199 14.145 
57.3087 29.199 13.29 57.3087 29.199 12.435 57.3087 29.199 11.595 
57.3087 29.199 10.74 57.3087 29.199 9.885 57.3087 29.199 9.03 
57.3087 29.199 7.92 57.3087 29.199 7.065 57.3087 29.199 6.21 
57.3087 29.199 5.37 57.3087 29.199 4.515 57.3087 29.199 3.66 
57.3087 29.199 2.805 57.3087 29.199 1.965 57.3087 29.199 1.11 
57.5266 28.3619 14.145 57.5266 28.3619 13.29 57.5266 28.3619 12.435 
57.5266 28.3619 11.595 57.5266 28.3619 10.74 57.5266 28.3619 9.885 
57.5266 28.3619 9.03 57.5266 28.3619 7.92 57.5266 28.3619 7.065 
57.5266 28.3619 6.21 57.5266 28.3619 5.37 57.5266 28.3619 4.515 
57.5266 28.3619 3.66 57.5266 28.3619 2.805 57.5266 28.3619 1.965 
57.5266 28.3619 1.11 104.708 57.3533 15 104.93 55.2026 1.44 
104.93 55.2026 2.865 104.93 55.2026 4.335 104.93 55.2026 5.715 
104.93 55.2026 7.32 104.93 55.2026 8.88 104.93 55.2026 10.455 
104.93 55.2026 11.955 104.93 55.2026 13.59 104.735 57.0898 0 
104.375 60.5793 12.21 104.375 60.5793 9.075 104.375 60.5793 5.91 
104.375 60.5793 2.955 103.269 65.8702 12.21 103.269 65.8702 9.075 
103.269 65.8702 5.91 103.269 65.8702 2.955 103.834 63.1665 15 
103.833 63.1718 0 101.625 71.0195 12.21 101.625 71.0195 9.075 
101.625 71.0195 5.91 101.625 71.0195 2.955 99.4606 75.9724 12.15 
99.4606 75.9724 8.955 99.4606 75.9724 6 99.4606 75.9724 3.015 
100.655 73.2384 15 100.586 73.3969 0 96.7982 80.6766 12.21 
96.7982 80.6766 9.075 96.7982 80.6766 5.91 96.7982 80.6766 2.955 
98.1587 78.2727 15 98.156 78.2774 0 93.6663 85.082 12.21 
93.6663 85.082 9.075 93.6663 85.082 5.91 93.6663 85.082 2.955 
90.098 89.1421 12.21 90.098 89.1421 9.075 90.098 89.1421 5.91 
90.098 89.1421 2.955 91.9178 87.0714 15 91.9143 87.0755 0 
87.9678 91.1137 0 86.1311 92.8137 12.15 86.1311 92.8137 8.955 
86.1311 92.8137 6 86.1311 92.8137 3.015 88.0075 91.077 15 
84.0127 94.4034 0 81.8078 96.058 12.21 81.8078 96.058 9.075 
81.8078 96.058 5.91 81.8078 96.058 2.955 84.017 94.4002 15 
79.4259 97.4883 0 77.1738 98.8406 12.21 77.1738 98.8406 9.075 
77.1738 98.8406 5.91 77.1738 98.8406 2.955 79.4305 97.4855 15 
72.2782 101.132 12.21 72.2782 101.132 9.075 72.2782 101.132 5.91 
72.2782 101.132 2.955 69.8124 101.99 0 67.173 102.908 12.15 
67.173 102.908 8.955 67.173 102.908 6 67.173 102.908 3.015 
69.8226 101.986 15 64.5742 103.521 0 61.9122 104.149 12.21 
61.9122 104.149 9.075 61.9122 104.149 5.91 61.9122 104.149 2.955 
64.7899 103.47 15 59.1569 104.506 0 56.5517 104.843 12.24 
56.5517 104.843 9.09 56.5517 104.843 5.88 56.5517 104.843 2.94 
59.2213 104.498 15 53.6446 104.918 0 51.1482 104.983 12.21 
51.1482 104.983 9.075 51.1482 104.983 5.91 51.1482 104.983 2.955 
53.65 104.918 15 48.3782 104.768 0 45.7591 104.565 12.21 
45.7591 104.565 9.075 45.7591 104.565 5.91 45.7591 104.565 2.955 
48.3836 104.769 15 43.2279 104.104 0 40.4414 103.596 12.21 
40.4414 103.596 9.075 40.4414 103.596 5.91 40.4414 103.596 2.955 
43.2332 104.105 15 38.0073 102.888 0 35.2515 102.086 12.21 
35.2515 102.086 9.075 35.2515 102.086 5.91 35.2515 102.086 2.955 
38.0125 102.889 15 32.708 101.051 0 30.2445 100.049 12.21 
30.2445 100.049 9.075 30.2445 100.049 5.91 30.2445 100.049 2.955 
32.9233 101.139 15 27.921 98.8122 0 25.4734 97.509 12.21 
25.4734 97.509 9.075 25.4734 97.509 5.91 25.4734 97.509 2.955 
27.9925 98.8503 15 23.1907 95.9731 0 20.9887 94.4916 12.21 
20.9887 94.4916 9.075 20.9887 94.4916 5.91 20.9887 94.4916 2.955 
23.1459 95.943 15 18.8055 92.6702 0 16.8381 91.029 12.21 
16.8381 91.029 9.075 16.8381 91.029 5.91 16.8381 91.029 2.955 
18.9259 92.7707 15 13.0656 87.158 12.21 13.0656 87.158 9.075 
13.0656 87.158 5.91 13.0656 87.158 2.955 9.71101 82.9196 12.21 
9.71101 82.9196 9.075 9.71101 82.9196 5.91 9.71101 82.9196 2.955 
11.4755 85.149 15 11.4218 85.0812 0 6.81002 78.3588 12.21 
6.81002 78.3588 9.075 6.81002 78.3588 5.91 6.81002 78.3588 2.955 
8.26922 80.6529 15 8.26632 80.6483 0 4.39336 73.5238 12.21 
4.39336 73.5238 9.075 4.39336 73.5238 5.91 4.39336 73.5238 2.955 
5.68386 76.1057 15 5.57753 75.893 0 2.48664 68.466 12.21 
2.48664 68.466 9.075 2.48664 68.466 5.91 2.48664 68.466 2.955 
3.40187 70.8938 15 3.39996 70.8887 0 1.11007 63.239 12.21 
1.11007 63.239 9.075 1.11007 63.239 5.91 1.11007 63.239 2.955 
1.7956 65.842 15 0.278253 57.8981 12.21 0.278253 57.8981 9.075 
0.278253 57.8981 5.91 0.278253 57.8981 2.955 0.699154 60.6006 15 
0.69749 60.5899 0 0 52.5 12.21 0 52.5 9.075 
0 52.5 5.91 0 52.5 2.955 0.134118 55.1019 15 
0.13384 55.0965 0 0.278253 47.1019 12.21 0.278253 47.1019 9.075 
0.278253 47.1019 5.91 0.278253 47.1019 2.955 0.126605 50.0439 15 
0.137735 49.8279 0 1.11007 41.761 12.21 1.11007 41.761 9.075 
1.11007 41.761 5.91 1.11007 41.761 2.955 0.639263 44.784 15 
0.668377 44.597 0 2.48664 36.534 12.15 2.48664 36.534 8.955 
2.48664 36.534 6 2.48664 36.534 3.015 1.78184 39.2102 15 
1.78046 39.2154 0 4.39336 31.4762 12.21 4.39336 31.4762 9.075 
4.39336 31.4762 5.91 4.39336 31.4762 2.955 3.42665 34.0405 15 
3.43047 34.0304 0 6.81002 26.6412 12.21 6.81002 26.6412 9.075 
6.81002 26.6412 5.91 6.81002 26.6412 2.955 5.59444 29.0732 15 
5.59686 29.0684 0 9.71101 22.0804 12.21 9.71101 22.0804 9.075 
9.71101 22.0804 5.91 9.71101 22.0804 2.955 8.217 24.4292 15 
8.29533 24.3061 0 13.0656 17.842 12.21 13.0656 17.842 9.075 
13.0656 17.842 5.91 13.0656 17.842 2.955 11.4789 19.8468 15 
11.4822 19.8425 0 16.8381 13.971 12.15 16.8381 13.971 8.955 
16.8381 13.971 6 16.8381 13.971 3.015 14.9745 15.8833 15 
14.9783 15.8794 0 18.8097 12.3263 0 20.9887 10.5084 12.21 
20.9887 10.5084 9.075 20.9887 10.5084 5.91 20.9887 10.5084 2.955 
18.7848 12.3471 15 23.2535 8.98462 0 25.4734 7.49098 12.21 
25.4734 7.49098 9.075 25.4734 7.49098 5.91 25.4734 7.49098 2.955 
23.2445 8.99066 15 30.2445 4.95063 12.24 30.2445 4.95063 9.09 
30.2445 4.95063 5.88 30.2445 4.95063 2.94 28.1118 6.08617 15 
27.9973 6.14714 0 35.2515 2.91431 12.15 35.2515 2.91431 8.955 
35.2515 2.91431 6 35.2515 2.91431 3.015 37.753 2.18616 0 
40.4414 1.40362 12.21 40.4414 1.40362 9.075 40.4414 1.40362 5.91 
40.4414 1.40362 2.955 37.7478 2.18767 15 43.18 0.904553 0 
45.7591 0.434559 12.15 45.7591 0.434559 8.955 45.7591 0.434559 6 
45.7591 0.434559 3.015 42.962 0.944284 15 51.1482 0.0174046 12.15 
51.1482 0.0174046 8.955 51.1482 0.0174046 6 51.1482 0.0174046 3.015 
48.168 0.248091 15 48.3836 0.231405 0 53.65 0.0818417 0 
56.5517 0.156578 12.21 56.5517 0.156578 9.075 56.5517 0.156578 5.91 
56.5517 0.156578 2.955 53.4879 0.0776665 15 59.425 0.528577 0 
61.9122 0.850607 12.21 61.9122 0.850607 9.075 61.9122 0.850607 5.91 
61.9122 0.850607 2.955 59.2588 0.507062 15 64.5637 1.47633 0 
67.173 2.09213 12.21 67.173 2.09213 9.075 67.173 2.09213 5.91 
67.173 2.09213 2.955 64.7636 1.52351 15 69.8226 3.0138 0 
72.2782 3.86799 12.21 72.2782 3.86799 9.075 72.2782 3.86799 5.91 
72.2782 3.86799 2.955 69.8124 3.01025 15 74.8092 5.05263 0 
77.1738 6.15936 12.21 77.1738 6.15936 9.075 77.1738 6.15936 5.91 
77.1738 6.15936 2.955 74.8043 5.05034 15 79.3703 7.47831 0 
81.8078 8.94196 12.24 81.8078 8.94196 9.09 81.8078 8.94196 5.88 
81.8078 8.94196 2.94 79.5047 7.55901 15 83.9954 10.5836 0 
86.1311 12.1863 12.15 86.1311 12.1863 8.955 86.1311 12.1863 6 
86.1311 12.1863 3.015 84.0084 10.5933 15 88.1027 14.0111 0 
90.098 15.8579 12.21 90.098 15.8579 9.075 90.098 15.8579 5.91 
90.098 15.8579 2.955 88.0392 13.9523 15 93.6663 19.918 12.21 
93.6663 19.918 9.075 93.6663 19.918 5.91 93.6663 19.918 2.955 
92.0391 18.0666 15 92.0427 18.0707 0 96.7982 24.3234 12.15 
96.7982 24.3234 8.955 96.7982 24.3234 6 96.7982 24.3234 3.015 
95.1915 22.0635 15 95.1947 22.0679 0 99.4606 29.0276 12.21 
99.4606 29.0276 9.075 99.4606 29.0276 5.91 99.4606 29.0276 2.955 
98.2332 26.859 15 98.1187 26.6567 0 101.625 33.9805 12.21 
101.625 33.9805 9.075 101.625 33.9805 5.91 101.625 33.9805 2.955 
100.569 31.5635 15 100.573 31.5734 0 103.269 39.1298 12.21 
103.269 39.1298 9.075 103.269 39.1298 5.91 103.269 39.1298 2.955 
102.319 36.1535 15 104.375 44.4207 12.21 104.375 44.4207 9.075 
104.375 44.4207 5.91 104.375 44.4207 2.955 103.821 41.77 15 
103.818 41.7594 0 104.93 49.7974 13.59 104.93 49.7974 12.18 
104.93 49.7974 10.65 104.93 49.7974 9.09 104.93 49.7974 7.665 
104.93 49.7974 6.075 104.93 49.7974 4.635 104.93 49.7974 3.09 
104.93 49.7974 1.56 104.709 47.6575 15 104.71 47.6682 0 
105 52.5 13.635 105 52.5 12.045 105 52.5 10.575 
105 52.5 9.03 105 52.5 7.59 105 52.5 6.015 
105 52.5 4.605 105 52.5 3.075 105 52.5 1.545 
104.965 51.1433 15 104.965 51.146 0 104.963 53.9189 0 
104.964 53.9135 15 104.828 56.19 2.2207 104.798 56.4881 3.55118 
104.814 56.3298 4.99414 104.785 56.606 6.50088 104.808 56.3852 8.08375 
104.788 56.5788 9.73287 104.826 56.2093 11.258 104.831 56.1598 12.4726 
104.805 56.4117 13.753 104.653 57.8859 11.7573 104.628 58.1272 4.84229 
104.816 56.3079 1.08639 104.615 58.2582 7.97582 104.662 57.8026 2.06272 
103.822 63.2244 10.7746 103.816 63.2541 7.56168 103.789 63.3824 4.60974 
103.697 63.8241 2.12433 102.447 68.4449 10.4552 102.447 68.4449 7.50627 
102.447 68.4449 4.59935 102.447 68.4449 12.9753 102.447 68.4449 2.09006 
100.551 73.4784 10.7408 100.532 73.5198 7.55484 100.481 73.6378 4.63534 
100.305 74.0412 2.14221 98.1291 78.3251 10.74 98.1143 78.3512 7.55539 
98.0504 78.464 4.63285 97.8283 78.8566 2.13725 95.2323 82.8793 10.4552 
95.2323 82.8793 7.50627 95.2323 82.8793 4.59935 95.2323 82.8793 12.9753 
95.2323 82.8793 2.09006 91.8821 87.1121 10.7746 91.8622 87.1347 7.56167 
91.7755 87.2334 4.60975 91.4768 87.5732 2.12453 88.1061 90.9857 10.73 
88.1107 90.9815 7.498 88.1028 90.9887 4.32598 83.9728 94.4333 10.7298 
83.9712 94.4346 7.49805 83.9725 94.4336 4.32629 79.4856 97.4524 10.7648 
79.4891 97.4503 7.50451 79.4852 97.4527 4.29881 74.9677 99.8732 2.64544 
74.7022 99.9974 10.4718 74.6083 100.041 7.59565 74.2458 100.211 4.98944 
74.719 99.9896 12.979 69.7343 102.017 10.7299 69.7274 102.019 7.49805 
69.7336 102.017 4.32626 64.5619 103.524 10.7305 64.5469 103.528 7.49821 
64.545 103.528 4.32633 59.231 104.497 10.7732 59.2308 104.497 7.50178 
59.2253 104.497 4.28971 53.8329 104.913 10.7737 53.8446 104.913 7.50181 
53.8327 104.913 4.28945 48.4477 104.774 10.7648 48.4517 104.774 7.50451 
48.4472 104.774 4.29881 43.1115 104.083 10.765 43.1037 104.082 7.50452 
43.1112 104.083 4.29873 37.8606 102.845 10.7651 37.8508 102.842 7.50453 
37.8602 102.845 4.29864 32.7625 101.073 10.7652 32.7497 101.068 7.50457 
32.745 101.066 4.29886 27.8701 98.7852 10.765 27.8615 98.7806 7.50455 
27.8644 98.7821 4.29883 23.2239 95.9955 10.7649 23.2294 95.9992 7.50453 
23.2275 95.9979 4.29884 18.9143 92.761 10.7648 18.9122 92.7592 7.50448 
18.9045 92.7528 4.2987 14.9519 89.0935 10.4552 14.9519 89.0935 7.50627 
14.9519 89.0935 4.59935 14.9519 89.0935 12.9753 14.9519 89.0935 2.09006 
11.3928 85.0444 10.7748 11.3704 85.0162 7.5617 11.2884 84.9126 4.60974 
11.0083 84.5587 2.12433 8.25872 80.6364 10.7746 8.24374 80.6128 7.56166 
8.17209 80.5002 4.60981 7.92494 80.1116 2.12594 5.60642 75.9508 10.7749 
5.58828 75.9145 7.56168 5.5258 75.7895 4.60989 5.31348 75.3647 2.12836 
3.43502 70.9817 10.7747 3.42768 70.9622 7.56164 3.3781 70.8307 4.60996 
3.20623 70.3748 2.13064 1.79813 65.8516 10.7747 1.79832 65.8524 7.56219 
1.79835 65.8525 4.60934 1.79836 65.8525 2.09242 0.693861 60.5666 10.7746 
0.689414 60.538 7.56166 0.66895 60.4067 4.60979 0.598439 59.9539 2.12554 
0.138448 55.1859 10.7747 0.137345 55.1645 7.56164 0.130141 55.0247 4.60995 
0.10518 54.5405 2.13022 0.138317 49.8167 10.7752 0.140563 49.7731 7.56175 
0.14751 49.6383 4.60978 0.171059 49.1814 2.12533 0.690249 44.4566 10.7759 
0.697885 44.4076 7.5619 0.717413 44.2822 4.60955 0.783203 43.8598 2.12023 
1.798 39.1489 10.74 1.80588 39.1189 7.55476 1.83869 38.9944 4.63543 
1.95276 38.5612 2.14365 3.4409 34.0027 10.74 3.45109 33.9757 7.55539 
3.49738 33.8529 4.63289 3.65852 33.4254 2.13824 5.60319 29.0557 10.7746 
5.61567 29.0307 7.56166 5.67536 28.9113 4.60981 5.88124 28.4994 2.12594 
8.25949 24.3624 10.7747 8.27746 24.3342 7.56164 8.35225 24.2166 4.6099 
8.60826 23.8141 2.12878 11.3991 19.9476 10.7749 11.4107 19.9329 7.56164 
11.4992 19.821 4.60999 11.8067 19.4326 2.13208 14.9566 15.9016 10.74 
14.9746 15.8832 7.55474 15.0687 15.7867 4.63568 15.3974 15.4494 2.14782 
18.9034 12.2481 10.7301 18.9099 12.2427 7.49807 18.9052 12.2466 4.32616 
23.2322 8.99893 10.7648 23.2315 8.99939 7.50451 23.233 8.99843 4.29885 
27.8847 6.2071 10.7839 27.8927 6.20285 7.55922 28.0179 6.13615 4.60139 
28.4561 5.90283 2.12667 32.75 3.93167 10.4319 32.7472 3.9328 7.49784 
32.7498 3.93176 4.61514 32.7556 3.92938 12.9654 32.7545 3.92984 2.10088 
37.839 2.16115 10.7299 37.8433 2.15989 7.49805 37.8393 2.16106 4.32623 
43.0885 0.921226 10.73 43.1002 0.919097 7.49802 43.1058 0.918072 4.32625 
48.4358 0.227363 10.7058 48.4808 0.223877 7.54889 48.6102 0.213865 4.65863 
49.057 0.17928 2.15678 53.8213 0.0862518 10.7312 53.842 0.0867852 7.49825 
53.8336 0.0865691 4.32602 59.2346 0.50393 10.7648 59.2349 0.503973 7.50446 
59.2481 0.505684 4.29855 64.561 1.4757 10.7654 64.5458 1.47211 7.5046 
64.5448 1.47188 4.29887 69.733 2.98264 10.7649 69.728 2.98091 7.50451 
69.7339 2.98294 4.29878 74.7327 5.0168 10.7649 74.7281 5.01468 7.50451 
74.7331 5.017 4.29879 79.4917 7.5512 10.7732 79.4893 7.54978 7.50175 
79.481 7.54476 4.28961 83.9721 10.5661 10.7382 83.9709 10.5652 7.49537 
83.9708 10.5652 4.31714 88.109 14.0169 10.7299 88.1129 14.0206 7.49808 
88.114 14.0216 4.32631 91.8988 17.907 10.7753 91.9078 17.9171 7.56165 
92.0055 18.0283 4.61002 92.3457 18.4155 2.13558 95.2312 22.1192 10.74 
95.2494 22.1448 7.55476 95.3242 22.2501 4.63545 95.5845 22.6162 2.14386 
98.1407 26.6954 10.7406 98.1466 26.7059 7.55543 98.21 26.818 4.63292 
98.4354 27.2161 2.13846 100.547 31.5136 10.7747 100.556 31.535 7.56164 
100.612 31.6618 4.60992 100.804 32.1008 2.1292 102.436 36.5217 10.7767 
102.445 36.5497 7.56251 102.447 36.5541 4.6094 102.447 36.5548 2.09243 
103.823 41.7794 10.7746 103.828 41.8059 7.56166 103.855 41.9361 4.6098 
103.949 42.3857 2.12574 104.807 48.6002 13.2369 104.809 48.6252 11.4295 
104.783 48.3742 9.78902 104.82 48.7286 8.24191 104.821 48.7376 6.95303 
104.791 48.448 5.35858 104.826 48.79 3.82623 104.831 48.8361 2.60773 
104.805 48.5884 1.31823 104.614 46.7387 11.3114 104.649 47.0781 3.35146 
104.631 46.9014 7.54123 104.965 51.1462 12.9345 104.965 51.1484 11.3707 
104.965 51.1486 9.8435 104.965 51.1487 8.34274 104.965 51.1491 6.83753 
104.965 51.1517 5.33723 104.966 51.1638 3.85518 104.967 51.2266 2.38739 
104.973 51.4567 1.10945 2.70157 51.4494 0 2.96908 48.6128 0 
1.93906 56.2971 0 2.34887 54.1184 0 4.20499 61.4012 0 
2.98763 58.394 0 7.04076 71.6716 0 6.2349 68.2568 0 
7.75307 76.2377 0 6.93771 74.2814 0 10.8042 80.3436 0 
9.39443 78.0391 0 14.4538 84.2063 0 12.3281 82.3869 0 
21.7284 91.6065 0 19.8052 89.3564 0 25.7602 94.8157 0 
23.653 93.384 0 30.5954 97.4477 0 28.1453 96.0695 0 
34.6763 99.5557 0 32.3936 98.9806 0 39.4664 101.401 0 
37.2812 100.439 0 44.3791 101.959 0 41.8306 101.326 0 
49.9919 101.67 0 46.9585 101.422 0 55.1716 102.087 0 
52.5491 102.516 0 60.2081 101.839 0 57.7363 102.483 0 
64.899 100.572 0 62.6959 101.814 0 70.5048 99.1428 0 
67.7396 99.522 0 79.1292 94.5194 0 76.562 95.9119 0 
83.7248 92.0672 0 81.5378 93.0967 0 87.1332 87.9511 0 
85.079 90.0423 0 91.1542 84.0844 0 89.2788 86.0905 0 
96.5407 76.0442 0 95.0042 78.4266 0 98.5513 70.9302 0 
97.6834 73.643 0 101.57 61.1876 0 100.521 63.9734 0 
103.38 55.8106 0 103.553 53.1311 0 103.769 54.4894 0 
103.516 50.3394 0 103.799 51.7488 0 102.847 46.9584 0 
100.666 41.2127 0 101.722 44.3631 0 98.2351 31.3889 0 
98.8003 33.9703 0 95.5727 27.0054 0 96.6394 29.4478 0 
91.7529 22.7203 0 93.504 25.2571 0 88.9494 18.3766 0 
90.8437 20.223 0 85.6883 14.8525 0 87.6778 16.236 0 
81.6254 12.3087 0 84.0079 13.0974 0 76.3701 9.03614 0 
78.8587 10.8885 0 72.9278 6.20401 0 74.8112 7.13711 0 
67.6249 4.95834 0 70.4227 5.9945 0 63.1412 3.72155 0 
65.4782 3.72216 0 57.7657 3.43483 0 60.5203 3.48017 0 
51.8288 3.22126 0 54.8035 3.5704 0 47.1355 2.55146 0 
49.4658 2.32145 0 42.4721 3.40781 0 44.7772 2.72592 0 
36.9932 5.66454 0 39.973 4.55303 0 28.3198 9.20773 0 
30.9834 7.84237 0 24.131 12.1843 0 25.8281 10.1475 0 
19.2004 15.6291 0 21.7495 14.1235 0 15.5531 18.3793 0 
17.0108 16.538 0 12.9491 22.2522 0 13.819 19.9428 0 
9.50848 27.3475 0 11.4411 24.9639 0 6.91959 31.0882 0 
7.70775 28.9367 0 5.17779 36.0534 0 5.976 33.4834 0 
3.18179 40.8188 0 4.26039 38.7161 0 3.1454 45.7874 0 
3.19717 43.084 0 56.087 72.6645 0 56.8629 73.3535 0 
57.4979 74.1778 0 57.9667 75.0959 0 58.2545 76.0678 0 
58.3391 77.0238 0 58.3337 77.9297 0 58.3179 78.8808 0 
58.1193 79.9506 0 57.5526 80.9524 0 56.7811 81.7128 0 
55.9726 82.2835 0 55.1889 82.6599 0 54.5051 83.4488 0 
53.2473 83.5923 0 52.1801 83.5073 0 51.2088 83.3078 0 
50.2862 83.0073 0 49.4124 82.5753 0 48.6194 82.0139 0 
47.8555 81.362 0 47.1499 80.5194 0 46.7384 79.4781 0 
46.567 78.4399 0 46.5466 77.4386 0 46.653 76.4544 0 
46.9227 75.496 0 47.3507 74.6057 0 47.9061 73.802 0 
48.5743 73.0943 0 49.3431 72.5028 0 50.1922 72.019 0 
51.1294 71.653 0 52.1598 71.4546 0 53.2281 71.4802 0 
54.2585 71.7184 0 55.2122 72.1223 0 48.3929 32.1846 0 
47.6261 31.3461 0 47.0844 30.3834 0 46.8011 29.3901 0 
46.6398 28.4455 0 46.5271 27.4933 0 46.5541 26.481 0 
46.7691 25.4387 0 47.2651 24.4923 0 47.8833 23.7182 0 
48.5319 22.9799 0 49.3259 22.2761 0 50.3234 21.8612 0 
51.2992 21.6468 0 52.2728 21.5243 0 53.2703 21.5613 0 
54.2547 21.7691 0 55.1956 22.1367 0 56.0717 22.6593 0 
56.8527 23.3333 0 57.5025 24.1462 0 57.9798 25.0649 0 
58.2766 26.0336 0 58.4208 27.0213 0 58.4034 28.0161 0 
58.2234 28.9889 0 57.8944 29.9167 0 57.4249 30.7901 0 
56.8009 31.587 0 56.0345 32.2012 0 55.2479 32.7259 0 
54.3735 33.1846 0 53.3777 33.4478 0 52.351 33.5303 0 
51.3278 33.4424 0 50.3195 33.2016 0 49.3284 32.7995 0 
99.5223 67.5123 0 101.54 57.6993 0 73.298 97.4453 0 
4.56902 65.0029 0 17.2945 86.4968 0 101.928 54.367 0 
65.0482 96.6405 0 59.6793 79.462 0 93.0843 81.3314 0 
97.4707 60.5748 0 97.1622 64.9089 0 5.50383 41.2983 0 
103.586 48.7551 0 99.7866 37.52 0 95.7442 32.9513 0 
33.7309 6.20267 0 57.2222 72.1731 0 7.39013 38.3674 0 
56.2136 71.4741 0 58.0871 73.1034 0 59.2892 76.5326 0 
59.1425 78.3234 0 59.1014 81.1445 0 52.5557 84.686 0 
55.9155 83.4458 0 50.4485 84.0639 0 45.5159 79.0749 0 
45.6309 76.8102 0 46.2812 74.6138 0 48.3545 72.083 0 
53.9817 70.4391 0 58.7031 74.1925 0 45.6072 28.0754 0 
51.6787 20.5542 0 53.9903 20.6192 0 57.1907 22.1461 0 
58.7647 24.1069 0 59.3285 26.4026 0 56.0837 33.0567 0 
58.956 29.7567 0 55.4943 33.8644 0 51.8379 34.6153 0 
59.1179 75.3389 0 59.0676 77.4836 0 58.0159 82.3209 0 
56.8685 82.79 0 46.4216 82.0379 0 51.4644 84.3533 0 
49.4265 83.6876 0 48.4641 83.1214 0 45.6407 80.4788 0 
45.8206 75.675 0 45.5713 77.9057 0 46.8681 73.678 0 
96.7639 36.6888 0 55.1551 70.9089 0 47.5501 72.8261 0 
49.2433 71.4805 0 50.1913 70.9192 0 51.3129 70.4307 0 
52.6462 70.2515 0 45.6301 30.0889 0 47.5298 22.7416 0 
45.883 28.9984 0 45.4722 26.9516 0 45.4793 25.6869 0 
49.4044 20.5827 0 55.1119 20.9619 0 50.6773 20.8308 0 
52.8284 20.4828 0 56.1854 21.4585 0 21.8765 85.2468 0 
59.1262 25.2767 0 58.0659 23.0344 0 59.4084 27.5451 0 
8.98497 63.6235 0 58.5115 30.7727 0 59.253 28.6801 0 
73.5554 93.7931 0 69.4262 95.5883 0 54.2707 34.3513 0 
53.0575 34.5824 0 50.6449 34.4525 0 95.7625 68.3455 0 
17.9921 81.6109 0 90.2073 81.3675 0 91.3683 78.1996 0 
101.962 48.999 0 97.3656 40.0702 0 35.0916 9.70699 0 
11.0907 69.5272 0 10.0331 74.4748 0 22.9305 88.852 0 
24.2484 91.0072 0 28.0986 93.4224 0 39.6951 98.8241 0 
36.6561 97.8689 0 61.8487 98.9716 0 7.08561 57.6065 0 
88.7601 83.4419 0 93.8082 75.9708 0 95.1626 73.958 0 
97.9111 45.0864 0 78.7196 14.9606 0 61.745 6.41368 0 
45.9588 4.43217 0 31.2552 10.9658 0 15.3248 25.1961 0 
7.6303 35.2759 0 8.32196 33.0039 0 9.61154 30.538 0 
6.27527 47.1235 0 5.50517 44.1156 0 53.9059 85.0048 0 
47.6995 82.428 0 46.8506 32.7783 0 95.8113 71.6238 0 
46.8805 23.4631 0 48.0336 21.6297 0 57.0946 32.7572 0 
57.9329 31.7617 0 25.944 92.4627 0 49.4314 34.1926 0 
5.44802 50.291 0 76.6316 93.1568 0 45.7352 24.1239 0 
92.6717 29.7481 0 33.7334 96.8908 0 82.6624 15.5728 0 
72.4798 9.10663 0 64.8693 6.36319 0 48.4711 5.86378 0 
16.0343 21.341 0 55.6421 85.0972 0 46.1253 31.46 0 
48.1062 33.7575 0 5.34796 53.4868 0 101.848 51.5744 0 
12.3595 77.8104 0 14.5557 81.5534 0 13.0038 80.241 0 
50.0021 69.5003 0 31.2678 94.1654 0 43.7733 98.0334 0 
48.4183 97.3052 0 52.8977 98.5581 0 57.6481 98.9138 0 
61.3639 81.1388 0 44.1735 4.66042 0 86.0595 80.1575 0 
13.8258 58.4102 0 56.1926 70.2264 0 78.8169 91.3691 0 
83.2499 86.0132 0 81.8368 90.0002 0 86.7164 84.9229 0 
96.4976 52.7533 0 59.2007 5.90612 0 43.8269 82.1026 0 
75.0353 12.7634 0 100.794 46.9489 0 89.293 26.4964 0 
87.4805 21.9815 0 85.5578 18.0242 0 67.8292 8.76989 0 
52.4603 7.58647 0 56.4146 7.50651 0 39.8763 8.62631 0 
42.5571 6.29796 0 28.1941 13.0222 0 21.96 18.2278 0 
25.4522 16.1698 0 18.3808 18.8198 0 12.8596 28.8799 0 
44.2972 27.6543 0 52.7223 86.3396 0 44.9313 74.5905 0 
49.5778 84.9704 0 44.4885 76.0617 0 45.7825 73.6322 0 
43.7733 24.7966 0 59.6165 73.0145 0 44.3128 26.3282 0 
60.6297 75.7819 0 60.522 28.29 0 60.5437 26.8635 0 
55.4131 35.3347 0 56.5924 33.7195 0 59.9791 74.4027 0 
60.2913 24.3634 0 49.1732 70.4387 0 51.1349 35.8575 0 
99.6377 49.2587 0 91.5279 57.913 0 46.3389 88.5771 0 
86.5422 33.0979 0 80.1916 21.0426 0 20.3429 23.5216 0 
30.7436 18.6645 0 41.7636 17.2016 0 48.3638 84.4258 0 
3.98085 55.9582 0 46.3501 72.5992 0 60.0496 29.4792 0 
65.2491 91.2469 0 60.0648 83.3019 0 44.7547 28.943 0 
47.2293 71.7013 0 55.1067 69.3736 0 54.938 19.5626 0 
50.75 19.5215 0 60.2109 25.6837 0 59.8008 30.7044 0 
16.8352 74.8201 0 91.6869 39.451 0 49.4256 14.2994 0 
55.1846 91.4449 0 60.4418 93.0851 0 50.776 91.4799 0 
53.5785 19.3193 0 59.5884 8.70226 0 82.8691 27.6449 0 
33.8906 14.9431 0 45.1306 84.4743 0 57.4434 70.7009 0 
49.4075 18.2466 0 54.6348 87.1635 0 58.6718 71.6933 0 
46.8981 18.5695 0 47.194 83.5987 0 50.713 85.0843 0 
44.6633 77.2987 0 43.4321 22.3765 0 48.1863 70.9432 0 
52.1957 19.2493 0 56.5 34.6811 0 24.968 79.4619 0 
54.0012 35.6997 0 86.9799 50.7514 0 56.1214 20.1713 0 
57.6969 34.1451 0 58.4941 21.715 0 57.5144 20.5632 0 
58.6902 32.9263 0 44.5213 78.3486 0 92.6808 64.2294 0 
44.0222 30.0479 0 51.6601 85.4596 0 43.854 79.6902 0 
9.61791 42.9107 0 53.4768 68.8005 0 44.5823 31.2687 0 
51.6166 68.7583 0 46.1297 21.9508 0 44.6099 33.0264 0 
59.0888 31.6981 0 17.8944 65.2337 0 70.3424 90.2443 0 
59.7225 22.7081 0 52.5842 35.8869 0 45.877 35.4434 0 
74.0914 17.9464 0 28.6046 88.4314 0 37.8649 93.5748 0 
78.3002 87.2822 0 61.7151 79.087 0 45.2104 6.41231 0 
91.1081 72.1835 0 10.5741 50.8757 0 26.6613 21.8574 0 
60.2856 77.6806 0 68.0382 15.7058 0 44.8143 10.5526 0 
41.2123 85.9204 0 18.4337 30.868 0 57.6581 84.292 0 
75.1159 90.2148 0 26.1186 54.4691 0 11.6486 35.0145 0 
19.9515 41.481 0 57.3788 87.659 0 47.0476 85.2523 0 
79.9317 71.2987 0 42.9266 28.7869 0 42.9051 74.7786 0 
59.8663 34.7032 0 84.1782 61.5413 0 49.8735 35.4843 0 
54.9543 67.2247 0 62.7517 11.5406 0 63.93 80.1669 0 
49.1134 66.9146 0 77.2104 80.229 0 48.3716 35.7169 0 
82.1797 41.6002 0 60.8958 86.9894 0 44.4656 72.6195 0 
76.1205 50.5873 0 39.6647 23.0926 0 40.9857 35.7617 0 
60.5227 32.2829 0 73.5929 30.4855 0 65.9443 26.6181 0 
63.2448 76.9053 0 42.9445 40.8317 0 42.9979 77.4789 0 
60.1389 19.8625 0 48.1865 69.3896 0 42.1818 31.347 0 
46.9873 70.4789 0 61.7715 25.5367 0 34.0254 69.2297 0 
40.2366 80.4582 0 33.5128 78.4497 0 52.6967 88.6639 0 
61.7969 29.9965 0 51.3337 17.4601 0 64.7611 84.2735 0 
67.8816 72.4234 0 31.6152 31.7823 0 52.4422 66.546 0 
79.3406 34.5636 0 51.9517 37.5901 0 72.5917 85.3368 0 
47.4907 38.8296 0 57.0537 68.6633 0 57.1416 65.4733 0 
68.1015 79.5435 0 54.5401 18.0142 0 34.2989 41.9196 0 
57.976 12.0636 0 61.8498 73.6539 0 53.8019 15.1022 0 
60.6267 71.3079 0 64.257 33.3998 0 57.38 36.1186 0 
59.1057 69.7814 0 45.9586 71.3337 0 61.2793 38.2687 0 
62.4707 22.8186 0 50.4872 86.8531 0 55.2534 37.0716 0 
62.0259 27.5279 0 56.9112 17.9496 0 48.4792 85.977 0 
53.5494 37.0816 0 57.2389 39.0298 0 71.8863 61.3594 0 
42.519 26.5981 0 39.2872 27.8379 0 53.0148 17.9278 0 
39.3213 75.8141 0 47.9339 45.0046 0 40.8059 49.6584 0 
49.8876 37.2341 0 15 79.1633 0 70.8064 39.7972 0 
63.2024 70.6505 0 50.9672 62.548 0 33.6115 24.9271 0 
43.3913 61.5486 0 49.603 54.503 0 41.2666 72.2503 0 
50.8859 40.4788 0 59.6134 67.1616 0 44.9265 68.9585 0 
54.3478 64.4738 0 61.2331 69.1133 0 54.0362 39.1337 0 
57.958 45.8642 0 63.7837 66.4906 0 60.0249 63.8556 0 
56.2689 60.6685 0 62.7111 60.0535 0 104.965 53.8559 12.8761 
104.965 53.8518 11.2736 104.965 53.8514 9.73742 104.965 53.851 8.20781 
104.965 53.8509 6.6731 104.965 53.8482 5.17851 104.966 53.8349 3.72754 
104.967 53.7726 2.30663 104.973 53.5558 1.07124 81.5312 93.3476 15 
83.2056 91.3186 15 76.152 95.7619 15 78.9921 94.2388 15 
67.7982 99.5082 15 70.6112 98.6414 15 62.3692 101.287 15 
65.0476 100.342 15 57.7731 102.284 15 60.1581 102.351 15 
52.5999 102.745 15 55.0698 102.402 15 47.2071 101.797 15 
50.1735 101.921 15 42.4868 101.182 15 44.7598 102.176 15 
36.8197 99.7084 15 39.7149 100.309 15 32.424 99.0476 15 
34.3815 99.7595 15 28.2947 96.1519 15 30.5571 97.5888 15 
23.7113 92.7806 15 26.0455 94.4925 15 19.6102 89.4258 15 
21.3214 91.6644 15 12.6096 82.5432 15 14.4039 84.5699 15 
9.70776 77.9981 15 11.1317 80.3275 15 6.89544 73.5352 15 
8.24148 75.7543 15 4.70502 69.027 15 5.80225 71.1524 15 
3.30994 64.1479 15 4.3436 66.5034 15 2.70205 59.1139 15 
3.10706 61.7313 15 2.39566 54.106 15 2.37567 56.586 15 
2.81615 48.8655 15 2.64561 51.5593 15 3.47181 43.4635 15 
3.08572 46.1912 15 4.02043 38.4045 15 3.81801 40.7552 15 
6.84204 33.4226 15 5.43383 36.2992 15 7.77294 28.5614 15 
7.00373 30.6283 15 10.8136 24.8715 15 8.91575 26.7548 15 
14.0393 21.0016 15 12.02 22.494 15 17.8431 16.7146 15 
16.003 18.8875 15 21.4128 13.4965 15 19.2377 14.6948 15 
25.8773 10.2985 15 23.6365 11.8348 15 30.2224 7.37418 15 
28.244 8.86244 15 39.877 4.71028 15 36.957 6.08536 15 
44.8186 2.94723 15 42.4053 3.58678 15 49.3621 3.04988 15 
47.0173 2.39839 15 55.2317 3.29044 15 52.2676 3.38611 15 
60.3037 3.49637 15 57.8102 2.72667 15 65.6485 3.75109 15 
63.1645 3.91254 15 69.7458 5.9244 15 67.7151 4.37377 15 
75.0297 7.88013 15 72.4695 6.9505 15 79.5893 9.89283 15 
77.394 8.99027 15 83.5775 13.275 15 81.3134 11.6744 15 
87.4805 16.461 15 85.6652 14.7642 15 90.973 20.2023 15 
89.196 18.4491 15 93.6319 25.2395 15 91.8712 22.6581 15 
97.3697 28.9018 15 95.6646 27.3999 15 98.7181 33.4878 15 
98.0017 30.9849 15 100.577 38.7118 15 99.5432 36.0984 15 
101.476 43.679 15 101.597 40.9668 15 101.963 47.2228 15 
104.019 51.7477 15 103.91 50.6085 15 103.179 54.2496 15 
103.859 52.915 15 101.671 58.3063 15 101.314 63.8398 15 
101.898 61.4387 15 97.043 73.4117 15 97.9983 70.2837 15 
94.8028 78.724 15 96.0918 76.1727 15 89.3879 86.4718 15 
91.1294 84.3956 15 85.5248 89.436 15 87.8413 88.3819 15 
58.408 79.0729 15 58.5497 78.0209 15 58.5336 76.9887 15 
58.3776 75.9569 15 58.0071 74.9661 15 57.4588 74.0799 15 
56.7828 73.3187 15 56.0097 72.6841 15 55.1551 72.1863 15 
54.2405 71.8233 15 53.2754 71.6025 15 52.2752 71.5403 15 
51.2684 71.6492 15 50.2814 71.9291 15 49.36 72.3954 15 
48.5663 73.0144 15 47.8429 73.7138 15 47.2022 74.5629 15 
46.8096 75.5586 15 46.6197 76.5592 15 46.5819 77.54 15 
46.6685 78.5089 15 46.904 79.4662 15 47.2961 80.3879 15 
47.8515 81.2414 15 48.5615 81.9536 15 49.343 82.5626 15 
50.2374 83.0906 15 51.2753 83.3843 15 52.295 83.4045 15 
53.2319 83.297 15 54.0473 83.0803 15 55.0272 83.2567 15 
56.0852 82.5468 15 56.8797 81.7667 15 57.4921 80.9243 15 
58.0069 80.0468 15 56.7707 31.7107 15 57.4688 30.9548 15 
58.1707 30.0611 15 58.3489 28.9581 15 58.4895 27.9681 15 
58.4804 26.9591 15 58.298 25.9671 15 57.9618 25.0218 15 
57.4876 24.1337 15 56.8663 23.3229 15 56.1029 22.6308 15 
55.2276 22.0826 15 54.2671 21.6993 15 53.2634 21.5 15 
52.2515 21.4505 15 51.2276 21.5479 15 50.2232 21.8473 15 
49.3099 22.3325 15 48.4787 22.9376 15 47.7131 23.6706 15 
47.1107 24.5964 15 46.8023 25.5902 15 46.6119 26.5563 15 
46.5155 27.5543 15 46.6359 28.5721 15 46.9321 29.5292 15 
47.3655 30.4228 15 47.9478 31.2204 15 48.6165 31.7824 15 
49.0966 32.6748 15 50.2409 33.1411 15 51.2759 33.397 15 
52.3046 33.4886 15 53.3146 33.3929 15 54.2578 33.1319 15 
55.1334 32.7654 15 55.9718 32.3053 15 99.4957 66.5479 15 
73.6115 97.8046 15 28.7669 93.5116 15 16.9251 86.8357 15 
97.9104 46.6966 15 65.5312 96.81 15 46.8688 5.41745 15 
33.1896 6.95162 15 59.5775 77.4995 15 103.442 49.229 15 
103.062 56.054 15 6.12451 63.4238 15 59.6622 76.2954 15 
92.9586 81.6661 15 88.7954 84.0912 15 59.3401 75.0166 15 
58.6885 73.8734 15 56.061 71.5615 15 55.049 71.0988 15 
51.6885 70.5649 15 46.4606 73.2824 15 45.6685 75.9364 15 
45.8341 79.2173 15 49.14 83.7938 15 53.9166 84.0957 15 
56.3122 84.1919 15 58.5492 31.1976 15 57.9254 32.1551 15 
59.5784 27.4246 15 59.1118 25.1208 15 57.2617 22.1054 15 
55.1881 20.7724 15 51.6383 20.3345 15 45.4642 26.9691 15 
46.314 30.4189 15 47.7638 32.3333 15 49.3198 34.0763 15 
52.9645 34.5008 15 54.0876 34.1756 15 62.5319 97.9868 15 
5.00809 60.1832 15 57.0174 72.1789 15 53.9923 70.7541 15 
52.8632 70.5504 15 45.887 74.6929 15 50.5107 70.7548 15 
49.3231 71.1571 15 48.2897 71.8747 15 47.5941 72.7021 15 
45.6559 77.0612 15 47.4451 82.3818 15 45.7077 78.1239 15 
46.1897 80.3006 15 48.3995 82.9391 15 50.4127 84.4513 15 
51.8334 84.5047 15 52.8676 84.1512 15 57.3219 83.1206 15 
53.974 20.4537 15 58.1237 82.0905 15 59.4648 28.5904 15 
59.4502 26.2371 15 58.6595 24.0679 15 58.0771 23.0346 15 
56.2759 21.3637 15 52.8059 20.383 15 47.2667 22.4405 15 
50.3469 20.4471 15 49.1972 21.0455 15 45.7541 24.8502 15 
35.5298 10.4879 15 46.8762 31.436 15 45.8305 25.951 15 
45.4944 28.2626 15 45.8701 29.3996 15 55.0422 33.7476 15 
50.54 34.3326 15 51.7318 34.5281 15 57.8867 72.9554 15 
71.8193 94.6201 15 17.4029 83.349 15 20.4555 85.4459 15 
91.4547 78.9673 15 100.857 54.9828 15 89.9736 81.8002 15 
86.2302 85.6546 15 30.8677 95.0249 15 68.5655 96.3756 15 
59.4602 99.5105 15 38.4405 96.7477 15 41.962 97.556 15 
15.0108 82.1718 15 13.8816 80.1449 15 11.1346 75.0988 15 
27.0215 90.9356 15 7.43913 68.1709 15 44.158 5.20962 15 
4.71858 57.6604 15 50.3558 7.20036 15 9.52316 36.2059 15 
31.3337 9.96133 15 14.0211 24.6784 15 28.6214 11.8737 15 
40.6681 9.76045 15 87.8015 21.842 15 6.55382 39.2682 15 
61.4784 6.77156 15 69.84 9.73059 15 77.8725 12.3037 15 
75.3353 10.4625 15 80.7627 14.8561 15 83.4951 15.7495 15 
89.4821 26.279 15 95.9798 35.7156 15 95.5321 30.2459 15 
98.9019 41.5368 15 102.013 51.4906 15 95.0607 66.3561 15 
82.1521 86.9883 15 98.0841 61.6233 15 59.8166 78.7477 15 
54.9566 85.2973 15 46.6877 81.368 15 56.9259 32.8695 15 
58.5891 81.0315 15 59.1814 29.5608 15 48.2356 21.741 15 
46.0559 23.3493 15 47.8332 33.82 15 55.947 33.3324 15 
79.6024 90.6402 15 23.4687 88.7053 15 12.6082 77.7229 15 
4.16077 55.5025 15 53.9894 7.36088 15 93.2277 76.6249 15 
59.5216 30.5993 15 59.4029 80.1377 15 10.8879 29.818 15 
26.0754 12.8565 15 57.7768 6.47212 15 73.042 9.6405 15 
4.97795 53.4163 15 98.248 56.934 15 34.1783 96.6641 15 
53.0995 99.3435 15 56.4086 99.9436 15 48.9472 97.3643 15 
45.0866 99.1881 15 9.15873 73.3942 15 15.0421 74.4976 15 
8.13651 71.3845 15 92.6708 28.9211 15 5.55394 50.511 15 
6.03628 42.2046 15 61.6291 77.382 15 18.9898 19.6074 15 
17.1666 22.5622 15 21.3854 17.0045 15 24.2791 14.8821 15 
42.2467 6.18629 15 65.7161 7.24068 15 61.6013 80.1913 15 
60.4961 25.2612 15 85.2706 16.9811 15 86.6055 18.7661 15 
53.6715 69.5276 15 96.3055 32.6499 15 97.855 38.5652 15 
15.8077 35.1223 15 60.5506 73.4577 15 92.2544 61.9411 15 
93.6903 70.8098 15 94.0148 74.168 15 44.6295 73.6571 15 
50.9165 35.6623 15 54.8531 69.9357 15 49.517 69.5696 15 
44.5415 76.5929 15 50.9598 69.5772 15 28.7472 85.6707 15 
94.335 40.9774 15 97.3674 52.7654 15 63.8912 18.5919 15 
76.8576 16.7303 15 88.0861 32.4699 15 60.8094 26.6562 15 
44.0122 24.0272 15 59.863 24.1585 15 54 35.6002 15 
58.2285 71.6399 15 54.9874 34.7624 15 48.8153 19.1637 15 
59.5492 22.8874 15 5.25609 47.7776 15 66.8024 92.2118 15 
75.3738 91.7678 15 57.1266 70.8856 15 57.8546 84.7472 15 
52.2804 69.2836 15 44.4972 75.2297 15 45.9684 21.6554 15 
47.9423 70.349 15 47.492 83.994 15 55.0541 18.259 15 
49.7551 35.2169 15 58.7452 21.6075 15 55.9015 12.3385 15 
50.9328 18.3864 15 47.9998 20.4729 15 52.404 35.8518 15 
36.8625 93.0519 15 93.7191 56.8001 15 70.6784 89.3422 15 
83.1232 80.018 15 32.2614 91.0071 15 90.9344 49.2613 15 
11.3046 70.8445 15 10.85 64.6532 15 52.329 14.2821 15 
6.14831 45.1539 15 47.6509 13.4043 15 59.5912 14.4069 15 
32.3348 14.1832 15 20.7444 80.2867 15 40.9747 93.0198 15 
87.2436 82.1954 15 56.6944 96.3073 15 17.4029 27.94 15 
60.904 75.326 15 55.9855 70.3389 15 45.6071 82.8339 15 
56.9449 86.7448 15 55.8254 34.298 15 58.2543 33.8911 15 
60.8555 28.1493 15 43.8799 21.6284 15 57.5992 20.5584 15 
48.5184 35.2755 15 53.3925 19.2766 15 47.1313 21.218 15 
52.311 19.2686 15 44.8095 77.6496 15 10.6385 42.3884 15 
48.7899 85.7597 15 59.1142 72.6016 15 46.8466 71.639 15 
44.6438 78.7679 15 56.3501 19.9338 15 53.6642 89.3714 15 
16.6925 80.2124 15 22.8393 23.3376 15 51.1038 86.3759 15 
15.2311 77.9934 15 45.1242 94.3297 15 27.983 15.373 15 
8.19098 59.0192 15 59.9633 95.8597 15 93.3851 32.7536 15 
44.2731 7.92198 15 48.9666 89.5103 15 65.3236 80.1005 15 
25.4874 18.4986 15 72.9368 13.4761 15 60.0592 82.1495 15 
53.5243 37.7647 15 81.7139 27.4805 15 91.7262 36.5585 15 
37.4922 79.7866 15 64.6899 84.3933 15 63.2733 74.4941 15 
44.9543 71.8077 15 73.887 83.8253 15 88.2688 79.4199 15 
62.6742 93.7523 15 45.4967 81.2235 15 53.059 85.4346 15 
8.69952 48.2243 15 86.3225 57.8525 15 49.4839 36.7637 15 
44.9063 80.1394 15 59.7167 32.2901 15 61.354 35.8213 15 
32.1485 21.3455 15 89.4454 74.7013 15 23.0319 41.6561 15 
9.0777 53.5427 15 60.3831 29.5672 15 82.6433 19.5127 15 
59.6104 19.3756 15 43.525 27.7981 15 44.5154 25.8294 15 
44.6202 29.2972 15 58.742 83.4845 15 46.159 32.9395 15 
56.7732 34.0164 15 78.718 37.0315 15 24.3067 83.6246 15 
39.2458 17.2406 15 22.5351 32.0027 15 42.3875 25.5844 15 
42.6513 72.572 15 47.784 67.8774 15 62.1294 25.5229 15 
45.6543 31.402 15 45.219 30.3358 15 45.101 86.858 15 
67.3215 76.5229 15 6.31278 55.77 15 58.4125 91.4628 15 
87.0803 40.6184 15 38.9617 87.8925 15 16.5142 67.4972 15 
15.4087 50.1732 15 62.8374 29.6573 15 45.8422 69.7624 15 
46.026 19.322 15 43.2277 70.036 15 88.2412 66.8677 15 
55.7437 69.1614 15 42.8992 79.8397 15 39.3095 27.3182 15 
50.8485 67.6129 15 62.8217 71.7044 15 62.4257 27.2868 15 
66.3473 25.3536 15 46.0418 36.6032 15 44.1929 81.4783 15 
74.2383 74.6573 15 57.0911 69.3354 15 53.4253 67.7643 15 
42.3535 83.2089 15 43.169 31.532 15 81.9656 72.1386 15 
32.0753 31.8664 15 56.4523 35.9923 15 60.9712 30.9607 15 
60.422 86.1138 15 58.3665 70.1921 15 14.4567 59.0912 15 
61.7229 23.3767 15 67.2285 32.881 15 67.0218 71.7096 15 
54.6785 68.7321 15 55.3767 40.9355 15 60.1223 70.9544 15 
26.0684 61.0323 15 43.0655 76.1075 15 28.098 77.3341 15 
60.5804 21.3217 15 40.6194 23.0306 15 43.1481 74.462 15 
57.5251 18.6856 15 43.5818 77.7231 15 78.8088 48.3815 15 
60.5879 42.0713 15 17.8801 77.2754 15 20.9229 73.6889 15 
36.4895 42.2198 15 51.3837 37.2251 15 62.3455 32.4517 15 
63.2134 68.0385 15 68.3987 41.0216 15 38.091 70.2872 15 
73.2019 63.7086 15 40.9068 74.9332 15 65.7998 50.8779 15 
41.6681 77.6033 15 50.4148 40.225 15 43.8694 66.444 15 
48.3925 63.161 15 53.3438 64.537 15 45.4057 46.3864 15 
59.116 68.1647 15 40.0585 58.5062 15 55.9655 67.3493 15 
59.562 62.1796 15 54.8585 49.0599 15 52.8318 17.9574 15 
47.9563 55.3259 15 52.9178 59.0665 15 40.2468 35.2187 6.08635 
66.4524 33.1081 6.23552 56.2175 41.2884 5.77145 60.4663 27.5529 4.79009 
66.7514 27.3223 7.22332 61.9528 39.1568 5.68158 52.0696 16.5797 4.18232 
45.0819 17.0204 5.0039 57.7565 69.8698 3.15309 50.2464 68.7709 4.62504 
43.9797 85.51 4.58695 45.6508 86.1645 11.5221 62.4047 85.2945 7.82646 
57.5896 91.0629 5.08478 61.0842 79.2149 4.97608 67.1623 78.8797 6.23842 
61.0144 79.1134 10.9366 63.2072 72.7964 5.05265 67.5705 73.8053 5.87375 
63.338 71.9813 11.4433 40.8436 20.3866 11.6801 44.6952 16.9077 11.462 
50.7194 15.5123 12.4461 55.3511 14.735 12.0652 68.248 77.6775 10.7389 
55.8328 90.4525 11.7369 51.2149 93.6308 11.2674 44.4736 90.6777 11.1397 
49.9206 69.1204 10.735 60.3413 74.431 13.1439 58.2043 71.9567 12.6051 
60.3675 77.7966 12.9131 58.6998 77.1067 13.6415 63.187 75.8639 11.961 
67.8238 84.094 10.9311 60.454 80.6403 12.3108 62.1622 90.4879 10.0924 
59.9327 77.1136 9.34843 58.5012 75.3517 13.6839 60.4733 71.4648 12.1361 
61.0587 74.118 8.8454 58.2853 76.289 12.7357 59.4506 76.3808 11.6318 
58.0206 72.0818 8.70585 58.2632 76.398 11.8353 58.2419 74.4337 11.6473 
58.2503 76.9408 11.2452 63.8349 77.3149 8.84336 60.6247 80.3858 9.28127 
60.5734 77.4683 6.43768 58.4022 76.7561 10.2084 58.4738 74.3362 9.79258 
64.9983 74.4045 8.77255 60.4943 74.7086 6.01693 58.8854 76.6394 7.52545 
58.3938 76.7186 8.83472 58.4072 75.0787 8.42614 58.563 74.4974 6.93028 
72.8168 72.945 6.48218 63.3905 68.1881 6.07872 59.4102 72.4962 5.72289 
60.7529 74.9946 3.10193 59.4 76.3882 5.59545 63.226 76.5311 6.04669 
76.1925 81.3872 7.46049 67.7545 85.6442 5.65328 60.3803 80.1446 7.18789 
62.2217 89.5431 4.84216 60.8615 77.6517 3.00677 58.234 76.3754 6.30203 
58.0371 74.4973 5.58783 58.2515 76.8454 5.5992 59.4405 76.4907 4.05727 
63.7577 78.3273 3.04189 60.412 81.4718 3.02732 58.4455 76.269 4.51633 
58.6122 74.7131 4.24162 64.4516 74.8842 2.71492 60.0977 72.155 2.38136 
58.6315 75.889 3.47818 59.4976 76.1635 2.77039 58.1521 74.4933 2.695 
58.5269 76.1072 2.4489 59.5615 76.657 1.35517 58.2147 76.2167 1.50314 
58.6417 75.1058 1.29328 58.7044 76.6029 0.723239 58.0303 75.5753 12.2278 
58.1848 75.69 10.7617 58.4694 69.0659 10.117 58.1247 75.7936 9.4421 
57.947 76.0662 8.37996 57.9718 75.6175 7.49761 58.0871 75.5245 6.58799 
56.929 72.7491 5.73458 57.558 69.8953 6.3041 58.0025 75.6923 5.27514 
57.0471 72.8108 3.04795 57.8959 75.6232 4.12862 57.873 75.5373 3.23617 
57.8852 75.5675 2.36393 54.8563 70.1835 12.398 54.6592 69.546 9.21828 
54.736 69.1589 6.09946 55.0275 69.6491 2.70883 57.0686 73.089 13.4155 
56.8242 73.2146 11.709 56.9128 73.2695 9.94756 56.889 73.2252 8.60441 
56.9989 73.35 7.1287 56.9372 73.4485 4.46402 57.4882 73.3428 1.28521 
52.3042 69.145 12.1855 55.7417 71.597 13.5804 55.773 66.3156 11.275 
55.7591 71.8957 11.4319 51.3773 69.5122 8.56876 55.4648 71.9739 9.44586 
55.7291 71.9807 7.31926 51.9062 70.0585 5.90406 57.5495 65.3917 5.48475 
55.3667 71.5386 5.57287 52.3966 69.9529 3.2632 55.6438 72.188 4.30608 
55.1528 66.3776 2.36078 55.4375 72.0553 2.71649 55.9268 71.67 1.41176 
54.18 71.2627 13.4668 54.1261 71.2629 10.5803 54.1229 71.4648 8.81289 
53.9427 71.2703 5.92599 53.9443 71.207 4.55176 54.1668 71.4952 2.89363 
54.3688 71.3588 1.38245 52.717 70.6228 13.5659 48.911 69.5892 12.8764 
51.8512 65.8907 11.3833 53.1012 71.561 13.9945 53.1565 71.7808 13.0408 
52.7084 70.7735 11.6213 53.3219 71.6126 12.1483 53.0804 71.6596 11.0416 
52.9023 70.5398 9.74292 47.2517 69.4581 9.91007 47.6928 72.9215 10.3445 
53.075 71.743 10.1441 53.1746 71.7796 9.07436 52.4281 71.3357 8.41823 
47.475 72.5525 5.58299 49.1275 68.9762 6.83137 53.0607 70.7063 7.21016 
52.0477 66.8259 6.99283 51.8528 62.6513 5.71182 53.1824 71.761 7.62745 
54.2596 71.6134 7.11512 53.2801 71.8204 6.77295 52.6859 71.2127 5.74275 
53.0338 71.7858 5.99416 52.3632 71.0756 4.74089 48.9558 69.8249 2.29823 
52.1406 66.91 3.28763 53.0972 71.7925 5.03626 53.0455 71.6066 3.77956 
53.0872 71.6115 2.20805 52.7932 70.4604 1.43394 53.2518 71.5249 0.927952 
51.1818 70.6278 13.2511 52.2095 71.48 12.8516 50.92 70.6097 11.3822 
52.4021 71.7612 11.6023 51.4164 70.6538 10.1796 52.2068 71.5824 10.4085 
52.1541 71.5358 9.43568 50.9706 71.6388 8.53968 51.6441 70.8835 7.48559 
52.1912 71.6878 7.60299 52.3251 71.5455 6.79951 52.1015 71.6202 6.08553 
52.421 71.8443 5.54044 51.0556 70.7012 4.37704 52.315 71.862 4.83211 
52.071 71.6586 4.06558 50.7154 70.9636 2.91282 51.9828 71.5298 3.1897 
51.9784 71.4269 2.24861 50.8063 70.5709 1.41866 52.3791 71.7404 1.5256 
52.1299 71.4412 0.714694 52.0375 71.4953 13.9403 51.5724 71.3706 12.0344 
51.7927 71.403 11.1625 51.7645 71.4861 5.40362 51.5485 71.7643 4.69884 
51.5568 71.6266 1.49888 50.8595 71.7616 13.9919 49.7249 71.4764 13.4185 
49.025 66.8505 12.4389 51.358 71.7869 12.996 49.6014 71.8159 11.4772 
50.7226 71.8797 12.2433 51.1261 71.7439 10.8103 49.6807 71.8572 9.81462 
47.9389 64.7931 8.87521 51.0876 71.8526 9.60598 49.7348 71.6964 7.36212 
46.4608 69.7387 3.03529 49.231 65.9101 3.80983 51.3003 71.8565 7.43954 
51.0897 71.7187 6.48886 49.51 71.3522 5.67937 50.7335 71.855 5.33909 
49.7569 72.0716 4.38051 51.0765 71.7958 3.67747 49.3112 72.0261 2.70375 
50.7409 71.9221 2.03393 49.6635 71.8468 1.03178 50.9075 71.5271 0.840291 
43.3524 71.1796 11.539 42.9996 70.1208 4.93312 43.9986 74.356 13.0582 
43.7308 74.484 10.4906 44.2088 74.5692 7.41439 43.9582 73.4632 2.88308 
43.3013 77.5741 12.6819 43.7283 77.2772 9.49173 42.904 77.6927 6.7492 
36.5352 79.3157 6.55032 43.4122 77.5491 3.01529 47.0499 74.8342 13.9826 
45.5667 75.1936 13.8039 47.0134 74.5587 12.569 45.4026 75.3583 11.1435 
47.1613 74.8638 11.1511 40.2844 75.3205 10.7649 47.1658 74.8689 10.0009 
47.1787 74.8327 8.89133 45.6108 75.1358 9.09192 47.2733 73.9331 7.81687 
38.4163 73.8608 5.19658 46.8595 74.6719 6.6111 45.377 74.9956 5.36493 
47.2617 74.6625 5.68829 47.0344 74.7458 4.71853 46.1685 74.4252 3.14974 
47.1029 74.4942 1.67194 45.0598 75.2101 1.29641 46.7216 74.8547 0.77115 
46.6338 76.1831 13.8971 46.5567 76.0838 12.7711 46.7315 76.1078 11.5488 
46.812 76.1102 10.417 46.7103 76.0103 9.43693 46.865 75.932 8.50038 
46.618 75.9978 7.57384 46.6077 76.1266 6.47701 46.7159 76.0734 5.52435 
46.7946 76.0393 4.44206 46.8364 76.1305 3.33412 46.7234 76.0377 2.23734 
46.6413 76.0731 1.20558 44.2536 80.7159 13.0148 47.5918 82.8415 12.4807 
43.9431 80.9066 9.76383 47.7713 83.3409 9.46174 44.1769 81.7544 5.75044 
47.986 83.0475 5.83522 44.9719 80.4867 2.93537 47.9332 83.2286 2.62285 
46.632 79.0311 13.7846 45.434 79.6123 13.4379 44.7647 82.9668 12.0839 
47.6356 81.3083 13.5945 48.5008 86.3867 11.9456 46.2899 97.0194 10.6661 
46.7492 79.4547 12.3264 45.3726 79.7356 10.5778 47.6306 81.432 11.5329 
46.8359 79.5069 10.8539 40.8456 80.7315 10.7225 44.3878 83.7155 8.50945 
47.5672 81.4363 9.9314 46.1262 87.7348 8.08166 46.6152 78.9699 9.1807 
45.5728 79.5032 8.10389 47.3997 81.2077 8.56829 46.8117 79.6041 6.87208 
45.2582 79.7725 6.1111 40.3716 78.9855 6.31933 37.4517 84.6493 6.39136 
37.5843 91.3952 7.03462 47.7741 81.4371 5.83868 47.2441 86.0076 5.69068 
45.2037 91.8574 4.4038 46.8707 79.6864 5.6442 46.8695 79.2477 4.67999 
45.5444 79.2428 4.27396 41.7952 80.9339 2.84504 45.3656 82.6795 2.37267 
47.6397 81.5239 4.43055 46.7682 85.6663 2.01808 46.8723 79.5601 3.58416 
47.887 81.5169 2.84671 46.7624 79.6059 2.50823 46.7153 78.8953 1.64246 
45.4883 79.5725 1.19823 47.5458 81.3663 1.34947 46.705 79.1287 0.787408 
51.4946 97.6727 10.5675 48.8781 86.0614 8.31597 49.6936 85.9751 5.85158 
52.2207 90.9715 3.90426 47.6738 81.4549 7.18329 49.3712 86.0679 2.70679 
51.9299 86.2479 11.9767 51.1619 86.0726 9.26764 51.7595 86.2042 7.01195 
51.9722 86.6409 3.24807 49.6977 82.8718 14.0277 49.1272 84.1425 13.608 
51.4617 89.2251 11.5085 49.8646 82.9134 12.8788 50.0346 82.6673 11.9967 
49.225 83.5262 11.7566 50.127 82.9074 11.0911 50.1174 82.7549 9.85738 
49.4351 83.8065 9.75234 49.5926 89.3144 6.92109 50.1536 82.8729 8.65057 
49.5873 83.4389 7.57728 49.9156 82.9321 6.37725 49.3143 83.9139 4.58903 
49.9995 82.7815 5.23086 48.9822 88.7244 2.54637 50.0863 82.7054 4.18646 
49.8922 82.9976 3.29029 49.4011 84.2263 1.68296 50.0338 82.8384 2.37675 
49.8842 82.8317 1.52593 49.8637 83.0486 0.670496 56.7221 82.4972 12.3437 
55.207 86.5198 12.7532 56.8523 96.8213 10.702 50.9376 83.4145 13.8511 
50.9372 84.593 13.1033 50.8853 83.2776 12.2443 51.2805 84.1861 11.0946 
51.5337 83.2797 11.2556 56.7418 82.3946 9.40858 54.0523 87.1593 9.51213 
51.1472 83.2833 10.2311 51.4474 84.3208 9.53022 53.4115 90.5684 8.45716 
51.196 83.1916 9.08731 51.4907 83.739 7.81153 56.8093 82.8417 6.9451 
54.4812 85.0855 7.39368 56.5207 96.9827 4.56648 51.1321 83.257 6.71703 
51.1676 84.5323 6.03971 54.2567 88.5983 6.21276 51.1599 83.3527 5.76553 
56.8785 82.4867 3.64606 54.8772 85.5366 3.57326 51.3512 83.0912 4.87483 
51.3236 84.1227 4.49941 50.9966 83.2513 4.00078 50.8757 84.4114 3.03844 
51.0916 83.3335 2.80993 51.2911 83.1681 1.59929 50.9985 84.4516 1.45949 
50.7539 83.4601 0.71463 52.208 83.5333 13.9994 51.5851 83.3967 13.0424 
51.757 83.625 12.2412 52.1624 83.5371 10.4569 52.2413 83.5406 9.39385 
52.2642 83.1657 8.54707 52.1491 83.4333 6.69471 52.2176 83.4283 5.04197 
52.2097 83.3512 4.22983 52.0569 83.5848 3.38564 52.2115 83.6028 2.3302 
51.5183 83.2392 0.687451 52.5736 84.5033 13.3833 52.4571 83.3689 12.9067 
52.4358 83.235 11.9818 52.5327 84.2222 11.7256 52.4376 83.2362 11.2095 
52.6893 84.7749 10.087 52.8287 84.204 8.01733 52.7039 84.4361 6.54378 
52.3618 83.518 5.89574 52.8998 84.6692 4.80619 52.5501 84.7102 3.01409 
52.3068 83.44 1.11603 52.6858 84.6442 1.11343 53.3557 83.4456 13.9049 
53.4205 83.4902 12.7607 53.4311 83.3548 11.7984 53.3705 83.474 10.6218 
53.464 83.4216 9.04576 53.4857 83.5191 6.49825 53.4176 83.59 5.53817 
53.582 83.3333 4.62039 53.2715 83.5643 3.56407 53.6285 83.5407 2.34746 
53.582 83.4358 1.07745 59.8042 83.0078 11.9498 58.0681 86.1248 12.1139 
54.7622 83.1025 13.7689 54.5872 84.5905 13.607 54.6649 83.0023 12.4101 
54.1425 84.5029 11.7794 60.2199 82.351 8.97192 57.789 86.5126 8.59032 
55.1667 82.9034 10.803 54.9544 84.9336 9.99585 54.6249 83.0457 9.66773 
54.7878 83.0627 8.42827 59.3947 83.0258 6.5345 57.2277 85.92 5.68635 
54.8945 83.2153 7.02981 54.7365 84.3009 6.02527 58.0798 85.6175 2.64691 
54.7842 83.3304 5.36039 55.1551 84.2056 4.59826 55.0728 88.317 3.34008 
54.6415 83.0523 3.58104 55.453 82.9561 1.93646 54.7569 84.7918 1.53213 
54.8323 82.991 0.812254 58.5999 80.4732 13.3432 63.353 80.8138 12.6994 
58.0769 80.7417 11.8476 58.1812 80.6778 9.97624 63.3969 80.5693 9.70856 
58.384 80.6783 7.90093 62.8547 80.3407 6.7465 58.1599 80.9807 5.98527 
57.84 80.6663 4.44855 64.1123 81.3578 2.87219 57.9473 80.8388 3.09638 
58.4378 80.716 1.66418 58.2464 79.6936 14.1783 58.1065 78.9948 13.565 
58.819 78.6889 13.2642 57.9704 79.4039 12.6409 57.9717 79.2963 11.8881 
59.4419 79.0631 11.5766 58.0649 79.4224 11.0803 57.8714 79.4303 10.266 
58.9469 79.1389 9.74022 57.8895 79.3823 9.54989 58.01 79.7117 8.61651 
58.4595 78.4986 8.13619 57.9442 79.4031 7.48559 59.2886 78.8035 7.48418 
58.0671 79.4378 6.58401 59.2592 78.8987 6.03522 58.0379 79.3964 5.33577 
59.3562 78.6993 4.48186 58.0014 79.3283 3.76929 59.161 79.1474 2.93036 
57.8631 79.857 2.69009 58.1131 79.348 1.68875 59.5108 78.6204 1.30806 
58.331 79.7027 0.879592 58.4677 78.1585 14.2989 58.1291 78.0338 13.6253 
58.3771 78.1799 12.6229 58.359 78.0391 11.5328 58.4452 78.2781 9.41615 
58.313 77.6338 8.65856 58.461 78.1969 6.87344 58.3766 77.986 5.3776 
58.2708 78.1174 3.75104 58.3243 78.2108 2.0973 58.4743 78.291 0.931846 
58.4878 77.2883 1.2208 58.7882 77.2047 2.2347 58.6291 77.1735 3.45924 
58.4306 77.1992 4.63383 58.5398 77.2009 6.39681 58.3462 77.3537 9.51968 
58.643 77.6645 10.4521 58.3486 77.1384 12.3386 60.6148 26.3261 12.576 
58.9683 26.9816 13.0691 60.2891 29.3241 12.6373 59.9429 23.3894 12.8757 
60.2758 26.1692 8.62871 57.7422 20.7445 13.3837 56.921 10.6196 9.47641 
58.345 26.4194 13.8696 58.7733 24.8551 13.3251 58.2806 26.3014 12.3266 
59.0285 26.6466 11.5819 58.3975 24.6446 11.8849 58.274 26.6848 10.7198 
59.4137 27.0385 10.2434 63.2575 24.7067 11.187 60.4404 29.2034 9.44359 
60.2279 23.7411 9.20825 65.1409 21.902 6.49759 60.1225 26.1181 6.07154 
57.1178 20.2551 9.32523 58.6106 24.865 10.2243 58.3341 26.3804 9.5245 
58.9399 27.1319 8.43868 58.0804 26.4671 8.65683 58.3683 25.0756 8.68029 
59.0755 26.783 7.14655 58.8432 24.3041 6.86257 62.7229 25.0842 6.67485 
74.6735 26.5615 7.04416 59.6089 28.8685 6.96532 60.0406 25.8657 3.01709 
56.8585 20.1089 6.45381 56.998 15.3146 5.83378 58.8038 27.0461 5.57951 
58.4111 26.5932 6.3914 58.1746 25.439 5.76975 58.1372 26.4784 5.09698 
58.9027 26.9976 4.32493 63.0032 26.062 3.56059 60.7326 29.0837 2.66117 
60.2745 23.3287 3.58704 58.1885 20.1448 3.54751 58.6754 24.8839 4.61977 
58.1733 26.219 4.16606 59.1948 27.4097 3.1 58.4483 26.7328 3.31794 
58.5818 24.8738 2.82824 58.2503 26.5086 2.51746 59.1281 26.575 1.36532 
58.1074 26.5057 1.70758 58.5179 24.5194 1.35144 58.145 25.2922 14.1883 
55.7815 20.2688 12.9929 57.8458 25.472 12.4295 57.9877 25.5722 11.2899 
57.8615 25.6288 10.3218 57.8517 25.5163 9.54162 58.2025 25.6774 7.6136 
58.1088 25.6355 6.68301 57.8326 25.5188 4.81081 56.09 20.8442 3.79273 
57.9867 25.6025 3.59016 58.0189 25.5324 2.29205 58.2839 25.7534 1.04028 
52.652 19.599 13.1961 50.6962 10.7604 10.7765 53.6464 18.0393 12.0975 
51.7915 19.2829 9.21989 55.0318 17.8524 8.67266 52.0821 19.6258 5.9304 
50.8445 11.4988 5.67554 54.7874 19.117 5.21013 52.0613 19.3463 2.58174 
54.7584 18.8311 2.21179 57.1327 23.1081 13.3816 60.2611 20.9276 12.3816 
57.7944 17.7226 12.2876 57.041 23.0955 11.578 56.9627 23.2491 9.91148 
60.2526 20.812 9.16038 59.2819 16.5631 9.34723 56.9524 23.0532 8.56786 
57.0076 23.1283 7.08818 59.8237 20.5524 6.23495 63.3416 16.6336 6.22692 
70.3715 14.5966 6.58151 57.1761 23.0735 5.73015 56.9277 23.2072 4.36976 
61.081 20.676 2.7707 58.971 16.5416 2.72711 57.0145 22.978 2.29551 
49.3315 21.1305 13.158 54.2119 21.5095 13.427 54.7927 21.6928 11.7143 
48.8174 20.6187 9.30352 54.9794 21.4975 10.0177 54.4641 21.497 8.55322 
48.7873 20.8565 6.35562 54.8632 21.6449 7.0424 55.1146 21.6505 5.76029 
47.9874 22.4898 3.69412 54.7524 21.8547 4.47261 54.8026 21.8724 2.77991 
54.9652 21.3909 1.33326 53.1892 21.0734 11.4231 53.2464 21.4262 9.95765 
53.3066 20.7103 7.47776 52.8376 21.4991 5.30257 53.5108 20.5264 4.16963 
53.4221 21.009 2.76252 53.3579 20.7722 1.24391 52.4821 21.547 14.1405 
51.6448 21.1424 13.4862 47.8603 22.5985 12.1746 39.0919 15.419 9.758 
44.7221 10.6474 11.4648 48.6129 19.037 11.9347 52.6709 21.568 12.3794 
51.1997 21.0113 11.7553 52.5462 21.7621 10.8131 51.468 21.2952 10.1835 
47.3609 22.7299 9.54009 48.3436 17.0218 9.42884 52.5608 21.6455 9.18743 
51.4794 21.4275 8.53532 51.4242 21.1512 6.98406 47.7326 22.8906 6.60914 
40.3607 19.8821 5.71502 42.3644 10.7833 5.70761 48.0122 18.6138 6.54951 
52.7435 21.7042 7.88686 52.538 21.5863 6.61929 51.333 21.6131 5.50386 
51.1814 20.936 4.30033 48.9089 19.1515 3.54049 52.571 21.5401 3.71011 
51.456 21.3931 2.72199 52.6294 21.6816 1.91717 51.5973 20.9524 1.2492 
52.6299 21.5171 0.880235 50.1661 21.9008 13.916 43.9967 23.7753 12.3064 
50.9167 21.7749 12.7944 50.1267 22.0205 12.0167 49.3158 21.2184 11.6005 
50.2915 22.0826 10.7768 43.8541 23.5912 7.39317 49.92 21.1922 10.1432 
50.2487 21.9838 9.12388 50.1479 21.1296 8.58733 50.4393 21.9446 7.58476 
49.751 20.8553 7.49218 50.213 21.948 6.59645 49.6039 21.4562 5.26796 
50.2728 22.1414 5.16566 43.8472 23.1671 3.18553 50.182 21.9705 3.65694 
49.3835 21.0806 1.65793 50.1886 22.0744 2.03588 50.2086 21.9282 0.774296 
43.6868 26.6351 11.9138 43.6954 26.1701 8.91575 44.002 25.7511 6.0958 
36.5407 26.7078 7.2695 43.8424 26.0433 2.30734 46.9439 25.4455 13.8763 
46.1702 24.3891 13.2999 47.0494 25.2583 12.7948 47.1201 25.2567 11.486 
46.4223 24.4421 11.898 43.5365 29.4822 10.2709 47.2344 25.2348 10.3636 
46.3176 24.4021 10.1161 40.6377 25.0868 10.7076 47.0431 25.2753 9.47189 
47.271 25.4178 8.59267 46.6789 24.8736 7.987 42.113 28.9755 7.15406 
47.0947 25.2899 6.64166 46.5608 24.3822 6.43635 41.0283 25.4018 7.10141 
47.1144 25.2425 5.74816 43.8709 28.8488 2.65054 47.3008 25.1681 4.84865 
46.7683 24.1529 4.66107 40.9697 25.3494 3.49791 47.05 25.2827 3.6691 
46.2156 24.3685 2.41233 47.0398 25.3363 2.33166 47.0609 25.2487 1.31252 
45.6621 24.6163 1.13916 45.4958 26.0759 13.149 46.842 26.0888 12.4537 
46.8231 26.4413 11.3756 45.7946 26.2572 11.4779 46.6632 26.2087 10.3759 
45.5431 26.4218 9.60881 46.7079 26.3846 8.99303 46.1526 26.438 7.44627 
46.5905 26.6112 6.1131 45.8466 25.7903 5.8663 46.7057 26.0999 4.93047 
45.4839 26.4885 4.27661 46.7754 26.6135 4.05962 46.6453 26.4611 2.87913 
45.4221 27.0883 2.88332 46.8307 26.5463 1.68784 45.6268 26.6812 1.49057 
46.6202 26.4525 0.737011 46.5861 77.5312 14.1945 46.4788 77.553 13.0519 
45.1856 77.3827 13.6387 46.5604 77.641 11.9093 45.3258 77.7389 11.769 
46.5208 77.6395 10.6907 45.4979 77.212 10.0706 46.625 77.3391 9.60117 
46.1232 77.2167 8.59771 46.5935 78.0486 7.70214 45.9025 77.6475 6.90608 
46.4333 78.0692 5.86755 45.2652 77.3872 5.31704 46.4652 77.8071 4.7007 
45.5617 76.7456 4.1201 46.5235 77.4878 3.63198 45.7617 77.607 2.71649 
46.5961 77.3476 1.74209 45.2142 77.3086 1.27648 46.46 77.58 0.777611 
46.5661 26.6563 13.5744 46.3993 26.9275 12.3195 46.4638 27.318 11.1224 
46.5843 27.4534 10.1381 46.5306 27.5517 9.04907 46.4936 27.4063 4.98119 
46.5462 27.5491 2.35072 46.7437 27.5317 1.51236 46.5372 27.6238 14.0132 
45.6493 28.0442 13.5696 46.6973 27.6563 12.8741 46.7316 27.6487 11.9715 
45.7014 27.728 11.9868 45.2233 28.3383 10.1889 40.4047 29.0408 10.9992 
43.7339 32.6362 11.1016 47.6346 32.2334 10.2736 45.5602 28.0417 7.98391 
46.5801 28.0427 6.96483 45.2752 28.0946 5.9151 44.5257 31.5004 6.21647 
47.8436 31.8402 6.94621 45.7215 36.7896 6.87387 44.2671 44.7036 7.04261 
46.6794 27.7059 5.81107 45.7346 28.7361 4.09252 40.3604 30.312 3.29393 
44.52 31.5339 2.32958 47.2018 32.3069 4.2423 46.7043 27.6389 4.15559 
46.4867 27.5951 3.32224 45.8165 28.6344 2.48833 45.7329 28.2024 1.06673 
46.7834 27.777 0.695209 49.2489 33.7408 12.194 46.6791 28.6224 14.1021 
46.6928 28.5068 13.1583 46.6345 28.4817 12.2037 46.4969 28.7044 11.1049 
49.5716 33.0513 9.37923 46.7426 28.6287 9.89193 46.4978 28.7214 8.8534 
46.7777 28.6024 5.89147 46.654 28.7585 4.89022 46.8642 28.5151 3.97375 
46.7222 28.703 3.13784 46.72 28.6056 2.10506 46.7926 28.5808 1.28031 
46.7226 29.9617 14.009 46.1097 29.9999 12.56 47.1657 29.5318 11.8887 
47.1299 29.7796 11.0782 47.2236 29.7194 10.2412 46.4468 30.5675 10.2436 
47.1436 29.7003 9.06558 46.4339 30.2373 7.89935 46.6539 30.1017 6.27897 
47.2548 29.6711 5.61965 47.3003 29.7698 4.75545 46.5736 30.7023 4.45177 
47.1222 29.731 3.70423 46.5835 30.7596 2.55496 47.1649 29.6507 2.37357 
47.2422 29.5536 1.50221 46.2251 29.947 1.158 47.2094 29.6272 0.657054 
52.5343 34.7809 13.1648 49.2557 36.6992 12.2203 52.3062 35.0139 9.06291 
49.531 35.5649 8.85026 50.9413 40.9215 6.65385 49.3655 32.9967 6.23064 
48.9543 35.0551 6.16225 49.3603 33.6573 2.92816 48.9831 36.528 2.90252 
56.5191 34.4544 12.6994 51.9858 36.6791 12.1938 54.5555 36.1811 12.8397 
56.2053 33.2974 8.59422 50.8943 33.4455 13.4829 53.139 34.6013 10.8398 
52.2153 37.6015 9.52457 50.87 33.5721 11.6041 51.9893 33.4484 12.1021 
57.8387 35.0337 9.06539 55.0993 36.2861 9.25466 56.3307 34.6853 5.87251 
50.8287 33.9152 10.1051 51.4884 33.0647 10.8807 52.546 33.9816 8.22546 
52.3788 34.3236 5.78882 52.3187 35.9557 5.8641 50.9186 33.4929 8.4921 
51.8066 33.3231 8.96887 53.4931 34.4326 7.27617 59.6909 34.5044 6.2307 
55.0248 37.5747 5.92043 54.9873 33.611 2.72842 50.8865 33.6875 7.15217 
52.3567 33.2745 7.60836 51.8596 36.147 2.88501 50.7574 33.3375 5.53181 
51.5222 33.1612 6.25814 52.6664 34.1474 4.37414 57.4978 34.0316 2.03129 
55.2557 36.2309 2.40921 50.7657 33.8781 4.21501 51.6223 33.2906 4.69102 
52.8384 34.4064 2.53801 50.7449 33.4276 2.61606 51.5594 33.5396 3.22456 
53.0965 34.8821 1.28891 50.9957 33.8581 1.1991 52.084 33.318 2.101 
52.3145 33.5446 13.9837 52.3026 33.3206 12.9867 52.2566 33.374 10.7828 
52.413 33.3172 9.6799 53.1354 33.3235 9.04931 52.3543 33.3559 6.5588 
52.2579 33.2326 5.51292 52.328 33.3972 3.70159 52.5674 33.695 1.02365 
53.5668 33.7414 14.2151 54.7167 33.4145 13.4451 53.1879 33.2752 13.3189 
53.1123 33.4212 12.1294 54.6159 33.3668 11.6258 53.2474 33.2281 11.223 
54.8279 33.2447 9.9313 53.3722 33.2837 10.3487 54.4393 33.4723 8.51772 
54.8294 33.1862 7.08662 53.408 33.2782 7.65778 53.3608 33.3151 6.63047 
54.6595 33.2872 5.59488 53.1815 33.2387 5.36204 54.4588 33.7911 4.23116 
53.2325 33.2269 4.15436 53.2645 33.4011 3.19876 53.3072 33.4048 1.94815 
55.0399 33.3762 1.15645 53.5709 33.6319 0.855685 60.0742 31.7882 12.7686 
59.9813 31.8286 9.28166 60.4301 31.3815 5.79851 60.1985 32.4651 2.40741 
56.9997 31.9848 13.4168 61.1275 34.9835 10.5614 57.9558 36.9059 12.3714 
56.9055 31.7998 11.6372 57.0657 31.8236 9.95416 58.4377 37.9255 8.17769 
57.0523 31.9086 7.33634 69.137 41.435 7.19157 57.0192 31.8935 4.94823 
58.5009 36.7585 3.43868 56.9611 31.7765 2.86879 57.153 32.0128 1.32988 
58.8142 30.171 13.5408 58.6748 30.1764 11.4074 58.2475 30.0754 9.87147 
63.5565 29.8287 10.9907 58.1696 30.2797 8.55504 58.493 30.6734 7.09376 
62.6533 28.3151 6.66483 58.5484 30.0997 5.74114 58.4414 30.5431 4.24586 
63.4972 29.6484 3.19629 58.429 30.4438 2.61493 58.7998 30.0612 1.36997 
58.2165 29.2532 13.8717 59.4867 28.3453 13.4835 58.0294 29.391 12.4182 
59.5374 28.1786 11.6221 57.9276 29.3434 11.314 58.0422 29.2009 10.395 
59.1433 28.4406 10.1293 58.6296 28.6646 8.42811 58.0746 29.6442 7.55207 
58.0649 29.5905 6.68172 59.0238 28.1884 5.82249 57.9692 29.6219 4.88377 
59.1263 28.8569 4.5073 58.0083 29.24 4.10755 58.1925 29.3759 3.26303 
59.0734 28.5918 2.48127 57.7897 29.6407 2.32273 57.8894 29.3492 1.51986 
59.3687 28.323 1.07 58.1916 29.6595 0.732347 58.3986 27.7518 0.768735 
58.3532 27.819 1.96065 58.3519 28.0853 3.63792 58.2831 28.0253 4.8421 
58.1801 28.0512 5.75132 58.3445 27.7448 6.56559 58.3709 27.7172 7.49855 
58.1585 27.9323 8.61223 58.415 27.7175 9.49916 58.2792 28.0186 10.3396 
58.5061 27.7966 11.2094 58.4521 27.8286 12.4137 58.5019 27.7069 13.8472 
58.375 28.4003 14.4485 58.4291 28.7161 13.0431 58.659 28.6534 12.0303 
58.4654 28.6758 11.055 58.2559 28.8787 9.45777 58.1319 28.7984 7.49559 
58.1108 28.6615 6.80747 58.328 28.8855 6.19771 58.1486 28.8741 5.48041 
57.9128 28.8944 4.85951 58.2527 28.9132 2.079 58.4467 28.6394 0.816513 
101.474 59.0781 10.6347 96.0279 62.2407 10.9115 100.942 63.0232 12.4352 
100.784 63.3464 9.29969 101.764 59.188 7.14967 97.4401 62.1834 5.91821 
101.257 63.2219 6.18317 101.358 59.4663 4.12369 100.819 63.0497 3.05624 
94.7888 68.2807 11.0462 99.0656 66.491 10.4683 95.238 67.8643 5.41433 
99.7795 66.9895 6.58933 99.5792 66.3918 3.4291 98.1414 69.3499 12.1763 
97.8124 71.4855 8.87164 98.4141 70.7445 3.37204 95.2901 75.644 4.09781 
90.9217 74.31 8.73755 93.0264 79.9225 10.3187 91.7721 81.6317 3.92062 
90.1705 83.3593 12.3514 88.9553 82.5562 8.42526 83.2238 84.8461 5.19408 
85.9887 87.45 10.8303 87.9327 87.1608 7.04813 88.4041 86.1098 3.27152 
78.2308 89.4737 10.2454 81.6205 92.4569 11.1128 78.4442 90.0578 4.09175 
80.4278 93.5726 6.20071 83.8543 90.2488 7.1939 80.3075 92.6121 2.77874 
83.7667 89.6406 3.40428 76.2692 95.6239 12.1709 72.157 89.7325 10.2317 
73.6735 97.7885 10.3511 75.8437 93.658 8.72939 68.639 93.3661 5.10664 
75.4104 95.8023 4.73126 73.6986 89.7897 4.29352 70.1458 98.0176 12.2221 
70.259 96.2978 9.07229 71.1803 98.3457 6.30608 71.1943 97.9741 3.21081 
63.5943 100.901 12.6925 61.9444 96.3151 11.4735 66.0925 98.6354 12.0627 
63.4248 100.714 9.63927 66.6191 98.3487 7.96338 63.7721 101.234 6.1732 
61.4965 96.8387 5.3717 65.1854 99.8675 3.34449 59.7692 100.818 11.916 
58.5105 101.1 8.59064 60.7642 101.691 6.4652 61.2445 100.866 3.33931 
54.5567 101.383 8.30437 58.0177 101.303 4.35002 54.9215 100.881 3.313 
53.0556 101.229 11.7826 48.9114 100.557 11.9259 50.2554 101.214 9.05234 
52.6273 102.458 5.61774 51.0859 96.9297 5.61374 49.5317 102.423 5.863 
50.0908 101.076 2.75231 45.9821 101.596 11.4962 43.4182 101.181 12.7477 
46.7355 101.373 7.84765 43.544 100.594 8.96988 45.3304 97.7101 5.26705 
43.816 101.112 5.51062 46.8051 100.763 3.54616 43.7674 101.088 2.55816 
40.0608 94.284 11.9616 40.3438 100.823 12.2867 40.4179 101 9.33979 
41.8186 96.8468 9.45961 40.5301 97.3105 5.98331 40.664 101.289 6.39568 
40.8092 100.981 3.40287 41.7917 97.9327 2.8208 34.0343 97.3359 11.4094 
38.525 98.4225 11.9854 37.2251 98.9458 8.36793 33.9983 97.4776 3.98134 
37.8064 99.4172 3.52825 29.1842 95.3993 12.0733 30.5487 95.7536 8.62547 
29.0909 95.3802 4.41659 28.6097 89.9271 5.5436 26.4793 91.899 10.8108 
24.1721 92.649 6.10774 25.9374 92.4173 2.8551 23.2087 92.1479 12.6351 
22.88 85.6402 11.1903 22.3595 91.268 9.58071 24.1615 85.6527 5.45456 
22.2798 91.303 3.19966 17.1168 85.5915 10.7625 17.4666 86.6791 5.37545 
17.8614 79.673 7.53896 12.2988 80.2688 12.7943 10.1351 71.6839 10.9836 
12.9292 81.4798 9.82973 12.6542 81.9376 6.60494 13.5606 72.754 6.38344 
13.1235 81.666 3.04149 10.3367 76.7617 11.8158 7.925 74.7112 12.1532 
14.2644 77.2155 10.7681 8.50432 74.8172 7.67808 11.025 78.3619 7.39469 
11.5726 77.7404 3.1944 8.29374 74.3787 3.31864 6.50138 67.6739 11.5908 
6.48092 70.4576 6.08553 10.1905 67.4857 5.02265 5.70657 66.3747 6.88658 
5.11987 67.3183 3.82576 5.07435 62.6882 11.271 3.64805 59.6281 12.69 
6.13428 56.3642 11.5848 3.28367 58.2699 9.71697 4.56173 62.8786 6.72776 
9.52183 61.0143 8.75164 3.1918 59.5128 6.7968 7.59023 56.6678 4.97535 
5.49535 63.3305 3.45899 3.52467 60.4099 3.4227 3.43511 56.8793 12.4391 
2.93713 57.4201 3.38496 5.05176 50.6032 11.4295 2.44975 51.602 12.8816 
3.05809 54.6257 12.9924 7.47689 50.039 6.23231 3.21577 54.2277 9.76566 
2.81859 49.9098 7.42595 2.95216 54.7081 6.16241 3.05802 53.1285 3.20107 
3.46886 45.782 12.1263 4.95172 44.3885 8.10558 4.23442 43.8957 3.17165 
3.33782 48.6093 3.44942 7.00543 37.9107 7.52331 12.3346 34.4582 4.68551 
6.05605 35.9267 2.90477 8.53686 31.4885 11.9302 8.84882 31.747 7.99035 
7.40252 32.7302 3.51138 10.9442 25.413 12.4156 14.6589 28.1312 11.1319 
8.60995 28.7197 12.7351 9.92692 27.0921 9.5822 11.808 26.1202 6.48903 
17.0979 28.826 6.48355 8.49303 27.6488 6.24644 11.831 25.6317 2.8355 
9.03555 29.0936 3.32668 14.6716 21.8524 11.0367 15.8369 21.1576 6.82235 
14.6519 21.1123 3.05035 25.9521 11.7221 11.3018 29.4148 15.6326 10.3721 
26.2495 10.909 6.25678 28.6892 17.0887 5.21754 21.0478 16.3958 9.11396 
27.3383 11.0476 2.87538 21.2731 14.4699 3.76157 34.2294 11.0896 10.6905 
33.7876 12.2548 4.44972 31.976 7.79709 11.7562 31.0352 8.51348 7.94654 
36.278 6.32235 8.10435 31.5771 8.02329 3.51286 36.3656 6.52793 3.60747 
41.0557 4.99736 9.13422 42.002 4.7297 3.44371 51.6394 5.24061 10.9039 
46.273 3.12439 12.4688 49.153 3.4892 12.9039 45.3523 5.82847 10.8737 
45.8362 2.77818 8.35759 49.2734 2.98203 9.53388 50.6223 5.97198 5.74053 
49.4578 2.57816 6.10952 45.8383 5.62602 6.48173 47.4194 3.12634 3.2616 
45.302 6.14328 2.8462 56.8723 5.98308 10.8966 52.2388 2.35571 11.9523 
57.0262 6.13503 4.88745 51.8363 3.16272 3.35228 58.7979 3.08088 12.6638 
55.2694 3.1705 12.3193 58.6367 3.0276 9.74576 53.9863 3.76943 7.8819 
58.6385 2.68632 6.48945 59.0193 3.0348 3.39137 55.3105 3.7186 3.58356 
61.6537 5.73925 11.399 61.767 4.80542 7.23002 62.0887 10.0135 6.21555 
61.4698 6.14548 2.98612 66.5822 5.17638 12.9242 69.853 5.45126 12.6226 
70.1707 5.19863 9.74506 66.778 6.04319 9.71566 66.5538 4.91583 6.53373 
68.0639 10.1467 6.2453 69.8349 5.90251 6.90236 65.7907 5.16777 3.50124 
69.375 5.82236 3.06422 72.5588 8.83459 13.0865 71.9914 8.7377 9.46724 
74.0614 11.2641 5.33844 72.4246 7.16277 5.82165 71.7081 8.78763 2.85198 
75.4775 8.39745 12.4788 76.2334 8.75263 9.76859 75.9111 8.41751 6.50385 
77.9321 11.859 8.40037 77.6946 17.5578 6.2623 75.6299 9.06374 3.17906 
79.5434 12.2131 4.03598 80.8704 13.3112 11.3748 83.8446 14.5337 7.14466 
85.0658 16.2694 11.0377 84.4603 20.2762 4.67379 83.9444 14.5119 3.35294 
88.9733 20.1218 11.2653 89.6403 19.9426 5.4534 91.7077 25.5839 6.51054 
94.9042 27.9319 11.0711 95.282 32.5274 11.6904 98.1174 34.7695 12.0657 
94.8147 38.2647 10.7089 98.5964 35.3217 7.97772 95.6208 28.9104 3.98141 
97.484 31.5899 6.81275 90.1288 34.5982 6.95448 95.4418 37.4685 4.64788 
98.3495 34.189 3.47779 99.3279 39.4454 11.8196 96.7799 44.3389 11.0093 
101.014 42.5522 12.6775 99.4684 39.3711 7.61445 101.192 42.6528 9.74888 
96.8027 43.7939 6.14905 101.623 42.3864 6.81457 98.8836 39.1573 3.48618 
101.148 42.5917 3.75045 101.441 45.7842 12.0322 101.286 47.4965 9.43007 
101.642 46.0787 6.57312 101.552 46.3489 3.29148 96.5359 50.7057 10.3975 
97.4947 56.529 7.71209 103.124 50.8159 13.3777 101.126 52.2847 12.4344 
97.8051 50.261 5.36542 102.973 49.3152 12.0322 100.412 49.3116 12.6809 
103.421 51.9654 11.6358 103.321 49.2114 10.1307 103.822 51.2297 9.72662 
101.532 52.0151 9.14557 103.177 49.2595 7.8159 101.167 49.5359 6.12195 
90.2119 46.4472 7.15033 103.727 51.0818 7.62032 102.026 52.0885 6.24556 
103.014 48.6437 5.50693 103.484 50.7442 5.38662 103.577 49.1863 3.78576 
101.251 49.0577 2.45973 101.369 51.6114 3.53993 103.435 49.1121 1.99614 
103.529 50.977 3.11201 103.237 51.0245 1.47963 103.439 54.6703 1.4617 
103.828 54.8973 3.07923 101.617 55.9206 2.81812 91.3184 57.1895 7.72225 
103.206 54.1111 4.93031 103.244 56.2465 5.50508 101.078 55.0013 6.4387 
103.268 56.2994 8.12754 103.214 54.3023 7.28689 101.346 55.5718 9.14165 
103.537 54.5001 9.45935 103.158 56.0297 10.7664 100.486 55.2154 11.859 
103.02 54.2116 11.2841 103.188 56.3327 12.7581 103.327 54.3236 13.2201 
103.141 52.4558 13.561 103.802 52.8996 10.152 103.873 52.7399 8.67464 
103.823 52.6692 7.20429 103.841 52.4799 5.79546 103.695 52.3558 4.29903 
103.334 52.9357 2.23649 48.8192 73.0477 4.27526 47.9909 73.161 3.04737 
47.8089 74.2116 13.8085 47.8526 74.0276 6.22805 47.9413 74.0753 5.12435 
48.0517 73.7693 3.64883 47.5844 74.3785 3.96162 54.6044 82.5468 7.54357 
55.0973 82.4293 6.83812 55.4865 82.575 5.88027 55.5032 82.3149 4.58936 
55.783 82.2912 6.78101 56.5083 81.8318 5.71709 57.6608 78.8604 13.644 
57.9853 78.988 8.86203 50.1001 22.275 12.9141 48.0297 23.5887 13.7027 
48.6882 23.4833 12.8275 47.421 31.1571 13.6805 48.2585 30.9855 12.9073 
48.5426 32.0087 2.1987 48.6512 32.5003 12.875 48.0531 32.0186 3.09739 
48.9785 32.0973 1.47888 49.4583 32.259 12.5976 49.4666 32.6828 1.8334 
57.7899 29.5685 5.80558 47.3409 10.2092 2.40502 23.5138 27.4253 6.44008 
43.5299 34.6942 2.26743 58.1073 78.393 8.89028 57.9122 78.7851 12.9787 
48.7503 32.001 13.8815 48.2254 31.6306 13.0748 47.7085 31.8338 12.7654 
48.7116 22.5538 1.49999 48.8869 22.2352 8.80955 46.5867 31.4195 12.5038 
48.6001 73.1423 14.1948 
CELLS 16261 65040
OFFSETS vtktypeint64
0 4 8 12 16 20 24 28 32 
36 40 44 48 52 56 60 64 68 
72 76 80 84 88 92 96 100 104 
108 112 116 120 124 128 132 136 140 
144 148 152 156 160 164 168 172 176 
180 184 188 192 196 200 204 208 212 
216 220 224 228 232 236 240 244 248 
252 256 260 264 268 272 276 280 284 
288 292 296 300 304 308 312 316 320 
324 328 332 336 340 344 348 352 356 
360 364 368 372 376 380 384 388 392 
396 400 404 408 412 416 420 424 428 
432 436 440 444 448 452 456 460 464 
468 472 476 480 484 488 492 496 500 
504 508 512 516 520 524 528 532 536 
540 544 548 552 556 560 564 568 572 
576 580 584 588 592 596 600 604 608 
612 616 620 624 628 632 636 640 644 
648 652 656 660 664 668 672 676 680 
684 688 692 696 700 704 708 712 716 
720 724 728 732 736 740 744 748 752 
756 760 764 768 772 776 780 784 788 
792 796 800 804 808 812 816 820 824 
828 832 836 840 844 848 852 856 860 
864 868 872 876 880 884 888 892 896 
900 904 908 912 916 920 924 928 932 
936 940 944 948 952 956 960 964 968 
972 976 980 984 988 992 996 1000 1004 
1008 1012 1016 1020 1024 1028 1032 1036 1040 
1044 1048 1052 1056 1060 1064 1068 1072 1076 
1080 1084 1088 1092 1096 1100 1104 1108 1112 
1116 1120 1124 1128 1132 1136 1140 1144 1148 
1152 1156 1160 1164 1168 1172 1176 1180 1184 
1188 1192 1196 1200 1204 1208 1212 1216 1220 
1224 1228 1232 1236 1240 1244 1248 1252 1256 
1260 1264 1268 1272 1276 1280 1284 1288 1292 
1296 1300 1304 1308 1312 1316 1320 1324 1328 
1332 1336 1340 1344 1348 1352 1356 1360 1364 
1368 1372 1376 1380 1384 1388 1392 1396 1400 
1404 1408 1412 1416 1420 1424 1428 1432 1436 
1440 1444 1448 1452 1456 1460 1464 1468 1472 
1476 1480 1484 1488 1492 1496 1500 1504 1508 
1512 1516 1520 1524 1528 1532 1536 1540 1544 
1548 1552 1556 1560 1564 1568 1572 1576 1580 
1584 1588 1592 1596 1600 1604 1608 1612 1616 
1620 1624 1628 1632 1636 1640 1644 1648 1652 
1656 1660 1664 1668 1672 1676 1680 1684 1688 
1692 1696 1700 1704 1708 1712 1716 1720 1724 
1728 1732 1736 1740 1744 1748 1752 1756 1760 
1764 1768 1772 1776 1780 1784 1788 1792 1796 
1800 1804 1808 1812 1816 1820 1824 1828 1832 
1836 1840 1844 1848 1852 1856 1860 1864 1868 
1872 1876 1880 1884 1888 1892 1896 1900 1904 
1908 1912 1916 1920 1924 1928 1932 1936 1940 
1944 1948 1952 1956 1960 1964 1968 1972 1976 
1980 1984 1988 1992 1996 2000 2004 2008 2012 
2016 2020 2024 2028 2032 2036 2040 2044 2048 
2052 2056 2060 2064 2068 2072 2076 2080 2084 
2088 2092 2096 2100 2104 2108 2112 2116 2120 
2124 2128 2132 2136 2140 2144 2148 2152 2156 
2160 2164 2168 2172 2176 2180 2184 2188 2192 
2196 2200 2204 2208 2212 2216 2220 2224 2228 
2232 2236 2240 2244 2248 2252 2256 2260 2264 
2268 2272 2276 2280 2284 2288 2292 2296 2300 
2304 2308 2312 2316 2320 2324 2328 2332 2336 
2340 2344 2348 2352 2356 2360 2364 2368 2372 
2376 2380 2384 2388 2392 2396 2400 2404 2408 
2412 2416 2420 2424 2428 2432 2436 2440 2444 
2448 2452 2456 2460 2464 2468 2472 2476 2480 
2484 2488 2492 2496 2500 2504 2508 2512 2516 
2520 2524 2528 2532 2536 2540 2544 2548 2552 
2556 2560 2564 2568 2572 2576 2580 2584 2588 
2592 2596 2600 2604 2608 2612 2616 2620 2624 
2628 2632 2636 2640 2644 2648 2652 2656 2660 
2664 2668 2672 2676 2680 2684 2688 2692 2696 
2700 2704 2708 2712 2716 2720 2724 2728 2732 
2736 2740 2744 2748 2752 2756 2760 2764 2768 
2772 2776 2780 2784 2788 2792 2796 2800 2804 
2808 2812 2816 2820 2824 2828 2832 2836 2840 
2844 2848 2852 2856 2860 2864 2868 2872 2876 
2880 2884 2888 2892 2896 2900 2904 2908 2912 
2916 2920 2924 2928 2932 2936 2940 2944 2948 
2952 2956 2960 2964 2968 2972 2976 2980 2984 
2988 2992 2996 3000 3004 3008 3012 3016 3020 
3024 3028 3032 3036 3040 3044 3048 3052 3056 
3060 3064 3068 3072 3076 3080 3084 3088 3092 
3096 3100 3104 3108 3112 3116 3120 3124 3128 
3132 3136 3140 3144 3148 3152 3156 3160 3164 
3168 3172 3176 3180 3184 3188 3192 3196 3200 
3204 3208 3212 3216 3220 3224 3228 3232 3236 
3240 3244 3248 3252 3256 3260 3264 3268 3272 
3276 3280 3284 3288 3292 3296 3300 3304 3308 
3312 3316 3320 3324 3328 3332 3336 3340 3344 
3348 3352 3356 3360 3364 3368 3372 3376 3380 
3384 3388 3392 3396 3400 3404 3408 3412 3416 
3420 3424 3428 3432 3436 3440 3444 3448 3452 
3456 3460 3464 3468 3472 3476 3480 3484 3488 
3492 3496 3500 3504 3508 3512 3516 3520 3524 
3528 3532 3536 3540 3544 3548 3552 3556 3560 
3564 3568 3572 3576 3580 3584 3588 3592 3596 
3600 3604 3608 3612 3616 3620 3624 3628 3632 
3636 3640 3644 3648 3652 3656 3660 3664 3668 
3672 3676 3680 3684 3688 3692 3696 3700 3704 
3708 3712 3716 3720 3724 3728 3732 3736 3740 
3744 3748 3752 3756 3760 3764 3768 3772 3776 
3780 3784 3788 3792 3796 3800 3804 3808 3812 
3816 3820 3824 3828 3832 3836 3840 3844 3848 
3852 3856 3860 3864 3868 3872 3876 3880 3884 
3888 3892 3896 3900 3904 3908 3912 3916 3920 
3924 3928 3932 3936 3940 3944 3948 3952 3956 
3960 3964 3968 3972 3976 3980 3984 3988 3992 
3996 4000 4004 4008 4012 4016 4020 4024 4028 
4032 4036 4040 4044 4048 4052 4056 4060 4064 
4068 4072 4076 4080 4084 4088 4092 4096 4100 
4104 4108 4112 4116 4120 4124 4128 4132 4136 
4140 4144 4148 4152 4156 4160 4164 4168 4172 
4176 4180 4184 4188 4192 4196 4200 4204 4208 
4212 4216 4220 4224 4228 4232 4236 4240 4244 
4248 4252 4256 4260 4264 4268 4272 4276 4280 
4284 4288 4292 4296 4300 4304 4308 4312 4316 
4320 4324 4328 4332 4336 4340 4344 4348 4352 
4356 4360 4364 4368 4372 4376 4380 4384 4388 
4392 4396 4400 4404 4408 4412 4416 4420 4424 
4428 4432 4436 4440 4444 4448 4452 4456 4460 
4464 4468 4472 4476 4480 4484 4488 4492 4496 
4500 4504 4508 4512 4516 4520 4524 4528 4532 
4536 4540 4544 4548 4552 4556 4560 4564 4568 
4572 4576 4580 4584 4588 4592 4596 4600 4604 
4608 4612 4616 4620 4624 4628 4632 4636 4640 
4644 4648 4652 4656 4660 4664 4668 4672 4676 
4680 4684 4688 4692 4696 4700 4704 4708 4712 
4716 4720 4724 4728 4732 4736 4740 4744 4748 
4752 4756 4760 4764 4768 4772 4776 4780 4784 
4788 4792 4796 4800 4804 4808 4812 4816 4820 
4824 4828 4832 4836 4840 4844 4848 4852 4856 
4860 4864 4868 4872 4876 4880 4884 4888 4892 
4896 4900 4904 4908 4912 4916 4920 4924 4928 
4932 4936 4940 4944 4948 4952 4956 4960 4964 
4968 4972 4976 4980 4984 4988 4992 4996 5000 
5004 5008 5012 5016 5020 5024 5028 5032 5036 
5040 5044 5048 5052 5056 5060 5064 5068 5072 
5076 5080 5084 5088 5092 5096 5100 5104 5108 
5112 5116 5120 5124 5128 5132 5136 5140 5144 
5148 5152 5156 5160 5164 5168 5172 5176 5180 
5184 5188 5192 5196 5200 5204 5208 5212 5216 
5220 5224 5228 5232 5236 5240 5244 5248 5252 
5256 5260 5264 5268 5272 5276 5280 5284 5288 
5292 5296 5300 5304 5308 5312 5316 5320 5324 
5328 5332 5336 5340 5344 5348 5352 5356 5360 
5364 5368 5372 5376 5380 5384 5388 5392 5396 
5400 5404 5408 5412 5416 5420 5424 5428 5432 
5436 5440 5444 5448 5452 5456 5460 5464 5468 
5472 5476 5480 5484 5488 5492 5496 5500 5504 
5508 5512 5516 5520 5524 5528 5532 5536 5540 
5544 5548 5552 5556 5560 5564 5568 5572 5576 
5580 5584 5588 5592 5596 5600 5604 5608 5612 
5616 5620 5624 5628 5632 5636 5640 5644 5648 
5652 5656 5660 5664 5668 5672 5676 5680 5684 
5688 5692 5696 5700 5704 5708 5712 5716 5720 
5724 5728 5732 5736 5740 5744 5748 5752 5756 
5760 5764 5768 5772 5776 5780 5784 5788 5792 
5796 5800 5804 5808 5812 5816 5820 5824 5828 
5832 5836 5840 5844 5848 5852 5856 5860 5864 
5868 5872 5876 5880 5884 5888 5892 5896 5900 
5904 5908 5912 5916 5920 5924 5928 5932 5936 
5940 5944 5948 5952 5956 5960 5964 5968 5972 
5976 5980 5984 5988 5992 5996 6000 6004 6008 
6012 6016 6020 6024 6028 6032 6036 6040 6044 
6048 6052 6056 6060 6064 6068 6072 6076 6080 
6084 6088 6092 6096 6100 6104 6108 6112 6116 
6120 6124 6128 6132 6136 6140 6144 6148 6152 
6156 6160 6164 6168 6172 6176 6180 6184 6188 
6192 6196 6200 6204 6208 6212 6216 6220 6224 
6228 6232 6236 6240 6244 6248 6252 6256 6260 
6264 6268 6272 6276 6280 6284 6288 6292 6296 
6300 6304 6308 6312 6316 6320 6324 6328 6332 
6336 6340 6344 6348 6352 6356 6360 6364 6368 
6372 6376 6380 6384 6388 6392 6396 6400 6404 
6408 6412 6416 6420 6424 6428 6432 6436 6440 
6444 6448 6452 6456 6460 6464 6468 6472 6476 
6480 6484 6488 6492 6496 6500 6504 6508 6512 
6516 6520 6524 6528 6532 6536 6540 6544 6548 
6552 6556 6560 6564 6568 6572 6576 6580 6584 
6588 6592 6596 6600 6604 6608 6612 6616 6620 
6624 6628 6632 6636 6640 6644 6648 6652 6656 
6660 6664 6668 6672 6676 6680 6684 6688 6692 
6696 6700 6704 6708 6712 6716 6720 6724 6728 
6732 6736 6740 6744 6748 6752 6756 6760 6764 
6768 6772 6776 6780 6784 6788 6792 6796 6800 
6804 6808 6812 6816 6820 6824 6828 6832 6836 
6840 6844 6848 6852 6856 6860 6864 6868 6872 
6876 6880 6884 6888 6892 6896 6900 6904 6908 
6912 6916 6920 6924 6928 6932 6936 6940 6944 
6948 6952 6956 6960 6964 6968 6972 6976 6980 
6984 6988 6992 6996 7000 7004 7008 7012 7016 
7020 7024 7028 7032 7036 7040 7044 7048 7052 
7056 7060 7064 7068 7072 7076 7080 7084 7088 
7092 7096 7100 7104 7108 7112 7116 7120 7124 
7128 7132 7136 7140 7144 7148 7152 7156 7160 
7164 7168 7172 7176 7180 7184 7188 7192 7196 
7200 7204 7208 7212 7216 7220 7224 7228 7232 
7236 7240 7244 7248 7252 7256 7260 7264 7268 
7272 7276 7280 7284 7288 7292 7296 7300 7304 
7308 7312 7316 7320 7324 7328 7332 7336 7340 
7344 7348 7352 7356 7360 7364 7368 7372 7376 
7380 7384 7388 7392 7396 7400 7404 7408 7412 
7416 7420 7424 7428 7432 7436 7440 7444 7448 
7452 7456 7460 7464 7468 7472 7476 7480 7484 
7488 7492 7496 7500 7504 7508 7512 7516 7520 
7524 7528 7532 7536 7540 7544 7548 7552 7556 
7560 7564 7568 7572 7576 7580 7584 7588 7592 
7596 7600 7604 7608 7612 7616 7620 7624 7628 
7632 7636 7640 7644 7648 7652 7656 7660 7664 
7668 7672 7676 7680 7684 7688 7692 7696 7700 
7704 7708 7712 7716 7720 7724 7728 7732 7736 
7740 7744 7748 7752 7756 7760 7764 7768 7772 
7776 7780 7784 7788 7792 7796 7800 7804 7808 
7812 7816 7820 7824 7828 7832 7836 7840 7844 
7848 7852 7856 7860 7864 7868 7872 7876 7880 
7884 7888 7892 7896 7900 7904 7908 7912 7916 
7920 7924 7928 7932 7936 7940 7944 7948 7952 
7956 7960 7964 7968 7972 7976 7980 7984 7988 
7992 7996 8000 8004 8008 8012 8016 8020 8024 
8028 8032 8036 8040 8044 8048 8052 8056 8060 
8064 8068 8072 8076 8080 8084 8088 8092 8096 
8100 8104 8108 8112 8116 8120 8124 8128 8132 
8136 8140 8144 8148 8152 8156 8160 8164 8168 
8172 8176 8180 8184 8188 8192 8196 8200 8204 
8208 8212 8216 8220 8224 8228 8232 8236 8240 
8244 8248 8252 8256 8260 8264 8268 8272 8276 
8280 8284 8288 8292 8296 8300 8304 8308 8312 
8316 8320 8324 8328 8332 8336 8340 8344 8348 
8352 8356 8360 8364 8368 8372 8376 8380 8384 
8388 8392 8396 8400 8404 8408 8412 8416 8420 
8424 8428 8432 8436 8440 8444 8448 8452 8456 
8460 8464 8468 8472 8476 8480 8484 8488 8492 
8496 8500 8504 8508 8512 8516 8520 8524 8528 
8532 8536 8540 8544 8548 8552 8556 8560 8564 
8568 8572 8576 8580 8584 8588 8592 8596 8600 
8604 8608 8612 8616 8620 8624 8628 8632 8636 
8640 8644 8648 8652 8656 8660 8664 8668 8672 
8676 8680 8684 8688 8692 8696 8700 8704 8708 
8712 8716 8720 8724 8728 8732 8736 8740 8744 
8748 8752 8756 8760 8764 8768 8772 8776 8780 
8784 8788 8792 8796 8800 8804 8808 8812 8816 
8820 8824 8828 8832 8836 8840 8844 8848 8852 
8856 8860 8864 8868 8872 8876 8880 8884 8888 
8892 8896 8900 8904 8908 8912 8916 8920 8924 
8928 8932 8936 8940 8944 8948 8952 8956 8960 
8964 8968 8972 8976 8980 8984 8988 8992 8996 
9000 9004 9008 9012 9016 9020 9024 9028 9032 
9036 9040 9044 9048 9052 9056 9060 9064 9068 
9072 9076 9080 9084 9088 9092 9096 9100 9104 
9108 9112 9116 9120 9124 9128 9132 9136 9140 
9144 9148 9152 9156 9160 9164 9168 9172 9176 
9180 9184 9188 9192 9196 9200 9204 9208 9212 
9216 9220 9224 9228 9232 9236 9240 9244 9248 
9252 9256 9260 9264 9268 9272 9276 9280 9284 
9288 9292 9296 9300 9304 9308 9312 9316 9320 
9324 9328 9332 9336 9340 9344 9348 9352 9356 
9360 9364 9368 9372 9376 9380 9384 9388 9392 
9396 9400 9404 9408 9412 9416 9420 9424 9428 
9432 9436 9440 9444 9448 9452 9456 9460 9464 
9468 9472 9476 9480 9484 9488 9492 9496 9500 
9504 9508 9512 9516 9520 9524 9528 9532 9536 
9540 9544 9548 9552 9556 9560 9564 9568 9572 
9576 9580 9584 9588 9592 9596 9600 9604 9608 
9612 9616 9620 9624 9628 9632 9636 9640 9644 
9648 9652 9656 9660 9664 9668 9672 9676 9680 
9684 9688 9692 9696 9700 9704 9708 9712 9716 
9720 9724 9728 9732 9736 9740 9744 9748 9752 
9756 9760 9764 9768 9772 9776 9780 9784 9788 
9792 9796 9800 9804 9808 9812 9816 9820 9824 
9828 9832 9836 9840 9844 9848 9852 9856 9860 
9864 9868 9872 9876 9880 9884 9888 9892 9896 
9900 9904 9908 9912 9916 9920 9924 9928 9932 
9936 9940 9944 9948 9952 9956 9960 9964 9968 
9972 9976 9980 9984 9988 9992 9996 10000 10004 
10008 10012 10016 10020 10024 10028 10032 10036 10040 
10044 10048 10052 10056 10060 10064 10068 10072 10076 
10080 10084 10088 10092 10096 10100 10104 10108 10112 
10116 10120 10124 10128 10132 10136 10140 10144 10148 
10152 10156 10160 10164 10168 10172 10176 10180 10184 
10188 10192 10196 10200 10204 10208 10212 10216 10220 
10224 10228 10232 10236 10240 10244 10248 10252 10256 
10260 10264 10268 10272 10276 10280 10284 10288 10292 
10296 10300 10304 10308 10312 10316 10320 10324 10328 
10332 10336 10340 10344 10348 10352 10356 10360 10364 
10368 10372 10376 10380 10384 10388 10392 10396 10400 
10404 10408 10412 10416 10420 10424 10428 10432 10436 
10440 10444 10448 10452 10456 10460 10464 10468 10472 
10476 10480 10484 10488 10492 10496 10500 10504 10508 
10512 10516 10520 10524 10528 10532 10536 10540 10544 
10548 10552 10556 10560 10564 10568 10572 10576 10580 
10584 10588 10592 10596 10600 10604 10608 10612 10616 
10620 10624 10628 10632 10636 10640 10644 10648 10652 
10656 10660 10664 10668 10672 10676 10680 10684 10688 
10692 10696 10700 10704 10708 10712 10716 10720 10724 
10728 10732 10736 10740 10744 10748 10752 10756 10760 
10764 10768 10772 10776 10780 10784 10788 10792 10796 
10800 10804 10808 10812 10816 10820 10824 10828 10832 
10836 10840 10844 10848 10852 10856 10860 10864 10868 
10872 10876 10880 10884 10888 10892 10896 10900 10904 
10908 10912 10916 10920 10924 10928 10932 10936 10940 
10944 10948 10952 10956 10960 10964 10968 10972 10976 
10980 10984 10988 10992 10996 11000 11004 11008 11012 
11016 11020 11024 11028 11032 11036 11040 11044 11048 
11052 11056 11060 11064 11068 11072 11076 11080 11084 
11088 11092 11096 11100 11104 11108 11112 11116 11120 
11124 11128 11132 11136 11140 11144 11148 11152 11156 
11160 11164 11168 11172 11176 11180 11184 11188 11192 
11196 11200 11204 11208 11212 11216 11220 11224 11228 
11232 11236 11240 11244 11248 11252 11256 11260 11264 
11268 11272 11276 11280 11284 11288 11292 11296 11300 
11304 11308 11312 11316 11320 11324 11328 11332 11336 
11340 11344 11348 11352 11356 11360 11364 11368 11372 
11376 11380 11384 11388 11392 11396 11400 11404 11408 
11412 11416 11420 11424 11428 11432 11436 11440 11444 
11448 11452 11456 11460 11464 11468 11472 11476 11480 
11484 11488 11492 11496 11500 11504 11508 11512 11516 
11520 11524 11528 11532 11536 11540 11544 11548 11552 
11556 11560 11564 11568 11572 11576 11580 11584 11588 
11592 11596 11600 11604 11608 11612 11616 11620 11624 
11628 11632 11636 11640 11644 11648 11652 11656 11660 
11664 11668 11672 11676 11680 11684 11688 11692 11696 
11700 11704 11708 11712 11716 11720 11724 11728 11732 
11736 11740 11744 11748 11752 11756 11760 11764 11768 
11772 11776 11780 11784 11788 11792 11796 11800 11804 
11808 11812 11816 11820 11824 11828 11832 11836 11840 
11844 11848 11852 11856 11860 11864 11868 11872 11876 
11880 11884 11888 11892 11896 11900 11904 11908 11912 
11916 11920 11924 11928 11932 11936 11940 11944 11948 
11952 11956 11960 11964 11968 11972 11976 11980 11984 
11988 11992 11996 12000 12004 12008 12012 12016 12020 
12024 12028 12032 12036 12040 12044 12048 12052 12056 
12060 12064 12068 12072 12076 12080 12084 12088 12092 
12096 12100 12104 12108 12112 12116 12120 12124 12128 
12132 12136 12140 12144 12148 12152 12156 12160 12164 
12168 12172 12176 12180 12184 12188 12192 12196 12200 
12204 12208 12212 12216 12220 12224 12228 12232 12236 
12240 12244 12248 12252 12256 12260 12264 12268 12272 
12276 12280 12284 12288 12292 12296 12300 12304 12308 
12312 12316 12320 12324 12328 12332 12336 12340 12344 
12348 12352 12356 12360 12364 12368 12372 12376 12380 
12384 12388 12392 12396 12400 12404 12408 12412 12416 
12420 12424 12428 12432 12436 12440 12444 12448 12452 
12456 12460 12464 12468 12472 12476 12480 12484 12488 
12492 12496 12500 12504 12508 12512 12516 12520 12524 
12528 12532 12536 12540 12544 12548 12552 12556 12560 
12564 12568 12572 12576 12580 12584 12588 12592 12596 
12600 12604 12608 12612 12616 12620 12624 12628 12632 
12636 12640 12644 12648 12652 12656 12660 12664 12668 
12672 12676 12680 12684 12688 12692 12696 12700 12704 
12708 12712 12716 12720 12724 12728 12732 12736 12740 
12744 12748 12752 12756 12760 12764 12768 12772 12776 
12780 12784 12788 12792 12796 12800 12804 12808 12812 
12816 12820 12824 12828 12832 12836 12840 12844 12848 
12852 12856 12860 12864 12868 12872 12876 12880 12884 
12888 12892 12896 12900 12904 12908 12912 12916 12920 
12924 12928 12932 12936 12940 12944 12948 12952 12956 
12960 12964 12968 12972 12976 12980 12984 12988 12992 
12996 13000 13004 13008 13012 13016 13020 13024 13028 
13032 13036 13040 13044 13048 13052 13056 13060 13064 
13068 13072 13076 13080 13084 13088 13092 13096 13100 
13104 13108 13112 13116 13120 13124 13128 13132 13136 
13140 13144 13148 13152 13156 13160 13164 13168 13172 
13176 13180 13184 13188 13192 13196 13200 13204 13208 
13212 13216 13220 13224 13228 13232 13236 13240 13244 
13248 13252 13256 13260 13264 13268 13272 13276 13280 
13284 13288 13292 13296 13300 13304 13308 13312 13316 
13320 13324 13328 13332 13336 13340 13344 13348 13352 
13356 13360 13364 13368 13372 13376 13380 13384 13388 
13392 13396 13400 13404 13408 13412 13416 13420 13424 
13428 13432 13436 13440 13444 13448 13452 13456 13460 
13464 13468 13472 13476 13480 13484 13488 13492 13496 
13500 13504 13508 13512 13516 13520 13524 13528 13532 
13536 13540 13544 13548 13552 13556 13560 13564 13568 
13572 13576 13580 13584 13588 13592 13596 13600 13604 
13608 13612 13616 13620 13624 13628 13632 13636 13640 
13644 13648 13652 13656 13660 13664 13668 13672 13676 
13680 13684 13688 13692 13696 13700 13704 13708 13712 
13716 13720 13724 13728 13732 13736 13740 13744 13748 
13752 13756 13760 13764 13768 13772 13776 13780 13784 
13788 13792 13796 13800 13804 13808 13812 13816 13820 
13824 13828 13832 13836 13840 13844 13848 13852 13856 
13860 13864 13868 13872 13876 13880 13884 13888 13892 
13896 13900 13904 13908 13912 13916 13920 13924 13928 
13932 13936 13940 13944 13948 13952 13956 13960 13964 
13968 13972 13976 13980 13984 13988 13992 13996 14000 
14004 14008 14012 14016 14020 14024 14028 14032 14036 
14040 14044 14048 14052 14056 14060 14064 14068 14072 
14076 14080 14084 14088 14092 14096 14100 14104 14108 
14112 14116 14120 14124 14128 14132 14136 14140 14144 
14148 14152 14156 14160 14164 14168 14172 14176 14180 
14184 14188 14192 14196 14200 14204 14208 14212 14216 
14220 14224 14228 14232 14236 14240 14244 14248 14252 
14256 14260 14264 14268 14272 14276 14280 14284 14288 
14292 14296 14300 14304 14308 14312 14316 14320 14324 
14328 14332 14336 14340 14344 14348 14352 14356 14360 
14364 14368 14372 14376 14380 14384 14388 14392 14396 
14400 14404 14408 14412 14416 14420 14424 14428 14432 
14436 14440 14444 14448 14452 14456 14460 14464 14468 
14472 14476 14480 14484 14488 14492 14496 14500 14504 
14508 14512 14516 14520 14524 14528 14532 14536 14540 
14544 14548 14552 14556 14560 14564 14568 14572 14576 
14580 14584 14588 14592 14596 14600 14604 14608 14612 
14616 14620 14624 14628 14632 14636 14640 14644 14648 
14652 14656 14660 14664 14668 14672 14676 14680 14684 
14688 14692 14696 14700 14704 14708 14712 14716 14720 
14724 14728 14732 14736 14740 14744 14748 14752 14756 
14760 14764 14768 14772 14776 14780 14784 14788 14792 
14796 14800 14804 14808 14812 14816 14820 14824 14828 
14832 14836 14840 14844 14848 14852 14856 14860 14864 
14868 14872 14876 14880 14884 14888 14892 14896 14900 
14904 14908 14912 14916 14920 14924 14928 14932 14936 
14940 14944 14948 14952 14956 14960 14964 14968 14972 
14976 14980 14984 14988 14992 14996 15000 15004 15008 
15012 15016 15020 15024 15028 15032 15036 15040 15044 
15048 15052 15056 15060 15064 15068 15072 15076 15080 
15084 15088 15092 15096 15100 15104 15108 15112 15116 
15120 15124 15128 15132 15136 15140 15144 15148 15152 
15156 15160 15164 15168 15172 15176 15180 15184 15188 
15192 15196 15200 15204 15208 15212 15216 15220 15224 
15228 15232 15236 15240 15244 15248 15252 15256 15260 
15264 15268 15272 15276 15280 15284 15288 15292 15296 
15300 15304 15308 15312 15316 15320 15324 15328 15332 
15336 15340 15344 15348 15352 15356 15360 15364 15368 
15372 15376 15380 15384 15388 15392 15396 15400 15404 
15408 15412 15416 15420 15424 15428 15432 15436 15440 
15444 15448 15452 15456 15460 15464 15468 15472 15476 
15480 15484 15488 15492 15496 15500 15504 15508 15512 
15516 15520 15524 15528 15532 15536 15540 15544 15548 
15552 15556 15560 15564 15568 15572 15576 15580 15584 
15588 15592 15596 15600 15604 15608 15612 15616 15620 
15624 15628 15632 15636 15640 15644 15648 15652 15656 
15660 15664 15668 15672 15676 15680 15684 15688 15692 
15696 15700 15704 15708 15712 15716 15720 15724 15728 
15732 15736 15740 15744 15748 15752 15756 15760 15764 
15768 15772 15776 15780 15784 15788 15792 15796 15800 
15804 15808 15812 15816 15820 15824 15828 15832 15836 
15840 15844 15848 15852 15856 15860 15864 15868 15872 
15876 15880 15884 15888 15892 15896 15900 15904 15908 
15912 15916 15920 15924 15928 15932 15936 15940 15944 
15948 15952 15956 15960 15964 15968 15972 15976 15980 
15984 15988 15992 15996 16000 16004 16008 16012 16016 
16020 16024 16028 16032 16036 16040 16044 16048 16052 
16056 16060 16064 16068 16072 16076 16080 16084 16088 
16092 16096 16100 16104 16108 16112 16116 16120 16124 
16128 16132 16136 16140 16144 16148 16152 16156 16160 
16164 16168 16172 16176 16180 16184 16188 16192 16196 
16200 16204 16208 16212 16216 16220 16224 16228 16232 
16236 16240 16244 16248 16252 16256 16260 16264 16268 
16272 16276 16280 16284 16288 16292 16296 16300 16304 
16308 16312 16316 16320 16324 16328 16332 16336 16340 
16344 16348 16352 16356 16360 16364 16368 16372 16376 
16380 16384 16388 16392 16396 16400 16404 16408 16412 
16416 16420 16424 16428 16432 16436 16440 16444 16448 
16452 16456 16460 16464 16468 16472 16476 16480 16484 
16488 16492 16496 16500 16504 16508 16512 16516 16520 
16524 16528 16532 16536 16540 16544 16548 16552 16556 
16560 16564 16568 16572 16576 16580 16584 16588 16592 
16596 16600 16604 16608 16612 16616 16620 16624 16628 
16632 16636 16640 16644 16648 16652 16656 16660 16664 
16668 16672 16676 16680 16684 16688 16692 16696 16700 
16704 16708 16712 16716 16720 16724 16728 16732 16736 
16740 16744 16748 16752 16756 16760 16764 16768 16772 
16776 16780 16784 16788 16792 16796 16800 16804 16808 
16812 16816 16820 16824 16828 16832 16836 16840 16844 
16848 16852 16856 16860 16864 16868 16872 16876 16880 
16884 16888 16892 16896 16900 16904 16908 16912 16916 
16920 16924 16928 16932 16936 16940 16944 16948 16952 
16956 16960 16964 16968 16972 16976 16980 16984 16988 
16992 16996 17000 17004 17008 17012 17016 17020 17024 
17028 17032 17036 17040 17044 17048 17052 17056 17060 
17064 17068 17072 17076 17080 17084 17088 17092 17096 
17100 17104 17108 17112 17116 17120 17124 17128 17132 
17136 17140 17144 17148 17152 17156 17160 17164 17168 
17172 17176 17180 17184 17188 17192 17196 17200 17204 
17208 17212 17216 17220 17224 17228 17232 17236 17240 
17244 17248 17252 17256 17260 17264 17268 17272 17276 
17280 17284 17288 17292 17296 17300 17304 17308 17312 
17316 17320 17324 17328 17332 17336 17340 17344 17348 
17352 17356 17360 17364 17368 17372 17376 17380 17384 
17388 17392 17396 17400 17404 17408 17412 17416 17420 
17424 17428 17432 17436 17440 17444 17448 17452 17456 
17460 17464 17468 17472 17476 17480 17484 17488 17492 
17496 17500 17504 17508 17512 17516 17520 17524 17528 
17532 17536 17540 17544 17548 17552 17556 17560 17564 
17568 17572 17576 17580 17584 17588 17592 17596 17600 
17604 17608 17612 17616 17620 17624 17628 17632 17636 
17640 17644 17648 17652 17656 17660 17664 17668 17672 
17676 17680 17684 17688 17692 17696 17700 17704 17708 
17712 17716 17720 17724 17728 17732 17736 17740 17744 
17748 17752 17756 17760 17764 17768 17772 17776 17780 
17784 17788 17792 17796 17800 17804 17808 17812 17816 
17820 17824 17828 17832 17836 17840 17844 17848 17852 
17856 17860 17864 17868 17872 17876 17880 17884 17888 
17892 17896 17900 17904 17908 17912 17916 17920 17924 
17928 17932 17936 17940 17944 17948 17952 17956 17960 
17964 17968 17972 17976 17980 17984 17988 17992 17996 
18000 18004 18008 18012 18016 18020 18024 18028 18032 
18036 18040 18044 18048 18052 18056 18060 18064 18068 
18072 18076 18080 18084 18088 18092 18096 18100 18104 
18108 18112 18116 18120 18124 18128 18132 18136 18140 
18144 18148 18152 18156 18160 18164 18168 18172 18176 
18180 18184 18188 18192 18196 18200 18204 18208 18212 
18216 18220 18224 18228 18232 18236 18240 18244 18248 
18252 18256 18260 18264 18268 18272 18276 18280 18284 
18288 18292 18296 18300 18304 18308 18312 18316 18320 
18324 18328 18332 18336 18340 18344 18348 18352 18356 
18360 18364 18368 18372 18376 18380 18384 18388 18392 
18396 18400 18404 18408 18412 18416 18420 18424 18428 
18432 18436 18440 18444 18448 18452 18456 18460 18464 
18468 18472 18476 18480 18484 18488 18492 18496 18500 
18504 18508 18512 18516 18520 18524 18528 18532 18536 
18540 18544 18548 18552 18556 18560 18564 18568 18572 
18576 18580 18584 18588 18592 18596 18600 18604 18608 
18612 18616 18620 18624 18628 18632 18636 18640 18644 
18648 18652 18656 18660 18664 18668 18672 18676 18680 
18684 18688 18692 18696 18700 18704 18708 18712 18716 
18720 18724 18728 18732 18736 18740 18744 18748 18752 
18756 18760 18764 18768 18772 18776 18780 18784 18788 
18792 18796 18800 18804 18808 18812 18816 18820 18824 
18828 18832 18836 18840 18844 18848 18852 18856 18860 
18864 18868 18872 18876 18880 18884 18888 18892 18896 
18900 18904 18908 18912 18916 18920 18924 18928 18932 
18936 18940 18944 18948 18952 18956 18960 18964 18968 
18972 18976 18980 18984 18988 18992 18996 19000 19004 
19008 19012 19016 19020 19024 19028 19032 19036 19040 
19044 19048 19052 19056 19060 19064 19068 19072 19076 
19080 19084 19088 19092 19096 19100 19104 19108 19112 
19116 19120 19124 19128 19132 19136 19140 19144 19148 
19152 19156 19160 19164 19168 19172 19176 19180 19184 
19188 19192 19196 19200 19204 19208 19212 19216 19220 
19224 19228 19232 19236 19240 19244 19248 19252 19256 
19260 19264 19268 19272 19276 19280 19284 19288 19292 
19296 19300 19304 19308 19312 19316 19320 19324 19328 
19332 19336 19340 19344 19348 19352 19356 19360 19364 
19368 19372 19376 19380 19384 19388 19392 19396 19400 
19404 19408 19412 19416 19420 19424 19428 19432 19436 
19440 19444 19448 19452 19456 19460 19464 19468 19472 
19476 19480 19484 19488 19492 19496 19500 19504 19508 
19512 19516 19520 19524 19528 19532 19536 19540 19544 
19548 19552 19556 19560 19564 19568 19572 19576 19580 
19584 19588 19592 19596 19600 19604 19608 19612 19616 
19620 19624 19628 19632 19636 19640 19644 19648 19652 
19656 19660 19664 19668 19672 19676 19680 19684 19688 
19692 19696 19700 19704 19708 19712 19716 19720 19724 
19728 19732 19736 19740 19744 19748 19752 19756 19760 
19764 19768 19772 19776 19780 19784 19788 19792 19796 
19800 19804 19808 19812 19816 19820 19824 19828 19832 
19836 19840 19844 19848 19852 19856 19860 19864 19868 
19872 19876 19880 19884 19888 19892 19896 19900 19904 
19908 19912 19916 19920 19924 19928 19932 19936 19940 
19944 19948 19952 19956 19960 19964 19968 19972 19976 
19980 19984 19988 19992 19996 20000 20004 20008 20012 
20016 20020 20024 20028 20032 20036 20040 20044 20048 
20052 20056 20060 20064 20068 20072 20076 20080 20084 
20088 20092 20096 20100 20104 20108 20112 20116 20120 
20124 20128 20132 20136 20140 20144 20148 20152 20156 
20160 20164 20168 20172 20176 20180 20184 20188 20192 
20196 20200 20204 20208 20212 20216 20220 20224 20228 
20232 20236 20240 20244 20248 20252 20256 20260 20264 
20268 20272 20276 20280 20284 20288 20292 20296 20300 
20304 20308 20312 20316 20320 20324 20328 20332 20336 
20340 20344 20348 20352 20356 20360 20364 20368 20372 
20376 20380 20384 20388 20392 20396 20400 20404 20408 
20412 20416 20420 20424 20428 20432 20436 20440 20444 
20448 20452 20456 20460 20464 20468 20472 20476 20480 
20484 20488 20492 20496 20500 20504 20508 20512 20516 
20520 20524 20528 20532 20536 20540 20544 20548 20552 
20556 20560 20564 20568 20572 20576 20580 20584 20588 
20592 20596 20600 20604 20608 20612 20616 20620 20624 
20628 20632 20636 20640 20644 20648 20652 20656 20660 
20664 20668 20672 20676 20680 20684 20688 20692 20696 
20700 20704 20708 20712 20716 20720 20724 20728 20732 
20736 20740 20744 20748 20752 20756 20760 20764 20768 
20772 20776 20780 20784 20788 20792 20796 20800 20804 
20808 20812 20816 20820 20824 20828 20832 20836 20840 
20844 20848 20852 20856 20860 20864 20868 20872 20876 
20880 20884 20888 20892 20896 20900 20904 20908 20912 
20916 20920 20924 20928 20932 20936 20940 20944 20948 
20952 20956 20960 20964 20968 20972 20976 20980 20984 
20988 20992 20996 21000 21004 21008 21012 21016 21020 
21024 21028 21032 21036 21040 21044 21048 21052 21056 
21060 21064 21068 21072 21076 21080 21084 21088 21092 
21096 21100 21104 21108 21112 21116 21120 21124 21128 
21132 21136 21140 21144 21148 21152 21156 21160 21164 
21168 21172 21176 21180 21184 21188 21192 21196 21200 
21204 21208 21212 21216 21220 21224 21228 21232 21236 
21240 21244 21248 21252 21256 21260 21264 21268 21272 
21276 21280 21284 21288 21292 21296 21300 21304 21308 
21312 21316 21320 21324 21328 21332 21336 21340 21344 
21348 21352 21356 21360 21364 21368 21372 21376 21380 
21384 21388 21392 21396 21400 21404 21408 21412 21416 
21420 21424 21428 21432 21436 21440 21444 21448 21452 
21456 21460 21464 21468 21472 21476 21480 21484 21488 
21492 21496 21500 21504 21508 21512 21516 21520 21524 
21528 21532 21536 21540 21544 21548 21552 21556 21560 
21564 21568 21572 21576 21580 21584 21588 21592 21596 
21600 21604 21608 21612 21616 21620 21624 21628 21632 
21636 21640 21644 21648 21652 21656 21660 21664 21668 
21672 21676 21680 21684 21688 21692 21696 21700 21704 
21708 21712 21716 21720 21724 21728 21732 21736 21740 
21744 21748 21752 21756 21760 21764 21768 21772 21776 
21780 21784 21788 21792 21796 21800 21804 21808 21812 
21816 21820 21824 21828 21832 21836 21840 21844 21848 
21852 21856 21860 21864 21868 21872 21876 21880 21884 
21888 21892 21896 21900 21904 21908 21912 21916 21920 
21924 21928 21932 21936 21940 21944 21948 21952 21956 
21960 21964 21968 21972 21976 21980 21984 21988 21992 
21996 22000 22004 22008 22012 22016 22020 22024 22028 
22032 22036 22040 22044 22048 22052 22056 22060 22064 
22068 22072 22076 22080 22084 22088 22092 22096 22100 
22104 22108 22112 22116 22120 22124 22128 22132 22136 
22140 22144 22148 22152 22156 22160 22164 22168 22172 
22176 22180 22184 22188 22192 22196 22200 22204 22208 
22212 22216 22220 22224 22228 22232 22236 22240 22244 
22248 22252 22256 22260 22264 22268 22272 22276 22280 
22284 22288 22292 22296 22300 22304 22308 22312 22316 
22320 22324 22328 22332 22336 22340 22344 22348 22352 
22356 22360 22364 22368 22372 22376 22380 22384 22388 
22392 22396 22400 22404 22408 22412 22416 22420 22424 
22428 22432 22436 22440 22444 22448 22452 22456 22460 
22464 22468 22472 22476 22480 22484 22488 22492 22496 
22500 22504 22508 22512 22516 22520 22524 22528 22532 
22536 22540 22544 22548 22552 22556 22560 22564 22568 
22572 22576 22580 22584 22588 22592 22596 22600 22604 
22608 22612 22616 22620 22624 22628 22632 22636 22640 
22644 22648 22652 22656 22660 22664 22668 22672 22676 
22680 22684 22688 22692 22696 22700 22704 22708 22712 
22716 22720 22724 22728 22732 22736 22740 22744 22748 
22752 22756 22760 22764 22768 22772 22776 22780 22784 
22788 22792 22796 22800 22804 22808 22812 22816 22820 
22824 22828 22832 22836 22840 22844 22848 22852 22856 
22860 22864 22868 22872 22876 22880 22884 22888 22892 
22896 22900 22904 22908 22912 22916 22920 22924 22928 
22932 22936 22940 22944 22948 22952 22956 22960 22964 
22968 22972 22976 22980 22984 22988 22992 22996 23000 
23004 23008 23012 23016 23020 23024 23028 23032 23036 
23040 23044 23048 23052 23056 23060 23064 23068 23072 
23076 23080 23084 23088 23092 23096 23100 23104 23108 
23112 23116 23120 23124 23128 23132 23136 23140 23144 
23148 23152 23156 23160 23164 23168 23172 23176 23180 
23184 23188 23192 23196 23200 23204 23208 23212 23216 
23220 23224 23228 23232 23236 23240 23244 23248 23252 
23256 23260 23264 23268 23272 23276 23280 23284 23288 
23292 23296 23300 23304 23308 23312 23316 23320 23324 
23328 23332 23336 23340 23344 23348 23352 23356 23360 
23364 23368 23372 23376 23380 23384 23388 23392 23396 
23400 23404 23408 23412 23416 23420 23424 23428 23432 
23436 23440 23444 23448 23452 23456 23460 23464 23468 
23472 23476 23480 23484 23488 23492 23496 23500 23504 
23508 23512 23516 23520 23524 23528 23532 23536 23540 
23544 23548 23552 23556 23560 23564 23568 23572 23576 
23580 23584 23588 23592 23596 23600 23604 23608 23612 
23616 23620 23624 23628 23632 23636 23640 23644 23648 
23652 23656 23660 23664 23668 23672 23676 23680 23684 
23688 23692 23696 23700 23704 23708 23712 23716 23720 
23724 23728 23732 23736 23740 23744 23748 23752 23756 
23760 23764 23768 23772 23776 23780 23784 23788 23792 
23796 23800 23804 23808 23812 23816 23820 23824 23828 
23832 23836 23840 23844 23848 23852 23856 23860 23864 
23868 23872 23876 23880 23884 23888 23892 23896 23900 
23904 23908 23912 23916 23920 23924 23928 23932 23936 
23940 23944 23948 23952 23956 23960 23964 23968 23972 
23976 23980 23984 23988 23992 23996 24000 24004 24008 
24012 24016 24020 24024 24028 24032 24036 24040 24044 
24048 24052 24056 24060 24064 24068 24072 24076 24080 
24084 24088 24092 24096 24100 24104 24108 24112 24116 
24120 24124 24128 24132 24136 24140 24144 24148 24152 
24156 24160 24164 24168 24172 24176 24180 24184 24188 
24192 24196 24200 24204 24208 24212 24216 24220 24224 
24228 24232 24236 24240 24244 24248 24252 24256 24260 
24264 24268 24272 24276 24280 24284 24288 24292 24296 
24300 24304 24308 24312 24316 24320 24324 24328 24332 
24336 24340 24344 24348 24352 24356 24360 24364 24368 
24372 24376 24380 24384 24388 24392 24396 24400 24404 
24408 24412 24416 24420 24424 24428 24432 24436 24440 
24444 24448 24452 24456 24460 24464 24468 24472 24476 
24480 24484 24488 24492 24496 24500 24504 24508 24512 
24516 24520 24524 24528 24532 24536 24540 24544 24548 
24552 24556 24560 24564 24568 24572 24576 24580 24584 
24588 24592 24596 24600 24604 24608 24612 24616 24620 
24624 24628 24632 24636 24640 24644 24648 24652 24656 
24660 24664 24668 24672 24676 24680 24684 24688 24692 
24696 24700 24704 24708 24712 24716 24720 24724 24728 
24732 24736 24740 24744 24748 24752 24756 24760 24764 
24768 24772 24776 24780 24784 24788 24792 24796 24800 
24804 24808 24812 24816 24820 24824 24828 24832 24836 
24840 24844 24848 24852 24856 24860 24864 24868 24872 
24876 24880 24884 24888 24892 24896 24900 24904 24908 
24912 24916 24920 24924 24928 24932 24936 24940 24944 
24948 24952 24956 24960 24964 24968 24972 24976 24980 
24984 24988 24992 24996 25000 25004 25008 25012 25016 
25020 25024 25028 25032 25036 25040 25044 25048 25052 
25056 25060 25064 25068 25072 25076 25080 25084 25088 
25092 25096 25100 25104 25108 25112 25116 25120 25124 
25128 25132 25136 25140 25144 25148 25152 25156 25160 
25164 25168 25172 25176 25180 25184 25188 25192 25196 
25200 25204 25208 25212 25216 25220 25224 25228 25232 
25236 25240 25244 25248 25252 25256 25260 25264 25268 
25272 25276 25280 25284 25288 25292 25296 25300 25304 
25308 25312 25316 25320 25324 25328 25332 25336 25340 
25344 25348 25352 25356 25360 25364 25368 25372 25376 
25380 25384 25388 25392 25396 25400 25404 25408 25412 
25416 25420 25424 25428 25432 25436 25440 25444 25448 
25452 25456 25460 25464 25468 25472 25476 25480 25484 
25488 25492 25496 25500 25504 25508 25512 25516 25520 
25524 25528 25532 25536 25540 25544 25548 25552 25556 
25560 25564 25568 25572 25576 25580 25584 25588 25592 
25596 25600 25604 25608 25612 25616 25620 25624 25628 
25632 25636 25640 25644 25648 25652 25656 25660 25664 
25668 25672 25676 25680 25684 25688 25692 25696 25700 
25704 25708 25712 25716 25720 25724 25728 25732 25736 
25740 25744 25748 25752 25756 25760 25764 25768 25772 
25776 25780 25784 25788 25792 25796 25800 25804 25808 
25812 25816 25820 25824 25828 25832 25836 25840 25844 
25848 25852 25856 25860 25864 25868 25872 25876 25880 
25884 25888 25892 25896 25900 25904 25908 25912 25916 
25920 25924 25928 25932 25936 25940 25944 25948 25952 
25956 25960 25964 25968 25972 25976 25980 25984 25988 
25992 25996 26000 26004 26008 26012 26016 26020 26024 
26028 26032 26036 26040 26044 26048 26052 26056 26060 
26064 26068 26072 26076 26080 26084 26088 26092 26096 
26100 26104 26108 26112 26116 26120 26124 26128 26132 
26136 26140 26144 26148 26152 26156 26160 26164 26168 
26172 26176 26180 26184 26188 26192 26196 26200 26204 
26208 26212 26216 26220 26224 26228 26232 26236 26240 
26244 26248 26252 26256 26260 26264 26268 26272 26276 
26280 26284 26288 26292 26296 26300 26304 26308 26312 
26316 26320 26324 26328 26332 26336 26340 26344 26348 
26352 26356 26360 26364 26368 26372 26376 26380 26384 
26388 26392 26396 26400 26404 26408 26412 26416 26420 
26424 26428 26432 26436 26440 26444 26448 26452 26456 
26460 26464 26468 26472 26476 26480 26484 26488 26492 
26496 26500 26504 26508 26512 26516 26520 26524 26528 
26532 26536 26540 26544 26548 26552 26556 26560 26564 
26568 26572 26576 26580 26584 26588 26592 26596 26600 
26604 26608 26612 26616 26620 26624 26628 26632 26636 
26640 26644 26648 26652 26656 26660 26664 26668 26672 
26676 26680 26684 26688 26692 26696 26700 26704 26708 
26712 26716 26720 26724 26728 26732 26736 26740 26744 
26748 26752 26756 26760 26764 26768 26772 26776 26780 
26784 26788 26792 26796 26800 26804 26808 26812 26816 
26820 26824 26828 26832 26836 26840 26844 26848 26852 
26856 26860 26864 26868 26872 26876 26880 26884 26888 
26892 26896 26900 26904 26908 26912 26916 26920 26924 
26928 26932 26936 26940 26944 26948 26952 26956 26960 
26964 26968 26972 26976 26980 26984 26988 26992 26996 
27000 27004 27008 27012 27016 27020 27024 27028 27032 
27036 27040 27044 27048 27052 27056 27060 27064 27068 
27072 27076 27080 27084 27088 27092 27096 27100 27104 
27108 27112 27116 27120 27124 27128 27132 27136 27140 
27144 27148 27152 27156 27160 27164 27168 27172 27176 
27180 27184 27188 27192 27196 27200 27204 27208 27212 
27216 27220 27224 27228 27232 27236 27240 27244 27248 
27252 27256 27260 27264 27268 27272 27276 27280 27284 
27288 27292 27296 27300 27304 27308 27312 27316 27320 
27324 27328 27332 27336 27340 27344 27348 27352 27356 
27360 27364 27368 27372 27376 27380 27384 27388 27392 
27396 27400 27404 27408 27412 27416 27420 27424 27428 
27432 27436 27440 27444 27448 27452 27456 27460 27464 
27468 27472 27476 27480 27484 27488 27492 27496 27500 
27504 27508 27512 27516 27520 27524 27528 27532 27536 
27540 27544 27548 27552 27556 27560 27564 27568 27572 
27576 27580 27584 27588 27592 27596 27600 27604 27608 
27612 27616 27620 27624 27628 27632 27636 27640 27644 
27648 27652 27656 27660 27664 27668 27672 27676 27680 
27684 27688 27692 27696 27700 27704 27708 27712 27716 
27720 27724 27728 27732 27736 27740 27744 27748 27752 
27756 27760 27764 27768 27772 27776 27780 27784 27788 
27792 27796 27800 27804 27808 27812 27816 27820 27824 
27828 27832 27836 27840 27844 27848 27852 27856 27860 
27864 27868 27872 27876 27880 27884 27888 27892 27896 
27900 27904 27908 27912 27916 27920 27924 27928 27932 
27936 27940 27944 27948 27952 27956 27960 27964 27968 
27972 27976 27980 27984 27988 27992 27996 28000 28004 
28008 28012 28016 28020 28024 28028 28032 28036 28040 
28044 28048 28052 28056 28060 28064 28068 28072 28076 
28080 28084 28088 28092 28096 28100 28104 28108 28112 
28116 28120 28124 28128 28132 28136 28140 28144 28148 
28152 28156 28160 28164 28168 28172 28176 28180 28184 
28188 28192 28196 28200 28204 28208 28212 28216 28220 
28224 28228 28232 28236 28240 28244 28248 28252 28256 
28260 28264 28268 28272 28276 28280 28284 28288 28292 
28296 28300 28304 28308 28312 28316 28320 28324 28328 
28332 28336 28340 28344 28348 28352 28356 28360 28364 
28368 28372 28376 28380 28384 28388 28392 28396 28400 
28404 28408 28412 28416 28420 28424 28428 28432 28436 
28440 28444 28448 28452 28456 28460 28464 28468 28472 
28476 28480 28484 28488 28492 28496 28500 28504 28508 
28512 28516 28520 28524 28528 28532 28536 28540 28544 
28548 28552 28556 28560 28564 28568 28572 28576 28580 
28584 28588 28592 28596 28600 28604 28608 28612 28616 
28620 28624 28628 28632 28636 28640 28644 28648 28652 
28656 28660 28664 28668 28672 28676 28680 28684 28688 
28692 28696 28700 28704 28708 28712 28716 28720 28724 
28728 28732 28736 28740 28744 28748 28752 28756 28760 
28764 28768 28772 28776 28780 28784 28788 28792 28796 
28800 28804 28808 28812 28816 28820 28824 28828 28832 
28836 28840 28844 28848 28852 28856 28860 28864 28868 
28872 28876 28880 28884 28888 28892 28896 28900 28904 
28908 28912 28916 28920 28924 28928 28932 28936 28940 
28944 28948 28952 28956 28960 28964 28968 28972 28976 
28980 28984 28988 28992 28996 29000 29004 29008 29012 
29016 29020 29024 29028 29032 29036 29040 29044 29048 
29052 29056 29060 29064 29068 29072 29076 29080 29084 
29088 29092 29096 29100 29104 29108 29112 29116 29120 
29124 29128 29132 29136 29140 29144 29148 29152 29156 
29160 29164 29168 29172 29176 29180 29184 29188 29192 
29196 29200 29204 29208 29212 29216 29220 29224 29228 
29232 29236 29240 29244 29248 29252 29256 29260 29264 
29268 29272 29276 29280 29284 29288 29292 29296 29300 
29304 29308 29312 29316 29320 29324 29328 29332 29336 
29340 29344 29348 29352 29356 29360 29364 29368 29372 
29376 29380 29384 29388 29392 29396 29400 29404 29408 
29412 29416 29420 29424 29428 29432 29436 29440 29444 
29448 29452 29456 29460 29464 29468 29472 29476 29480 
29484 29488 29492 29496 29500 29504 29508 29512 29516 
29520 29524 29528 29532 29536 29540 29544 29548 29552 
29556 29560 29564 29568 29572 29576 29580 29584 29588 
29592 29596 29600 29604 29608 29612 29616 29620 29624 
29628 29632 29636 29640 29644 29648 29652 29656 29660 
29664 29668 29672 29676 29680 29684 29688 29692 29696 
29700 29704 29708 29712 29716 29720 29724 29728 29732 
29736 29740 29744 29748 29752 29756 29760 29764 29768 
29772 29776 29780 29784 29788 29792 29796 29800 29804 
29808 29812 29816 29820 29824 29828 29832 29836 29840 
29844 29848 29852 29856 29860 29864 29868 29872 29876 
29880 29884 29888 29892 29896 29900 29904 29908 29912 
29916 29920 29924 29928 29932 29936 29940 29944 29948 
29952 29956 29960 29964 29968 29972 29976 29980 29984 
29988 29992 29996 30000 30004 30008 30012 30016 30020 
30024 30028 30032 30036 30040 30044 30048 30052 30056 
30060 30064 30068 30072 30076 30080 30084 30088 30092 
30096 30100 30104 30108 30112 30116 30120 30124 30128 
30132 30136 30140 30144 30148 30152 30156 30160 30164 
30168 30172 30176 30180 30184 30188 30192 30196 30200 
30204 30208 30212 30216 30220 30224 30228 30232 30236 
30240 30244 30248 30252 30256 30260 30264 30268 30272 
30276 30280 30284 30288 30292 30296 30300 30304 30308 
30312 30316 30320 30324 30328 30332 30336 30340 30344 
30348 30352 30356 30360 30364 30368 30372 30376 30380 
30384 30388 30392 30396 30400 30404 30408 30412 30416 
30420 30424 30428 30432 30436 30440 30444 30448 30452 
30456 30460 30464 30468 30472 30476 30480 30484 30488 
30492 30496 30500 30504 30508 30512 30516 30520 30524 
30528 30532 30536 30540 30544 30548 30552 30556 30560 
30564 30568 30572 30576 30580 30584 30588 30592 30596 
30600 30604 30608 30612 30616 30620 30624 30628 30632 
30636 30640 30644 30648 30652 30656 30660 30664 30668 
30672 30676 30680 30684 30688 30692 30696 30700 30704 
30708 30712 30716 30720 30724 30728 30732 30736 30740 
30744 30748 30752 30756 30760 30764 30768 30772 30776 
30780 30784 30788 30792 30796 30800 30804 30808 30812 
30816 30820 30824 30828 30832 30836 30840 30844 30848 
30852 30856 30860 30864 30868 30872 30876 30880 30884 
30888 30892 30896 30900 30904 30908 30912 30916 30920 
30924 30928 30932 30936 30940 30944 30948 30952 30956 
30960 30964 30968 30972 30976 30980 30984 30988 30992 
30996 31000 31004 31008 31012 31016 31020 31024 31028 
31032 31036 31040 31044 31048 31052 31056 31060 31064 
31068 31072 31076 31080 31084 31088 31092 31096 31100 
31104 31108 31112 31116 31120 31124 31128 31132 31136 
31140 31144 31148 31152 31156 31160 31164 31168 31172 
31176 31180 31184 31188 31192 31196 31200 31204 31208 
31212 31216 31220 31224 31228 31232 31236 31240 31244 
31248 31252 31256 31260 31264 31268 31272 31276 31280 
31284 31288 31292 31296 31300 31304 31308 31312 31316 
31320 31324 31328 31332 31336 31340 31344 31348 31352 
31356 31360 31364 31368 31372 31376 31380 31384 31388 
31392 31396 31400 31404 31408 31412 31416 31420 31424 
31428 31432 31436 31440 31444 31448 31452 31456 31460 
31464 31468 31472 31476 31480 31484 31488 31492 31496 
31500 31504 31508 31512 31516 31520 31524 31528 31532 
31536 31540 31544 31548 31552 31556 31560 31564 31568 
31572 31576 31580 31584 31588 31592 31596 31600 31604 
31608 31612 31616 31620 31624 31628 31632 31636 31640 
31644 31648 31652 31656 31660 31664 31668 31672 31676 
31680 31684 31688 31692 31696 31700 31704 31708 31712 
31716 31720 31724 31728 31732 31736 31740 31744 31748 
31752 31756 31760 31764 31768 31772 31776 31780 31784 
31788 31792 31796 31800 31804 31808 31812 31816 31820 
31824 31828 31832 31836 31840 31844 31848 31852 31856 
31860 31864 31868 31872 31876 31880 31884 31888 31892 
31896 31900 31904 31908 31912 31916 31920 31924 31928 
31932 31936 31940 31944 31948 31952 31956 31960 31964 
31968 31972 31976 31980 31984 31988 31992 31996 32000 
32004 32008 32012 32016 32020 32024 32028 32032 32036 
32040 32044 32048 32052 32056 32060 32064 32068 32072 
32076 32080 32084 32088 32092 32096 32100 32104 32108 
32112 32116 32120 32124 32128 32132 32136 32140 32144 
32148 32152 32156 32160 32164 32168 32172 32176 32180 
32184 32188 32192 32196 32200 32204 32208 32212 32216 
32220 32224 32228 32232 32236 32240 32244 32248 32252 
32256 32260 32264 32268 32272 32276 32280 32284 32288 
32292 32296 32300 32304 32308 32312 32316 32320 32324 
32328 32332 32336 32340 32344 32348 32352 32356 32360 
32364 32368 32372 32376 32380 32384 32388 32392 32396 
32400 32404 32408 32412 32416 32420 32424 32428 32432 
32436 32440 32444 32448 32452 32456 32460 32464 32468 
32472 32476 32480 32484 32488 32492 32496 32500 32504 
32508 32512 32516 32520 32524 32528 32532 32536 32540 
32544 32548 32552 32556 32560 32564 32568 32572 32576 
32580 32584 32588 32592 32596 32600 32604 32608 32612 
32616 32620 32624 32628 32632 32636 32640 32644 32648 
32652 32656 32660 32664 32668 32672 32676 32680 32684 
32688 32692 32696 32700 32704 32708 32712 32716 32720 
32724 32728 32732 32736 32740 32744 32748 32752 32756 
32760 32764 32768 32772 32776 32780 32784 32788 32792 
32796 32800 32804 32808 32812 32816 32820 32824 32828 
32832 32836 32840 32844 32848 32852 32856 32860 32864 
32868 32872 32876 32880 32884 32888 32892 32896 32900 
32904 32908 32912 32916 32920 32924 32928 32932 32936 
32940 32944 32948 32952 32956 32960 32964 32968 32972 
32976 32980 32984 32988 32992 32996 33000 33004 33008 
33012 33016 33020 33024 33028 33032 33036 33040 33044 
33048 33052 33056 33060 33064 33068 33072 33076 33080 
33084 33088 33092 33096 33100 33104 33108 33112 33116 
33120 33124 33128 33132 33136 33140 33144 33148 33152 
33156 33160 33164 33168 33172 33176 33180 33184 33188 
33192 33196 33200 33204 33208 33212 33216 33220 33224 
33228 33232 33236 33240 33244 33248 33252 33256 33260 
33264 33268 33272 33276 33280 33284 33288 33292 33296 
33300 33304 33308 33312 33316 33320 33324 33328 33332 
33336 33340 33344 33348 33352 33356 33360 33364 33368 
33372 33376 33380 33384 33388 33392 33396 33400 33404 
33408 33412 33416 33420 33424 33428 33432 33436 33440 
33444 33448 33452 33456 33460 33464 33468 33472 33476 
33480 33484 33488 33492 33496 33500 33504 33508 33512 
33516 33520 33524 33528 33532 33536 33540 33544 33548 
33552 33556 33560 33564 33568 33572 33576 33580 33584 
33588 33592 33596 33600 33604 33608 33612 33616 33620 
33624 33628 33632 33636 33640 33644 33648 33652 33656 
33660 33664 33668 33672 33676 33680 33684 33688 33692 
33696 33700 33704 33708 33712 33716 33720 33724 33728 
33732 33736 33740 33744 33748 33752 33756 33760 33764 
33768 33772 33776 33780 33784 33788 33792 33796 33800 
33804 33808 33812 33816 33820 33824 33828 33832 33836 
33840 33844 33848 33852 33856 33860 33864 33868 33872 
33876 33880 33884 33888 33892 33896 33900 33904 33908 
33912 33916 33920 33924 33928 33932 33936 33940 33944 
33948 33952 33956 33960 33964 33968 33972 33976 33980 
33984 33988 33992 33996 34000 34004 34008 34012 34016 
34020 34024 34028 34032 34036 34040 34044 34048 34052 
34056 34060 34064 34068 34072 34076 34080 34084 34088 
34092 34096 34100 34104 34108 34112 34116 34120 34124 
34128 34132 34136 34140 34144 34148 34152 34156 34160 
34164 34168 34172 34176 34180 34184 34188 34192 34196 
34200 34204 34208 34212 34216 34220 34224 34228 34232 
34236 34240 34244 34248 34252 34256 34260 34264 34268 
34272 34276 34280 34284 34288 34292 34296 34300 34304 
34308 34312 34316 34320 34324 34328 34332 34336 34340 
34344 34348 34352 34356 34360 34364 34368 34372 34376 
34380 34384 34388 34392 34396 34400 34404 34408 34412 
34416 34420 34424 34428 34432 34436 34440 34444 34448 
34452 34456 34460 34464 34468 34472 34476 34480 34484 
34488 34492 34496 34500 34504 34508 34512 34516 34520 
34524 34528 34532 34536 34540 34544 34548 34552 34556 
34560 34564 34568 34572 34576 34580 34584 34588 34592 
34596 34600 34604 34608 34612 34616 34620 34624 34628 
34632 34636 34640 34644 34648 34652 34656 34660 34664 
34668 34672 34676 34680 34684 34688 34692 34696 34700 
34704 34708 34712 34716 34720 34724 34728 34732 34736 
34740 34744 34748 34752 34756 34760 34764 34768 34772 
34776 34780 34784 34788 34792 34796 34800 34804 34808 
34812 34816 34820 34824 34828 34832 34836 34840 34844 
34848 34852 34856 34860 34864 34868 34872 34876 34880 
34884 34888 34892 34896 34900 34904 34908 34912 34916 
34920 34924 34928 34932 34936 34940 34944 34948 34952 
34956 34960 34964 34968 34972 34976 34980 34984 34988 
34992 34996 35000 35004 35008 35012 35016 35020 35024 
35028 35032 35036 35040 35044 35048 35052 35056 35060 
35064 35068 35072 35076 35080 35084 35088 35092 35096 
35100 35104 35108 35112 35116 35120 35124 35128 35132 
35136 35140 35144 35148 35152 35156 35160 35164 35168 
35172 35176 35180 35184 35188 35192 35196 35200 35204 
35208 35212 35216 35220 35224 35228 35232 35236 35240 
35244 35248 35252 35256 35260 35264 35268 35272 35276 
35280 35284 35288 35292 35296 35300 35304 35308 35312 
35316 35320 35324 35328 35332 35336 35340 35344 35348 
35352 35356 35360 35364 35368 35372 35376 35380 35384 
35388 35392 35396 35400 35404 35408 35412 35416 35420 
35424 35428 35432 35436 35440 35444 35448 35452 35456 
35460 35464 35468 35472 35476 35480 35484 35488 35492 
35496 35500 35504 35508 35512 35516 35520 35524 35528 
35532 35536 35540 35544 35548 35552 35556 35560 35564 
35568 35572 35576 35580 35584 35588 35592 35596 35600 
35604 35608 35612 35616 35620 35624 35628 35632 35636 
35640 35644 35648 35652 35656 35660 35664 35668 35672 
35676 35680 35684 35688 35692 35696 35700 35704 35708 
35712 35716 35720 35724 35728 35732 35736 35740 35744 
35748 35752 35756 35760 35764 35768 35772 35776 35780 
35784 35788 35792 35796 35800 35804 35808 35812 35816 
35820 35824 35828 35832 35836 35840 35844 35848 35852 
35856 35860 35864 35868 35872 35876 35880 35884 35888 
35892 35896 35900 35904 35908 35912 35916 35920 35924 
35928 35932 35936 35940 35944 35948 35952 35956 35960 
35964 35968 35972 35976 35980 35984 35988 35992 35996 
36000 36004 36008 36012 36016 36020 36024 36028 36032 
36036 36040 36044 36048 36052 36056 36060 36064 36068 
36072 36076 36080 36084 36088 36092 36096 36100 36104 
36108 36112 36116 36120 36124 36128 36132 36136 36140 
36144 36148 36152 36156 36160 36164 36168 36172 36176 
36180 36184 36188 36192 36196 36200 36204 36208 36212 
36216 36220 36224 36228 36232 36236 36240 36244 36248 
36252 36256 36260 36264 36268 36272 36276 36280 36284 
36288 36292 36296 36300 36304 36308 36312 36316 36320 
36324 36328 36332 36336 36340 36344 36348 36352 36356 
36360 36364 36368 36372 36376 36380 36384 36388 36392 
36396 36400 36404 36408 36412 36416 36420 36424 36428 
36432 36436 36440 36444 36448 36452 36456 36460 36464 
36468 36472 36476 36480 36484 36488 36492 36496 36500 
36504 36508 36512 36516 36520 36524 36528 36532 36536 
36540 36544 36548 36552 36556 36560 36564 36568 36572 
36576 36580 36584 36588 36592 36596 36600 36604 36608 
36612 36616 36620 36624 36628 36632 36636 36640 36644 
36648 36652 36656 36660 36664 36668 36672 36676 36680 
36684 36688 36692 36696 36700 36704 36708 36712 36716 
36720 36724 36728 36732 36736 36740 36744 36748 36752 
36756 36760 36764 36768 36772 36776 36780 36784 36788 
36792 36796 36800 36804 36808 36812 36816 36820 36824 
36828 36832 36836 36840 36844 36848 36852 36856 36860 
36864 36868 36872 36876 36880 36884 36888 36892 36896 
36900 36904 36908 36912 36916 36920 36924 36928 36932 
36936 36940 36944 36948 36952 36956 36960 36964 36968 
36972 36976 36980 36984 36988 36992 36996 37000 37004 
37008 37012 37016 37020 37024 37028 37032 37036 37040 
37044 37048 37052 37056 37060 37064 37068 37072 37076 
37080 37084 37088 37092 37096 37100 37104 37108 37112 
37116 37120 37124 37128 37132 37136 37140 37144 37148 
37152 37156 37160 37164 37168 37172 37176 37180 37184 
37188 37192 37196 37200 37204 37208 37212 37216 37220 
37224 37228 37232 37236 37240 37244 37248 37252 37256 
37260 37264 37268 37272 37276 37280 37284 37288 37292 
37296 37300 37304 37308 37312 37316 37320 37324 37328 
37332 37336 37340 37344 37348 37352 37356 37360 37364 
37368 37372 37376 37380 37384 37388 37392 37396 37400 
37404 37408 37412 37416 37420 37424 37428 37432 37436 
37440 37444 37448 37452 37456 37460 37464 37468 37472 
37476 37480 37484 37488 37492 37496 37500 37504 37508 
37512 37516 37520 37524 37528 37532 37536 37540 37544 
37548 37552 37556 37560 37564 37568 37572 37576 37580 
37584 37588 37592 37596 37600 37604 37608 37612 37616 
37620 37624 37628 37632 37636 37640 37644 37648 37652 
37656 37660 37664 37668 37672 37676 37680 37684 37688 
37692 37696 37700 37704 37708 37712 37716 37720 37724 
37728 37732 37736 37740 37744 37748 37752 37756 37760 
37764 37768 37772 37776 37780 37784 37788 37792 37796 
37800 37804 37808 37812 37816 37820 37824 37828 37832 
37836 37840 37844 37848 37852 37856 37860 37864 37868 
37872 37876 37880 37884 37888 37892 37896 37900 37904 
37908 37912 37916 37920 37924 37928 37932 37936 37940 
37944 37948 37952 37956 37960 37964 37968 37972 37976 
37980 37984 37988 37992 37996 38000 38004 38008 38012 
38016 38020 38024 38028 38032 38036 38040 38044 38048 
38052 38056 38060 38064 38068 38072 38076 38080 38084 
38088 38092 38096 38100 38104 38108 38112 38116 38120 
38124 38128 38132 38136 38140 38144 38148 38152 38156 
38160 38164 38168 38172 38176 38180 38184 38188 38192 
38196 38200 38204 38208 38212 38216 38220 38224 38228 
38232 38236 38240 38244 38248 38252 38256 38260 38264 
38268 38272 38276 38280 38284 38288 38292 38296 38300 
38304 38308 38312 38316 38320 38324 38328 38332 38336 
38340 38344 38348 38352 38356 38360 38364 38368 38372 
38376 38380 38384 38388 38392 38396 38400 38404 38408 
38412 38416 38420 38424 38428 38432 38436 38440 38444 
38448 38452 38456 38460 38464 38468 38472 38476 38480 
38484 38488 38492 38496 38500 38504 38508 38512 38516 
38520 38524 38528 38532 38536 38540 38544 38548 38552 
38556 38560 38564 38568 38572 38576 38580 38584 38588 
38592 38596 38600 38604 38608 38612 38616 38620 38624 
38628 38632 38636 38640 38644 38648 38652 38656 38660 
38664 38668 38672 38676 38680 38684 38688 38692 38696 
38700 38704 38708 38712 38716 38720 38724 38728 38732 
38736 38740 38744 38748 38752 38756 38760 38764 38768 
38772 38776 38780 38784 38788 38792 38796 38800 38804 
38808 38812 38816 38820 38824 38828 38832 38836 38840 
38844 38848 38852 38856 38860 38864 38868 38872 38876 
38880 38884 38888 38892 38896 38900 38904 38908 38912 
38916 38920 38924 38928 38932 38936 38940 38944 38948 
38952 38956 38960 38964 38968 38972 38976 38980 38984 
38988 38992 38996 39000 39004 39008 39012 39016 39020 
39024 39028 39032 39036 39040 39044 39048 39052 39056 
39060 39064 39068 39072 39076 39080 39084 39088 39092 
39096 39100 39104 39108 39112 39116 39120 39124 39128 
39132 39136 39140 39144 39148 39152 39156 39160 39164 
39168 39172 39176 39180 39184 39188 39192 39196 39200 
39204 39208 39212 39216 39220 39224 39228 39232 39236 
39240 39244 39248 39252 39256 39260 39264 39268 39272 
39276 39280 39284 39288 39292 39296 39300 39304 39308 
39312 39316 39320 39324 39328 39332 39336 39340 39344 
39348 39352 39356 39360 39364 39368 39372 39376 39380 
39384 39388 39392 39396 39400 39404 39408 39412 39416 
39420 39424 39428 39432 39436 39440 39444 39448 39452 
39456 39460 39464 39468 39472 39476 39480 39484 39488 
39492 39496 39500 39504 39508 39512 39516 39520 39524 
39528 39532 39536 39540 39544 39548 39552 39556 39560 
39564 39568 39572 39576 39580 39584 39588 39592 39596 
39600 39604 39608 39612 39616 39620 39624 39628 39632 
39636 39640 39644 39648 39652 39656 39660 39664 39668 
39672 39676 39680 39684 39688 39692 39696 39700 39704 
39708 39712 39716 39720 39724 39728 39732 39736 39740 
39744 39748 39752 39756 39760 39764 39768 39772 39776 
39780 39784 39788 39792 39796 39800 39804 39808 39812 
39816 39820 39824 39828 39832 39836 39840 39844 39848 
39852 39856 39860 39864 39868 39872 39876 39880 39884 
39888 39892 39896 39900 39904 39908 39912 39916 39920 
39924 39928 39932 39936 39940 39944 39948 39952 39956 
39960 39964 39968 39972 39976 39980 39984 39988 39992 
39996 40000 40004 40008 40012 40016 40020 40024 40028 
40032 40036 40040 40044 40048 40052 40056 40060 40064 
40068 40072 40076 40080 40084 40088 40092 40096 40100 
40104 40108 40112 40116 40120 40124 40128 40132 40136 
40140 40144 40148 40152 40156 40160 40164 40168 40172 
40176 40180 40184 40188 40192 40196 40200 40204 40208 
40212 40216 40220 40224 40228 40232 40236 40240 40244 
40248 40252 40256 40260 40264 40268 40272 40276 40280 
40284 40288 40292 40296 40300 40304 40308 40312 40316 
40320 40324 40328 40332 40336 40340 40344 40348 40352 
40356 40360 40364 40368 40372 40376 40380 40384 40388 
40392 40396 40400 40404 40408 40412 40416 40420 40424 
40428 40432 40436 40440 40444 40448 40452 40456 40460 
40464 40468 40472 40476 40480 40484 40488 40492 40496 
40500 40504 40508 40512 40516 40520 40524 40528 40532 
40536 40540 40544 40548 40552 40556 40560 40564 40568 
40572 40576 40580 40584 40588 40592 40596 40600 40604 
40608 40612 40616 40620 40624 40628 40632 40636 40640 
40644 40648 40652 40656 40660 40664 40668 40672 40676 
40680 40684 40688 40692 40696 40700 40704 40708 40712 
40716 40720 40724 40728 40732 40736 40740 40744 40748 
40752 40756 40760 40764 40768 40772 40776 40780 40784 
40788 40792 40796 40800 40804 40808 40812 40816 40820 
40824 40828 40832 40836 40840 40844 40848 40852 40856 
40860 40864 40868 40872 40876 40880 40884 40888 40892 
40896 40900 40904 40908 40912 40916 40920 40924 40928 
40932 40936 40940 40944 40948 40952 40956 40960 40964 
40968 40972 40976 40980 40984 40988 40992 40996 41000 
41004 41008 41012 41016 41020 41024 41028 41032 41036 
41040 41044 41048 41052 41056 41060 41064 41068 41072 
41076 41080 41084 41088 41092 41096 41100 41104 41108 
41112 41116 41120 41124 41128 41132 41136 41140 41144 
41148 41152 41156 41160 41164 41168 41172 41176 41180 
41184 41188 41192 41196 41200 41204 41208 41212 41216 
41220 41224 41228 41232 41236 41240 41244 41248 41252 
41256 41260 41264 41268 41272 41276 41280 41284 41288 
41292 41296 41300 41304 41308 41312 41316 41320 41324 
41328 41332 41336 41340 41344 41348 41352 41356 41360 
41364 41368 41372 41376 41380 41384 41388 41392 41396 
41400 41404 41408 41412 41416 41420 41424 41428 41432 
41436 41440 41444 41448 41452 41456 41460 41464 41468 
41472 41476 41480 41484 41488 41492 41496 41500 41504 
41508 41512 41516 41520 41524 41528 41532 41536 41540 
41544 41548 41552 41556 41560 41564 41568 41572 41576 
41580 41584 41588 41592 41596 41600 41604 41608 41612 
41616 41620 41624 41628 41632 41636 41640 41644 41648 
41652 41656 41660 41664 41668 41672 41676 41680 41684 
41688 41692 41696 41700 41704 41708 41712 41716 41720 
41724 41728 41732 41736 41740 41744 41748 41752 41756 
41760 41764 41768 41772 41776 41780 41784 41788 41792 
41796 41800 41804 41808 41812 41816 41820 41824 41828 
41832 41836 41840 41844 41848 41852 41856 41860 41864 
41868 41872 41876 41880 41884 41888 41892 41896 41900 
41904 41908 41912 41916 41920 41924 41928 41932 41936 
41940 41944 41948 41952 41956 41960 41964 41968 41972 
41976 41980 41984 41988 41992 41996 42000 42004 42008 
42012 42016 42020 42024 42028 42032 42036 42040 42044 
42048 42052 42056 42060 42064 42068 42072 42076 42080 
42084 42088 42092 42096 42100 42104 42108 42112 42116 
42120 42124 42128 42132 42136 42140 42144 42148 42152 
42156 42160 42164 42168 42172 42176 42180 42184 42188 
42192 42196 42200 42204 42208 42212 42216 42220 42224 
42228 42232 42236 42240 42244 42248 42252 42256 42260 
42264 42268 42272 42276 42280 42284 42288 42292 42296 
42300 42304 42308 42312 42316 42320 42324 42328 42332 
42336 42340 42344 42348 42352 42356 42360 42364 42368 
42372 42376 42380 42384 42388 42392 42396 42400 42404 
42408 42412 42416 42420 42424 42428 42432 42436 42440 
42444 42448 42452 42456 42460 42464 42468 42472 42476 
42480 42484 42488 42492 42496 42500 42504 42508 42512 
42516 42520 42524 42528 42532 42536 42540 42544 42548 
42552 42556 42560 42564 42568 42572 42576 42580 42584 
42588 42592 42596 42600 42604 42608 42612 42616 42620 
42624 42628 42632 42636 42640 42644 42648 42652 42656 
42660 42664 42668 42672 42676 42680 42684 42688 42692 
42696 42700 42704 42708 42712 42716 42720 42724 42728 
42732 42736 42740 42744 42748 42752 42756 42760 42764 
42768 42772 42776 42780 42784 42788 42792 42796 42800 
42804 42808 42812 42816 42820 42824 42828 42832 42836 
42840 42844 42848 42852 42856 42860 42864 42868 42872 
42876 42880 42884 42888 42892 42896 42900 42904 42908 
42912 42916 42920 42924 42928 42932 42936 42940 42944 
42948 42952 42956 42960 42964 42968 42972 42976 42980 
42984 42988 42992 42996 43000 43004 43008 43012 43016 
43020 43024 43028 43032 43036 43040 43044 43048 43052 
43056 43060 43064 43068 43072 43076 43080 43084 43088 
43092 43096 43100 43104 43108 43112 43116 43120 43124 
43128 43132 43136 43140 43144 43148 43152 43156 43160 
43164 43168 43172 43176 43180 43184 43188 43192 43196 
43200 43204 43208 43212 43216 43220 43224 43228 43232 
43236 43240 43244 43248 43252 43256 43260 43264 43268 
43272 43276 43280 43284 43288 43292 43296 43300 43304 
43308 43312 43316 43320 43324 43328 43332 43336 43340 
43344 43348 43352 43356 43360 43364 43368 43372 43376 
43380 43384 43388 43392 43396 43400 43404 43408 43412 
43416 43420 43424 43428 43432 43436 43440 43444 43448 
43452 43456 43460 43464 43468 43472 43476 43480 43484 
43488 43492 43496 43500 43504 43508 43512 43516 43520 
43524 43528 43532 43536 43540 43544 43548 43552 43556 
43560 43564 43568 43572 43576 43580 43584 43588 43592 
43596 43600 43604 43608 43612 43616 43620 43624 43628 
43632 43636 43640 43644 43648 43652 43656 43660 43664 
43668 43672 43676 43680 43684 43688 43692 43696 43700 
43704 43708 43712 43716 43720 43724 43728 43732 43736 
43740 43744 43748 43752 43756 43760 43764 43768 43772 
43776 43780 43784 43788 43792 43796 43800 43804 43808 
43812 43816 43820 43824 43828 43832 43836 43840 43844 
43848 43852 43856 43860 43864 43868 43872 43876 43880 
43884 43888 43892 43896 43900 43904 43908 43912 43916 
43920 43924 43928 43932 43936 43940 43944 43948 43952 
43956 43960 43964 43968 43972 43976 43980 43984 43988 
43992 43996 44000 44004 44008 44012 44016 44020 44024 
44028 44032 44036 44040 44044 44048 44052 44056 44060 
44064 44068 44072 44076 44080 44084 44088 44092 44096 
44100 44104 44108 44112 44116 44120 44124 44128 44132 
44136 44140 44144 44148 44152 44156 44160 44164 44168 
44172 44176 44180 44184 44188 44192 44196 44200 44204 
44208 44212 44216 44220 44224 44228 44232 44236 44240 
44244 44248 44252 44256 44260 44264 44268 44272 44276 
44280 44284 44288 44292 44296 44300 44304 44308 44312 
44316 44320 44324 44328 44332 44336 44340 44344 44348 
44352 44356 44360 44364 44368 44372 44376 44380 44384 
44388 44392 44396 44400 44404 44408 44412 44416 44420 
44424 44428 44432 44436 44440 44444 44448 44452 44456 
44460 44464 44468 44472 44476 44480 44484 44488 44492 
44496 44500 44504 44508 44512 44516 44520 44524 44528 
44532 44536 44540 44544 44548 44552 44556 44560 44564 
44568 44572 44576 44580 44584 44588 44592 44596 44600 
44604 44608 44612 44616 44620 44624 44628 44632 44636 
44640 44644 44648 44652 44656 44660 44664 44668 44672 
44676 44680 44684 44688 44692 44696 44700 44704 44708 
44712 44716 44720 44724 44728 44732 44736 44740 44744 
44748 44752 44756 44760 44764 44768 44772 44776 44780 
44784 44788 44792 44796 44800 44804 44808 44812 44816 
44820 44824 44828 44832 44836 44840 44844 44848 44852 
44856 44860 44864 44868 44872 44876 44880 44884 44888 
44892 44896 44900 44904 44908 44912 44916 44920 44924 
44928 44932 44936 44940 44944 44948 44952 44956 44960 
44964 44968 44972 44976 44980 44984 44988 44992 44996 
45000 45004 45008 45012 45016 45020 45024 45028 45032 
45036 45040 45044 45048 45052 45056 45060 45064 45068 
45072 45076 45080 45084 45088 45092 45096 45100 45104 
45108 45112 45116 45120 45124 45128 45132 45136 45140 
45144 45148 45152 45156 45160 45164 45168 45172 45176 
45180 45184 45188 45192 45196 45200 45204 45208 45212 
45216 45220 45224 45228 45232 45236 45240 45244 45248 
45252 45256 45260 45264 45268 45272 45276 45280 45284 
45288 45292 45296 45300 45304 45308 45312 45316 45320 
45324 45328 45332 45336 45340 45344 45348 45352 45356 
45360 45364 45368 45372 45376 45380 45384 45388 45392 
45396 45400 45404 45408 45412 45416 45420 45424 45428 
45432 45436 45440 45444 45448 45452 45456 45460 45464 
45468 45472 45476 45480 45484 45488 45492 45496 45500 
45504 45508 45512 45516 45520 45524 45528 45532 45536 
45540 45544 45548 45552 45556 45560 45564 45568 45572 
45576 45580 45584 45588 45592 45596 45600 45604 45608 
45612 45616 45620 45624 45628 45632 45636 45640 45644 
45648 45652 45656 45660 45664 45668 45672 45676 45680 
45684 45688 45692 45696 45700 45704 45708 45712 45716 
45720 45724 45728 45732 45736 45740 45744 45748 45752 
45756 45760 45764 45768 45772 45776 45780 45784 45788 
45792 45796 45800 45804 45808 45812 45816 45820 45824 
45828 45832 45836 45840 45844 45848 45852 45856 45860 
45864 45868 45872 45876 45880 45884 45888 45892 45896 
45900 45904 45908 45912 45916 45920 45924 45928 45932 
45936 45940 45944 45948 45952 45956 45960 45964 45968 
45972 45976 45980 45984 45988 45992 45996 46000 46004 
46008 46012 46016 46020 46024 46028 46032 46036 46040 
46044 46048 46052 46056 46060 46064 46068 46072 46076 
46080 46084 46088 46092 46096 46100 46104 46108 46112 
46116 46120 46124 46128 46132 46136 46140 46144 46148 
46152 46156 46160 46164 46168 46172 46176 46180 46184 
46188 46192 46196 46200 46204 46208 46212 46216 46220 
46224 46228 46232 46236 46240 46244 46248 46252 46256 
46260 46264 46268 46272 46276 46280 46284 46288 46292 
46296 46300 46304 46308 46312 46316 46320 46324 46328 
46332 46336 46340 46344 46348 46352 46356 46360 46364 
46368 46372 46376 46380 46384 46388 46392 46396 46400 
46404 46408 46412 46416 46420 46424 46428 46432 46436 
46440 46444 46448 46452 46456 46460 46464 46468 46472 
46476 46480 46484 46488 46492 46496 46500 46504 46508 
46512 46516 46520 46524 46528 46532 46536 46540 46544 
46548 46552 46556 46560 46564 46568 46572 46576 46580 
46584 46588 46592 46596 46600 46604 46608 46612 46616 
46620 46624 46628 46632 46636 46640 46644 46648 46652 
46656 46660 46664 46668 46672 46676 46680 46684 46688 
46692 46696 46700 46704 46708 46712 46716 46720 46724 
46728 46732 46736 46740 46744 46748 46752 46756 46760 
46764 46768 46772 46776 46780 46784 46788 46792 46796 
46800 46804 46808 46812 46816 46820 46824 46828 46832 
46836 46840 46844 46848 46852 46856 46860 46864 46868 
46872 46876 46880 46884 46888 46892 46896 46900 46904 
46908 46912 46916 46920 46924 46928 46932 46936 46940 
46944 46948 46952 46956 46960 46964 46968 46972 46976 
46980 46984 46988 46992 46996 47000 47004 47008 47012 
47016 47020 47024 47028 47032 47036 47040 47044 47048 
47052 47056 47060 47064 47068 47072 47076 47080 47084 
47088 47092 47096 47100 47104 47108 47112 47116 47120 
47124 47128 47132 47136 47140 47144 47148 47152 47156 
47160 47164 47168 47172 47176 47180 47184 47188 47192 
47196 47200 47204 47208 47212 47216 47220 47224 47228 
47232 47236 47240 47244 47248 47252 47256 47260 47264 
47268 47272 47276 47280 47284 47288 47292 47296 47300 
47304 47308 47312 47316 47320 47324 47328 47332 47336 
47340 47344 47348 47352 47356 47360 47364 47368 47372 
47376 47380 47384 47388 47392 47396 47400 47404 47408 
47412 47416 47420 47424 47428 47432 47436 47440 47444 
47448 47452 47456 47460 47464 47468 47472 47476 47480 
47484 47488 47492 47496 47500 47504 47508 47512 47516 
47520 47524 47528 47532 47536 47540 47544 47548 47552 
47556 47560 47564 47568 47572 47576 47580 47584 47588 
47592 47596 47600 47604 47608 47612 47616 47620 47624 
47628 47632 47636 47640 47644 47648 47652 47656 47660 
47664 47668 47672 47676 47680 47684 47688 47692 47696 
47700 47704 47708 47712 47716 47720 47724 47728 47732 
47736 47740 47744 47748 47752 47756 47760 47764 47768 
47772 47776 47780 47784 47788 47792 47796 47800 47804 
47808 47812 47816 47820 47824 47828 47832 47836 47840 
47844 47848 47852 47856 47860 47864 47868 47872 47876 
47880 47884 47888 47892 47896 47900 47904 47908 47912 
47916 47920 47924 47928 47932 47936 47940 47944 47948 
47952 47956 47960 47964 47968 47972 47976 47980 47984 
47988 47992 47996 48000 48004 48008 48012 48016 48020 
48024 48028 48032 48036 48040 48044 48048 48052 48056 
48060 48064 48068 48072 48076 48080 48084 48088 48092 
48096 48100 48104 48108 48112 48116 48120 48124 48128 
48132 48136 48140 48144 48148 48152 48156 48160 48164 
48168 48172 48176 48180 48184 48188 48192 48196 48200 
48204 48208 48212 48216 48220 48224 48228 48232 48236 
48240 48244 48248 48252 48256 48260 48264 48268 48272 
48276 48280 48284 48288 48292 48296 48300 48304 48308 
48312 48316 48320 48324 48328 48332 48336 48340 48344 
48348 48352 48356 48360 48364 48368 48372 48376 48380 
48384 48388 48392 48396 48400 48404 48408 48412 48416 
48420 48424 48428 48432 48436 48440 48444 48448 48452 
48456 48460 48464 48468 48472 48476 48480 48484 48488 
48492 48496 48500 48504 48508 48512 48516 48520 48524 
48528 48532 48536 48540 48544 48548 48552 48556 48560 
48564 48568 48572 48576 48580 48584 48588 48592 48596 
48600 48604 48608 48612 48616 48620 48624 48628 48632 
48636 48640 48644 48648 48652 48656 48660 48664 48668 
48672 48676 48680 48684 48688 48692 48696 48700 48704 
48708 48712 48716 48720 48724 48728 48732 48736 48740 
48744 48748 48752 48756 48760 48764 48768 48772 48776 
48780 48784 48788 48792 48796 48800 48804 48808 48812 
48816 48820 48824 48828 48832 48836 48840 48844 48848 
48852 48856 48860 48864 48868 48872 48876 48880 48884 
48888 48892 48896 48900 48904 48908 48912 48916 48920 
48924 48928 48932 48936 48940 48944 48948 48952 48956 
48960 48964 48968 48972 48976 48980 48984 48988 48992 
48996 49000 49004 49008 49012 49016 49020 49024 49028 
49032 49036 49040 49044 49048 49052 49056 49060 49064 
49068 49072 49076 49080 49084 49088 49092 49096 49100 
49104 49108 49112 49116 49120 49124 49128 49132 49136 
49140 49144 49148 49152 49156 49160 49164 49168 49172 
49176 49180 49184 49188 49192 49196 49200 49204 49208 
49212 49216 49220 49224 49228 49232 49236 49240 49244 
49248 49252 49256 49260 49264 49268 49272 49276 49280 
49284 49288 49292 49296 49300 49304 49308 49312 49316 
49320 49324 49328 49332 49336 49340 49344 49348 49352 
49356 49360 49364 49368 49372 49376 49380 49384 49388 
49392 49396 49400 49404 49408 49412 49416 49420 49424 
49428 49432 49436 49440 49444 49448 49452 49456 49460 
49464 49468 49472 49476 49480 49484 49488 49492 49496 
49500 49504 49508 49512 49516 49520 49524 49528 49532 
49536 49540 49544 49548 49552 49556 49560 49564 49568 
49572 49576 49580 49584 49588 49592 49596 49600 49604 
49608 49612 49616 49620 49624 49628 49632 49636 49640 
49644 49648 49652 49656 49660 49664 49668 49672 49676 
49680 49684 49688 49692 49696 49700 49704 49708 49712 
49716 49720 49724 49728 49732 49736 49740 49744 49748 
49752 49756 49760 49764 49768 49772 49776 49780 49784 
49788 49792 49796 49800 49804 49808 49812 49816 49820 
49824 49828 49832 49836 49840 49844 49848 49852 49856 
49860 49864 49868 49872 49876 49880 49884 49888 49892 
49896 49900 49904 49908 49912 49916 49920 49924 49928 
49932 49936 49940 49944 49948 49952 49956 49960 49964 
49968 49972 49976 49980 49984 49988 49992 49996 50000 
50004 50008 50012 50016 50020 50024 50028 50032 50036 
50040 50044 50048 50052 50056 50060 50064 50068 50072 
50076 50080 50084 50088 50092 50096 50100 50104 50108 
50112 50116 50120 50124 50128 50132 50136 50140 50144 
50148 50152 50156 50160 50164 50168 50172 50176 50180 
50184 50188 50192 50196 50200 50204 50208 50212 50216 
50220 50224 50228 50232 50236 50240 50244 50248 50252 
50256 50260 50264 50268 50272 50276 50280 50284 50288 
50292 50296 50300 50304 50308 50312 50316 50320 50324 
50328 50332 50336 50340 50344 50348 50352 50356 50360 
50364 50368 50372 50376 50380 50384 50388 50392 50396 
50400 50404 50408 50412 50416 50420 50424 50428 50432 
50436 50440 50444 50448 50452 50456 50460 50464 50468 
50472 50476 50480 50484 50488 50492 50496 50500 50504 
50508 50512 50516 50520 50524 50528 50532 50536 50540 
50544 50548 50552 50556 50560 50564 50568 50572 50576 
50580 50584 50588 50592 50596 50600 50604 50608 50612 
50616 50620 50624 50628 50632 50636 50640 50644 50648 
50652 50656 50660 50664 50668 50672 50676 50680 50684 
50688 50692 50696 50700 50704 50708 50712 50716 50720 
50724 50728 50732 50736 50740 50744 50748 50752 50756 
50760 50764 50768 50772 50776 50780 50784 50788 50792 
50796 50800 50804 50808 50812 50816 50820 50824 50828 
50832 50836 50840 50844 50848 50852 50856 50860 50864 
50868 50872 50876 50880 50884 50888 50892 50896 50900 
50904 50908 50912 50916 50920 50924 50928 50932 50936 
50940 50944 50948 50952 50956 50960 50964 50968 50972 
50976 50980 50984 50988 50992 50996 51000 51004 51008 
51012 51016 51020 51024 51028 51032 51036 51040 51044 
51048 51052 51056 51060 51064 51068 51072 51076 51080 
51084 51088 51092 51096 51100 51104 51108 51112 51116 
51120 51124 51128 51132 51136 51140 51144 51148 51152 
51156 51160 51164 51168 51172 51176 51180 51184 51188 
51192 51196 51200 51204 51208 51212 51216 51220 51224 
51228 51232 51236 51240 51244 51248 51252 51256 51260 
51264 51268 51272 51276 51280 51284 51288 51292 51296 
51300 51304 51308 51312 51316 51320 51324 51328 51332 
51336 51340 51344 51348 51352 51356 51360 51364 51368 
51372 51376 51380 51384 51388 51392 51396 51400 51404 
51408 51412 51416 51420 51424 51428 51432 51436 51440 
51444 51448 51452 51456 51460 51464 51468 51472 51476 
51480 51484 51488 51492 51496 51500 51504 51508 51512 
51516 51520 51524 51528 51532 51536 51540 51544 51548 
51552 51556 51560 51564 51568 51572 51576 51580 51584 
51588 51592 51596 51600 51604 51608 51612 51616 51620 
51624 51628 51632 51636 51640 51644 51648 51652 51656 
51660 51664 51668 51672 51676 51680 51684 51688 51692 
51696 51700 51704 51708 51712 51716 51720 51724 51728 
51732 51736 51740 51744 51748 51752 51756 51760 51764 
51768 51772 51776 51780 51784 51788 51792 51796 51800 
51804 51808 51812 51816 51820 51824 51828 51832 51836 
51840 51844 51848 51852 51856 51860 51864 51868 51872 
51876 51880 51884 51888 51892 51896 51900 51904 51908 
51912 51916 51920 51924 51928 51932 51936 51940 51944 
51948 51952 51956 51960 51964 51968 51972 51976 51980 
51984 51988 51992 51996 52000 52004 52008 52012 52016 
52020 52024 52028 52032 52036 52040 52044 52048 52052 
52056 52060 52064 52068 52072 52076 52080 52084 52088 
52092 52096 52100 52104 52108 52112 52116 52120 52124 
52128 52132 52136 52140 52144 52148 52152 52156 52160 
52164 52168 52172 52176 52180 52184 52188 52192 52196 
52200 52204 52208 52212 52216 52220 52224 52228 52232 
52236 52240 52244 52248 52252 52256 52260 52264 52268 
52272 52276 52280 52284 52288 52292 52296 52300 52304 
52308 52312 52316 52320 52324 52328 52332 52336 52340 
52344 52348 52352 52356 52360 52364 52368 52372 52376 
52380 52384 52388 52392 52396 52400 52404 52408 52412 
52416 52420 52424 52428 52432 52436 52440 52444 52448 
52452 52456 52460 52464 52468 52472 52476 52480 52484 
52488 52492 52496 52500 52504 52508 52512 52516 52520 
52524 52528 52532 52536 52540 52544 52548 52552 52556 
52560 52564 52568 52572 52576 52580 52584 52588 52592 
52596 52600 52604 52608 52612 52616 52620 52624 52628 
52632 52636 52640 52644 52648 52652 52656 52660 52664 
52668 52672 52676 52680 52684 52688 52692 52696 52700 
52704 52708 52712 52716 52720 52724 52728 52732 52736 
52740 52744 52748 52752 52756 52760 52764 52768 52772 
52776 52780 52784 52788 52792 52796 52800 52804 52808 
52812 52816 52820 52824 52828 52832 52836 52840 52844 
52848 52852 52856 52860 52864 52868 52872 52876 52880 
52884 52888 52892 52896 52900 52904 52908 52912 52916 
52920 52924 52928 52932 52936 52940 52944 52948 52952 
52956 52960 52964 52968 52972 52976 52980 52984 52988 
52992 52996 53000 53004 53008 53012 53016 53020 53024 
53028 53032 53036 53040 53044 53048 53052 53056 53060 
53064 53068 53072 53076 53080 53084 53088 53092 53096 
53100 53104 53108 53112 53116 53120 53124 53128 53132 
53136 53140 53144 53148 53152 53156 53160 53164 53168 
53172 53176 53180 53184 53188 53192 53196 53200 53204 
53208 53212 53216 53220 53224 53228 53232 53236 53240 
53244 53248 53252 53256 53260 53264 53268 53272 53276 
53280 53284 53288 53292 53296 53300 53304 53308 53312 
53316 53320 53324 53328 53332 53336 53340 53344 53348 
53352 53356 53360 53364 53368 53372 53376 53380 53384 
53388 53392 53396 53400 53404 53408 53412 53416 53420 
53424 53428 53432 53436 53440 53444 53448 53452 53456 
53460 53464 53468 53472 53476 53480 53484 53488 53492 
53496 53500 53504 53508 53512 53516 53520 53524 53528 
53532 53536 53540 53544 53548 53552 53556 53560 53564 
53568 53572 53576 53580 53584 53588 53592 53596 53600 
53604 53608 53612 53616 53620 53624 53628 53632 53636 
53640 53644 53648 53652 53656 53660 53664 53668 53672 
53676 53680 53684 53688 53692 53696 53700 53704 53708 
53712 53716 53720 53724 53728 53732 53736 53740 53744 
53748 53752 53756 53760 53764 53768 53772 53776 53780 
53784 53788 53792 53796 53800 53804 53808 53812 53816 
53820 53824 53828 53832 53836 53840 53844 53848 53852 
53856 53860 53864 53868 53872 53876 53880 53884 53888 
53892 53896 53900 53904 53908 53912 53916 53920 53924 
53928 53932 53936 53940 53944 53948 53952 53956 53960 
53964 53968 53972 53976 53980 53984 53988 53992 53996 
54000 54004 54008 54012 54016 54020 54024 54028 54032 
54036 54040 54044 54048 54052 54056 54060 54064 54068 
54072 54076 54080 54084 54088 54092 54096 54100 54104 
54108 54112 54116 54120 54124 54128 54132 54136 54140 
54144 54148 54152 54156 54160 54164 54168 54172 54176 
54180 54184 54188 54192 54196 54200 54204 54208 54212 
54216 54220 54224 54228 54232 54236 54240 54244 54248 
54252 54256 54260 54264 54268 54272 54276 54280 54284 
54288 54292 54296 54300 54304 54308 54312 54316 54320 
54324 54328 54332 54336 54340 54344 54348 54352 54356 
54360 54364 54368 54372 54376 54380 54384 54388 54392 
54396 54400 54404 54408 54412 54416 54420 54424 54428 
54432 54436 54440 54444 54448 54452 54456 54460 54464 
54468 54472 54476 54480 54484 54488 54492 54496 54500 
54504 54508 54512 54516 54520 54524 54528 54532 54536 
54540 54544 54548 54552 54556 54560 54564 54568 54572 
54576 54580 54584 54588 54592 54596 54600 54604 54608 
54612 54616 54620 54624 54628 54632 54636 54640 54644 
54648 54652 54656 54660 54664 54668 54672 54676 54680 
54684 54688 54692 54696 54700 54704 54708 54712 54716 
54720 54724 54728 54732 54736 54740 54744 54748 54752 
54756 54760 54764 54768 54772 54776 54780 54784 54788 
54792 54796 54800 54804 54808 54812 54816 54820 54824 
54828 54832 54836 54840 54844 54848 54852 54856 54860 
54864 54868 54872 54876 54880 54884 54888 54892 54896 
54900 54904 54908 54912 54916 54920 54924 54928 54932 
54936 54940 54944 54948 54952 54956 54960 54964 54968 
54972 54976 54980 54984 54988 54992 54996 55000 55004 
55008 55012 55016 55020 55024 55028 55032 55036 55040 
55044 55048 55052 55056 55060 55064 55068 55072 55076 
55080 55084 55088 55092 55096 55100 55104 55108 55112 
55116 55120 55124 55128 55132 55136 55140 55144 55148 
55152 55156 55160 55164 55168 55172 55176 55180 55184 
55188 55192 55196 55200 55204 55208 55212 55216 55220 
55224 55228 55232 55236 55240 55244 55248 55252 55256 
55260 55264 55268 55272 55276 55280 55284 55288 55292 
55296 55300 55304 55308 55312 55316 55320 55324 55328 
55332 55336 55340 55344 55348 55352 55356 55360 55364 
55368 55372 55376 55380 55384 55388 55392 55396 55400 
55404 55408 55412 55416 55420 55424 55428 55432 55436 
55440 55444 55448 55452 55456 55460 55464 55468 55472 
55476 55480 55484 55488 55492 55496 55500 55504 55508 
55512 55516 55520 55524 55528 55532 55536 55540 55544 
55548 55552 55556 55560 55564 55568 55572 55576 55580 
55584 55588 55592 55596 55600 55604 55608 55612 55616 
55620 55624 55628 55632 55636 55640 55644 55648 55652 
55656 55660 55664 55668 55672 55676 55680 55684 55688 
55692 55696 55700 55704 55708 55712 55716 55720 55724 
55728 55732 55736 55740 55744 55748 55752 55756 55760 
55764 55768 55772 55776 55780 55784 55788 55792 55796 
55800 55804 55808 55812 55816 55820 55824 55828 55832 
55836 55840 55844 55848 55852 55856 55860 55864 55868 
55872 55876 55880 55884 55888 55892 55896 55900 55904 
55908 55912 55916 55920 55924 55928 55932 55936 55940 
55944 55948 55952 55956 55960 55964 55968 55972 55976 
55980 55984 55988 55992 55996 56000 56004 56008 56012 
56016 56020 56024 56028 56032 56036 56040 56044 56048 
56052 56056 56060 56064 56068 56072 56076 56080 56084 
56088 56092 56096 56100 56104 56108 56112 56116 56120 
56124 56128 56132 56136 56140 56144 56148 56152 56156 
56160 56164 56168 56172 56176 56180 56184 56188 56192 
56196 56200 56204 56208 56212 56216 56220 56224 56228 
56232 56236 56240 56244 56248 56252 56256 56260 56264 
56268 56272 56276 56280 56284 56288 56292 56296 56300 
56304 56308 56312 56316 56320 56324 56328 56332 56336 
56340 56344 56348 56352 56356 56360 56364 56368 56372 
56376 56380 56384 56388 56392 56396 56400 56404 56408 
56412 56416 56420 56424 56428 56432 56436 56440 56444 
56448 56452 56456 56460 56464 56468 56472 56476 56480 
56484 56488 56492 56496 56500 56504 56508 56512 56516 
56520 56524 56528 56532 56536 56540 56544 56548 56552 
56556 56560 56564 56568 56572 56576 56580 56584 56588 
56592 56596 56600 56604 56608 56612 56616 56620 56624 
56628 56632 56636 56640 56644 56648 56652 56656 56660 
56664 56668 56672 56676 56680 56684 56688 56692 56696 
56700 56704 56708 56712 56716 56720 56724 56728 56732 
56736 56740 56744 56748 56752 56756 56760 56764 56768 
56772 56776 56780 56784 56788 56792 56796 56800 56804 
56808 56812 56816 56820 56824 56828 56832 56836 56840 
56844 56848 56852 56856 56860 56864 56868 56872 56876 
56880 56884 56888 56892 56896 56900 56904 56908 56912 
56916 56920 56924 56928 56932 56936 56940 56944 56948 
56952 56956 56960 56964 56968 56972 56976 56980 56984 
56988 56992 56996 57000 57004 57008 57012 57016 57020 
57024 57028 57032 57036 57040 57044 57048 57052 57056 
57060 57064 57068 57072 57076 57080 57084 57088 57092 
57096 57100 57104 57108 57112 57116 57120 57124 57128 
57132 57136 57140 57144 57148 57152 57156 57160 57164 
57168 57172 57176 57180 57184 57188 57192 57196 57200 
57204 57208 57212 57216 57220 57224 57228 57232 57236 
57240 57244 57248 57252 57256 57260 57264 57268 57272 
57276 57280 57284 57288 57292 57296 57300 57304 57308 
57312 57316 57320 57324 57328 57332 57336 57340 57344 
57348 57352 57356 57360 57364 57368 57372 57376 57380 
57384 57388 57392 57396 57400 57404 57408 57412 57416 
57420 57424 57428 57432 57436 57440 57444 57448 57452 
57456 57460 57464 57468 57472 57476 57480 57484 57488 
57492 57496 57500 57504 57508 57512 57516 57520 57524 
57528 57532 57536 57540 57544 57548 57552 57556 57560 
57564 57568 57572 57576 57580 57584 57588 57592 57596 
57600 57604 57608 57612 57616 57620 57624 57628 57632 
57636 57640 57644 57648 57652 57656 57660 57664 57668 
57672 57676 57680 57684 57688 57692 57696 57700 57704 
57708 57712 57716 57720 57724 57728 57732 57736 57740 
57744 57748 57752 57756 57760 57764 57768 57772 57776 
57780 57784 57788 57792 57796 57800 57804 57808 57812 
57816 57820 57824 57828 57832 57836 57840 57844 57848 
57852 57856 57860 57864 57868 57872 57876 57880 57884 
57888 57892 57896 57900 57904 57908 57912 57916 57920 
57924 57928 57932 57936 57940 57944 57948 57952 57956 
57960 57964 57968 57972 57976 57980 57984 57988 57992 
57996 58000 58004 58008 58012 58016 58020 58024 58028 
58032 58036 58040 58044 58048 58052 58056 58060 58064 
58068 58072 58076 58080 58084 58088 58092 58096 58100 
58104 58108 58112 58116 58120 58124 58128 58132 58136 
58140 58144 58148 58152 58156 58160 58164 58168 58172 
58176 58180 58184 58188 58192 58196 58200 58204 58208 
58212 58216 58220 58224 58228 58232 58236 58240 58244 
58248 58252 58256 58260 58264 58268 58272 58276 58280 
58284 58288 58292 58296 58300 58304 58308 58312 58316 
58320 58324 58328 58332 58336 58340 58344 58348 58352 
58356 58360 58364 58368 58372 58376 58380 58384 58388 
58392 58396 58400 58404 58408 58412 58416 58420 58424 
58428 58432 58436 58440 58444 58448 58452 58456 58460 
58464 58468 58472 58476 58480 58484 58488 58492 58496 
58500 58504 58508 58512 58516 58520 58524 58528 58532 
58536 58540 58544 58548 58552 58556 58560 58564 58568 
58572 58576 58580 58584 58588 58592 58596 58600 58604 
58608 58612 58616 58620 58624 58628 58632 58636 58640 
58644 58648 58652 58656 58660 58664 58668 58672 58676 
58680 58684 58688 58692 58696 58700 58704 58708 58712 
58716 58720 58724 58728 58732 58736 58740 58744 58748 
58752 58756 58760 58764 58768 58772 58776 58780 58784 
58788 58792 58796 58800 58804 58808 58812 58816 58820 
58824 58828 58832 58836 58840 58844 58848 58852 58856 
58860 58864 58868 58872 58876 58880 58884 58888 58892 
58896 58900 58904 58908 58912 58916 58920 58924 58928 
58932 58936 58940 58944 58948 58952 58956 58960 58964 
58968 58972 58976 58980 58984 58988 58992 58996 59000 
59004 59008 59012 59016 59020 59024 59028 59032 59036 
59040 59044 59048 59052 59056 59060 59064 59068 59072 
59076 59080 59084 59088 59092 59096 59100 59104 59108 
59112 59116 59120 59124 59128 59132 59136 59140 59144 
59148 59152 59156 59160 59164 59168 59172 59176 59180 
59184 59188 59192 59196 59200 59204 59208 59212 59216 
59220 59224 59228 59232 59236 59240 59244 59248 59252 
59256 59260 59264 59268 59272 59276 59280 59284 59288 
59292 59296 59300 59304 59308 59312 59316 59320 59324 
59328 59332 59336 59340 59344 59348 59352 59356 59360 
59364 59368 59372 59376 59380 59384 59388 59392 59396 
59400 59404 59408 59412 59416 59420 59424 59428 59432 
59436 59440 59444 59448 59452 59456 59460 59464 59468 
59472 59476 59480 59484 59488 59492 59496 59500 59504 
59508 59512 59516 59520 59524 59528 59532 59536 59540 
59544 59548 59552 59556 59560 59564 59568 59572 59576 
59580 59584 59588 59592 59596 59600 59604 59608 59612 
59616 59620 59624 59628 59632 59636 59640 59644 59648 
59652 59656 59660 59664 59668 59672 59676 59680 59684 
59688 59692 59696 59700 59704 59708 59712 59716 59720 
59724 59728 59732 59736 59740 59744 59748 59752 59756 
59760 59764 59768 59772 59776 59780 59784 59788 59792 
59796 59800 59804 59808 59812 59816 59820 59824 59828 
59832 59836 59840 59844 59848 59852 59856 59860 59864 
59868 59872 59876 59880 59884 59888 59892 59896 59900 
59904 59908 59912 59916 59920 59924 59928 59932 59936 
59940 59944 59948 59952 59956 59960 59964 59968 59972 
59976 59980 59984 59988 59992 59996 60000 60004 60008 
60012 60016 60020 60024 60028 60032 60036 60040 60044 
60048 60052 60056 60060 60064 60068 60072 60076 60080 
60084 60088 60092 60096 60100 60104 60108 60112 60116 
60120 60124 60128 60132 60136 60140 60144 60148 60152 
60156 60160 60164 60168 60172 60176 60180 60184 60188 
60192 60196 60200 60204 60208 60212 60216 60220 60224 
60228 60232 60236 60240 60244 60248 60252 60256 60260 
60264 60268 60272 60276 60280 60284 60288 60292 60296 
60300 60304 60308 60312 60316 60320 60324 60328 60332 
60336 60340 60344 60348 60352 60356 60360 60364 60368 
60372 60376 60380 60384 60388 60392 60396 60400 60404 
60408 60412 60416 60420 60424 60428 60432 60436 60440 
60444 60448 60452 60456 60460 60464 60468 60472 60476 
60480 60484 60488 60492 60496 60500 60504 60508 60512 
60516 60520 60524 60528 60532 60536 60540 60544 60548 
60552 60556 60560 60564 60568 60572 60576 60580 60584 
60588 60592 60596 60600 60604 60608 60612 60616 60620 
60624 60628 60632 60636 60640 60644 60648 60652 60656 
60660 60664 60668 60672 60676 60680 60684 60688 60692 
60696 60700 60704 60708 60712 60716 60720 60724 60728 
60732 60736 60740 60744 60748 60752 60756 60760 60764 
60768 60772 60776 60780 60784 60788 60792 60796 60800 
60804 60808 60812 60816 60820 60824 60828 60832 60836 
60840 60844 60848 60852 60856 60860 60864 60868 60872 
60876 60880 60884 60888 60892 60896 60900 60904 60908 
60912 60916 60920 60924 60928 60932 60936 60940 60944 
60948 60952 60956 60960 60964 60968 60972 60976 60980 
60984 60988 60992 60996 61000 61004 61008 61012 61016 
61020 61024 61028 61032 61036 61040 61044 61048 61052 
61056 61060 61064 61068 61072 61076 61080 61084 61088 
61092 61096 61100 61104 61108 61112 61116 61120 61124 
61128 61132 61136 61140 61144 61148 61152 61156 61160 
61164 61168 61172 61176 61180 61184 61188 61192 61196 
61200 61204 61208 61212 61216 61220 61224 61228 61232 
61236 61240 61244 61248 61252 61256 61260 61264 61268 
61272 61276 61280 61284 61288 61292 61296 61300 61304 
61308 61312 61316 61320 61324 61328 61332 61336 61340 
61344 61348 61352 61356 61360 61364 61368 61372 61376 
61380 61384 61388 61392 61396 61400 61404 61408 61412 
61416 61420 61424 61428 61432 61436 61440 61444 61448 
61452 61456 61460 61464 61468 61472 61476 61480 61484 
61488 61492 61496 61500 61504 61508 61512 61516 61520 
61524 61528 61532 61536 61540 61544 61548 61552 61556 
61560 61564 61568 61572 61576 61580 61584 61588 61592 
61596 61600 61604 61608 61612 61616 61620 61624 61628 
61632 61636 61640 61644 61648 61652 61656 61660 61664 
61668 61672 61676 61680 61684 61688 61692 61696 61700 
61704 61708 61712 61716 61720 61724 61728 61732 61736 
61740 61744 61748 61752 61756 61760 61764 61768 61772 
61776 61780 61784 61788 61792 61796 61800 61804 61808 
61812 61816 61820 61824 61828 61832 61836 61840 61844 
61848 61852 61856 61860 61864 61868 61872 61876 61880 
61884 61888 61892 61896 61900 61904 61908 61912 61916 
61920 61924 61928 61932 61936 61940 61944 61948 61952 
61956 61960 61964 61968 61972 61976 61980 61984 61988 
61992 61996 62000 62004 62008 62012 62016 62020 62024 
62028 62032 62036 62040 62044 62048 62052 62056 62060 
62064 62068 62072 62076 62080 62084 62088 62092 62096 
62100 62104 62108 62112 62116 62120 62124 62128 62132 
62136 62140 62144 62148 62152 62156 62160 62164 62168 
62172 62176 62180 62184 62188 62192 62196 62200 62204 
62208 62212 62216 62220 62224 62228 62232 62236 62240 
62244 62248 62252 62256 62260 62264 62268 62272 62276 
62280 62284 62288 62292 62296 62300 62304 62308 62312 
62316 62320 62324 62328 62332 62336 62340 62344 62348 
62352 62356 62360 62364 62368 62372 62376 62380 62384 
62388 62392 62396 62400 62404 62408 62412 62416 62420 
62424 62428 62432 62436 62440 62444 62448 62452 62456 
62460 62464 62468 62472 62476 62480 62484 62488 62492 
62496 62500 62504 62508 62512 62516 62520 62524 62528 
62532 62536 62540 62544 62548 62552 62556 62560 62564 
62568 62572 62576 62580 62584 62588 62592 62596 62600 
62604 62608 62612 62616 62620 62624 62628 62632 62636 
62640 62644 62648 62652 62656 62660 62664 62668 62672 
62676 62680 62684 62688 62692 62696 62700 62704 62708 
62712 62716 62720 62724 62728 62732 62736 62740 62744 
62748 62752 62756 62760 62764 62768 62772 62776 62780 
62784 62788 62792 62796 62800 62804 62808 62812 62816 
62820 62824 62828 62832 62836 62840 62844 62848 62852 
62856 62860 62864 62868 62872 62876 62880 62884 62888 
62892 62896 62900 62904 62908 62912 62916 62920 62924 
62928 62932 62936 62940 62944 62948 62952 62956 62960 
62964 62968 62972 62976 62980 62984 62988 62992 62996 
63000 63004 63008 63012 63016 63020 63024 63028 63032 
63036 63040 63044 63048 63052 63056 63060 63064 63068 
63072 63076 63080 63084 63088 63092 63096 63100 63104 
63108 63112 63116 63120 63124 63128 63132 63136 63140 
63144 63148 63152 63156 63160 63164 63168 63172 63176 
63180 63184 63188 63192 63196 63200 63204 63208 63212 
63216 63220 63224 63228 63232 63236 63240 63244 63248 
63252 63256 63260 63264 63268 63272 63276 63280 63284 
63288 63292 63296 63300 63304 63308 63312 63316 63320 
63324 63328 63332 63336 63340 63344 63348 63352 63356 
63360 63364 63368 63372 63376 63380 63384 63388 63392 
63396 63400 63404 63408 63412 63416 63420 63424 63428 
63432 63436 63440 63444 63448 63452 63456 63460 63464 
63468 63472 63476 63480 63484 63488 63492 63496 63500 
63504 63508 63512 63516 63520 63524 63528 63532 63536 
63540 63544 63548 63552 63556 63560 63564 63568 63572 
63576 63580 63584 63588 63592 63596 63600 63604 63608 
63612 63616 63620 63624 63628 63632 63636 63640 63644 
63648 63652 63656 63660 63664 63668 63672 63676 63680 
63684 63688 63692 63696 63700 63704 63708 63712 63716 
63720 63724 63728 63732 63736 63740 63744 63748 63752 
63756 63760 63764 63768 63772 63776 63780 63784 63788 
63792 63796 63800 63804 63808 63812 63816 63820 63824 
63828 63832 63836 63840 63844 63848 63852 63856 63860 
63864 63868 63872 63876 63880 63884 63888 63892 63896 
63900 63904 63908 63912 63916 63920 63924 63928 63932 
63936 63940 63944 63948 63952 63956 63960 63964 63968 
63972 63976 63980 63984 63988 63992 63996 64000 64004 
64008 64012 64016 64020 64024 64028 64032 64036 64040 
64044 64048 64052 64056 64060 64064 64068 64072 64076 
64080 64084 64088 64092 64096 64100 64104 64108 64112 
64116 64120 64124 64128 64132 64136 64140 64144 64148 
64152 64156 64160 64164 64168 64172 64176 64180 64184 
64188 64192 64196 64200 64204 64208 64212 64216 64220 
64224 64228 64232 64236 64240 64244 64248 64252 64256 
64260 64264 64268 64272 64276 64280 64284 64288 64292 
64296 64300 64304 64308 64312 64316 64320 64324 64328 
64332 64336 64340 64344 64348 64352 64356 64360 64364 
64368 64372 64376 64380 64384 64388 64392 64396 64400 
64404 64408 64412 64416 64420 64424 64428 64432 64436 
64440 64444 64448 64452 64456 64460 64464 64468 64472 
64476 64480 64484 64488 64492 64496 64500 64504 64508 
64512 64516 64520 64524 64528 64532 64536 64540 64544 
64548 64552 64556 64560 64564 64568 64572 64576 64580 
64584 64588 64592 64596 64600 64604 64608 64612 64616 
64620 64624 64628 64632 64636 64640 64644 64648 64652 
64656 64660 64664 64668 64672 64676 64680 64684 64688 
64692 64696 64700 64704 64708 64712 64716 64720 64724 
64728 64732 64736 64740 64744 64748 64752 64756 64760 
64764 64768 64772 64776 64780 64784 64788 64792 64796 
64800 64804 64808 64812 64816 64820 64824 64828 64832 
64836 64840 64844 64848 64852 64856 64860 64864 64868 
64872 64876 64880 64884 64888 64892 64896 64900 64904 
64908 64912 64916 64920 64924 64928 64932 64936 64940 
64944 64948 64952 64956 64960 64964 64968 64972 64976 
64980 64984 64988 64992 64996 65000 65004 65008 65012 
65016 65020 65024 65028 65032 65036 65040 
CONNECTIVITY vtktypeint64
3683 857 294 3682 608 2777 3480 3477 4351 
4353 4357 1745 3305 281 3280 282 729 746 
730 3611 3727 3215 3768 2591 4349 4352 1739 
2016 2728 4374 2940 2980 694 711 695 3561 
4271 4264 4263 4277 3442 3191 3426 3129 4141 
4145 4140 4398 3683 293 294 857 3414 3418 
3218 3368 1285 4011 1301 4017 414 415 3374 
431 3683 3682 294 3691 4319 4321 4331 2711 
3779 4343 2548 4350 2776 2850 2880 3477 3414 
3358 3218 3418 1312 1296 140 2823 3547 687 
55 703 3414 3415 3218 3358 4212 4219 4210 
4220 3053 3134 3139 3236 3414 3368 3218 3415 
4244 4247 4257 4252 2624 2619 3414 3427 4003 
2822 2904 2821 4240 2669 2908 2831 3547 2203 
55 687 43 2215 495 2214 3904 3456 2877 
3906 3867 1110 3816 3871 1268 4011 4006 1284 
2820 143 1248 1264 2935 4355 3780 3091 1511 
1874 1510 4168 3944 3939 3209 3872 2570 3185 
2472 2515 3547 2202 55 2203 2383 4169 4180 
2535 4110 3734 4093 4109 3547 703 55 2202 
4022 3996 3993 4015 414 3342 3374 415 2000 
2164 2163 4316 213 1481 2746 2749 4247 4252 
4244 4251 3148 3159 3487 3096 1869 1500 1870 
4166 4037 1325 4045 1309 2000 1706 2163 2164 
4044 1321 1305 1322 3249 3298 3269 3268 4238 
4242 4236 4240 4465 4476 1233 1249 3548 3624 
771 3620 3493 663 3520 3472 2000 1705 2163 
1706 3327 3338 3363 3311 3606 3605 3618 3619 
309 326 310 3299 2175 1671 2176 1974 2000 
4316 2163 1705 4309 2170 2429 2430 4179 2114 
2383 2337 607 560 189 3904 2374 4466 3952 
3985 3606 737 3618 3605 3606 3620 3618 737 
561 3904 606 3905 414 3372 3374 3342 3533 
693 694 3561 3606 3619 3618 3620 4397 4385 
4389 4394 3629 3635 3568 3222 739 3620 755 
3624 3699 3711 3695 3715 608 624 3480 2777 
1784 2730 2942 4374 414 431 3374 3372 4235 
2664 2959 2922 4162 1868 1494 1495 4397 4410 
4389 4385 4465 4476 1249 2820 608 625 3480 
624 4230 3498 4229 4231 1784 2733 2942 2730 
3159 3148 3487 3469 4258 4266 4259 4269 4397 
4401 4389 4410 3509 3504 3475 3920 3626 773 
757 774 967 3793 3791 983 966 983 3791 
982 154 1072 2808 2809 3793 999 3791 983 
1784 4375 2942 2733 4397 4394 4389 4401 4309 
2170 2430 2167 3952 1244 1228 4466 1784 4374 
2942 4375 4261 1939 1620 1619 4063 4032 4045 
4027 3981 3982 1210 1194 3952 1226 3983 1227 
2863 4476 4465 2820 3541 3521 2599 3525 3823 
3216 3230 3817 3732 4107 3728 3212 3257 3622 
3244 3644 3689 283 3284 3690 3823 3809 3230 
3216 3823 3810 3230 3809 2475 3519 2477 2573 
1812 4414 4408 4411 3689 3281 3284 3288 3689 
3690 3284 3281 2570 2495 2472 3185 302 3241 
273 3694 3721 3730 3753 3713 4235 2922 4232 
2665 4281 4282 3105 3048 3487 3496 3442 3435 
4426 4428 4144 4427 4431 2634 4434 4438 3873 
3876 3895 3894 3541 3501 3508 3500 3873 3874 
3895 3876 3515 2208 50 591 1843 4428 4144 
4426 2842 3054 4161 2912 2475 3519 2573 3635 
604 3907 3483 3486 4260 1942 1941 1616 3873 
3893 3895 3874 854 4458 3680 4474 3873 3894 
3895 3893 4064 4035 4021 4065 1668 4298 4295 
4302 4213 2403 4206 4204 3964 3927 1172 3962 
135 2131 1826 2128 1663 1969 4297 4299 4158 
2526 2541 2408 3964 1173 1172 3927 4140 4144 
1843 4428 4254 1603 4255 4252 1538 265 2653 
2650 1635 2079 131 1627 4113 4094 4110 3734 
1663 1662 4297 1969 307 3296 3254 3297 3964 
1189 1172 1173 3345 3411 3360 3361 1736 90 
2154 1740 3721 3777 3719 919 1314 4007 1298 
4039 3721 3713 3699 3711 4235 2665 2664 2922 
727 711 3585 3562 1663 1973 4297 1662 2472 
3185 4242 4247 3823 3817 3230 3810 4339 4338 
4342 4332 4371 1767 2029 1768 2023 2721 1749 
1759 4339 1733 4342 4338 3172 4073 4001 4009 
4339 4344 4342 1733 4056 4057 4055 4018 2250 
2378 2251 4082 1663 4299 4297 1973 4339 4332 
4342 4344 1484 1857 4156 2124 3949 3967 3980 
3943 1512 4170 1878 1879 704 721 3580 720 
2631 2632 3204 3205 3697 4083 4097 4129 4329 
4325 4328 2390 3949 3983 3980 3967 1484 1856 
4156 1857 272 2757 2756 206 427 3389 426 
443 689 3551 3581 3553 2208 3515 50 2207 
689 705 3581 3551 728 3598 3610 3586 3580 
721 704 705 1779 4374 2040 2041 3772 3711 
3773 3715 4285 1650 1961 4287 1484 4157 4156 
1856 2536 2527 2538 3141 689 706 3581 705 
3914 3449 3463 3430 689 3553 3581 706 3270 
3285 3288 3290 2757 206 304 205 731 3612 
730 747 4306 4311 4305 4308 2698 1685 1689 
1983 3707 874 4123 3716 3270 3281 3288 3285 
727 3562 3585 3598 4071 2855 2791 2792 3853 
3852 1087 3854 2764 416 3346 2765 3807 3036 
3786 3759 198 416 199 2764 1661 4294 1971 
1972 199 416 400 2764 3270 3289 3288 3281 
3225 3644 3257 3244 3270 3290 3288 3289 694 
3561 695 3536 1484 2124 4156 4157 3707 4124 
4123 874 4397 4394 4401 4407 858 3668 3683 
859 2743 4140 4433 2971 3707 3708 4123 4124 
2852 3619 3592 3104 3945 3940 1255 3963 3627 
3556 3626 774 3338 3326 389 3337 3338 390 
389 3326 909 3757 910 3742 916 3715 3773 
917 3338 406 389 390 2781 688 672 3526 
787 804 788 3548 2491 2512 3885 3850 3707 
3716 4123 3708 2240 975 3798 3785 1147 3878 
1130 1146 3928 3964 3927 1173 1106 3808 3864 
1107 2240 2239 3798 975 3778 3736 3726 3781 
2491 2384 3885 2512 4117 4107 4118 3732 1147 
1131 1130 3878 2240 2329 3798 2239 1036 3831 
3828 3851 1460 2637 4429 4425 3685 3687 288 
3686 289 3687 288 3685 286 3687 287 288 
2118 1507 1873 1503 1309 4037 1310 1294 1460 
1461 4429 2637 3448 536 520 537 2491 2439 
3885 2384 2694 4300 1672 1975 980 964 3788 
3790 3650 812 3648 3570 3376 3348 3343 3321 
3794 970 969 3781 3225 3644 3244 3641 1460 
4426 4429 1461 2491 3850 3885 2439 2785 2852 
2786 3618 1460 4425 4429 4426 4267 4272 4270 
4268 3618 752 736 753 3198 3411 3197 3405 
3983 1228 1229 3952 3730 3737 3754 3731 4118 
869 1450 868 4267 4268 4270 4265 4130 1443 
4099 4131 3310 3348 3337 3321 4408 4407 4411 
4412 1743 1744 4347 4355 972 3785 3782 3755 
2240 3785 3798 2329 3796 3797 972 3755 2294 
2241 2240 3785 3733 3213 3722 3712 940 924 
3782 3785 2787 768 2786 3618 2437 3454 2286 
3922 3934 3960 3932 1169 3300 3265 3264 3299 
908 3756 907 924 2467 2289 3373 3342 3755 
3785 3782 3736 4130 4097 4099 1443 3561 711 
3585 710 699 3540 698 3572 4109 4117 4110 
4107 3947 2611 2563 2612 4130 4084 4099 4097 
4118 869 3728 4119 157 158 2805 1024 5 
2252 1359 1375 3949 3984 3983 3967 2467 2509 
3373 2289 2882 3526 2851 3527 3935 3926 3936 
3962 4006 4007 4004 3990 3286 3272 3282 3270 
2929 4300 2694 2695 2467 3313 3373 2509 1092 
1109 3816 1108 3325 3237 3352 3411 558 3467 
541 557 4130 4131 4099 4084 4067 4075 4068 
4084 1124 1141 3866 1140 4074 1410 1394 1411 
4089 3709 3722 3213 1233 4463 1217 4462 4000 
3992 4005 4004 2897 2811 2955 3861 1395 4074 
1394 1411 3483 626 610 627 3345 3311 3325 
3321 1777 95 1770 2141 3928 1175 1159 3941 
2467 3342 3373 3313 516 517 3443 533 886 
874 3716 873 610 611 3483 627 516 3353 
3443 517 3983 3984 1229 1228 516 3441 3443 
3353 2153 2016 2154 4352 2081 1622 1946 4270 
3983 3985 1229 3984 4433 4398 4140 4430 1332 
1316 1315 4052 3410 3353 487 3413 1392 1409 
2792 1408 1828 2076 135 2131 2153 1736 2154 
2016 4268 4270 4265 4269 2082 2357 2081 4270 
2081 1946 2082 4270 3695 3711 3698 3715 824 
3664 823 840 2743 1467 1840 4140 3310 3311 
3323 3321 3410 486 487 3353 3780 4350 2935 
3011 915 932 3772 931 3772 932 915 916 
3983 3952 1229 3985 3225 3244 3240 3641 3439 
3437 3438 2848 1725 2011 1726 4336 732 716 
3588 3589 732 715 3588 716 4086 3213 3169 
3153 3172 3211 3994 3205 4170 4173 1876 4171 
3242 3641 3233 3644 3170 3151 3228 3189 1743 
2017 4347 1744 2181 2184 4283 2270 2458 2557 
3850 2491 1731 2011 4336 1732 2557 2458 3850 
3822 2935 4346 4345 4348 4348 4349 4343 4350 
4343 4352 4342 4344 703 3579 2202 3547 3675 
3651 3674 2266 2261 1524 4184 1880 3756 3741 
925 3757 558 542 541 3467 278 311 3300 
310 2181 1645 4283 2184 3694 3679 3678 3240 
2181 1961 4283 1645 4394 1802 4388 4395 3323 
3311 3345 3321 1032 1049 3847 1048 3287 2616 
2626 2592 3096 3497 3043 3139 3139 3479 3220 
3134 3410 470 487 486 3685 3689 3688 3671 
3458 532 3459 548 3679 3657 3678 3240 3410 
3413 487 470 3238 3249 3254 3251 4139 2336 
2298 4094 4396 2132 4418 2066 3096 3008 3043 
3497 4091 3734 4093 4070 3959 3960 1185 1169 
1214 3987 1198 3986 4139 2247 2298 2336 2181 
2270 4283 1961 4380 2045 1792 4378 4396 4416 
4418 2132 4257 1614 4256 1935 4256 1940 1939 
1614 4179 2337 4180 4178 3105 3022 4281 3048 
836 3659 853 837 4123 3717 4101 3708 1051 
3851 1068 1052 1332 4052 4051 4054 3549 3621 
3522 3625 168 1440 169 2794 3979 3940 3944 
3939 703 56 2202 3579 3951 3988 3985 3877 
2970 4275 4273 4274 3617 3556 3548 3625 3677 
3241 302 3678 4139 4114 2298 2247 3659 3643 
3658 3660 936 3777 935 952 3254 3247 3238 
3251 1273 3995 1256 1272 4139 4094 2298 4114 
1273 1257 1256 3995 3183 3190 4078 3194 273 
3241 272 3247 3952 1259 1243 1260 4281 1637 
1636 1951 1244 3952 1243 1260 3183 4072 4078 
3190 272 3247 304 305 3929 1163 3898 3953 
1182 1166 3930 3931 3859 2441 3885 2439 4143 
4150 4142 1471 825 3668 3647 3666 304 2758 
2757 205 4380 2046 1792 2045 4290 1656 1965 
1657 4380 4383 1792 2046 4380 4378 1792 4383 
2627 2605 2628 3211 4141 2828 4142 4150 1789 
2043 98 2138 4412 4407 4411 4440 1071 3854 
1055 3853 2784 2785 3605 2852 3379 3410 3377 
3409 4281 1955 4282 1643 2361 4391 2473 2347 
4143 1471 1845 1472 3431 2621 2543 2555 3183 
3214 4078 4072 4243 1595 2668 1923 4391 2361 
2473 4389 4290 4287 1965 4285 674 3529 657 
673 4109 1421 4111 1437 977 994 3787 993 
702 701 717 3576 3183 3194 4078 3214 3772 
3698 3770 3711 4435 4433 4434 4436 4435 4432 
4434 4433 4011 4017 4016 3992 1672 1979 2697 
1682 702 3576 717 718 4390 1798 4387 4392 
4058 4023 4057 4018 1777 2141 1770 2035 4435 
1464 4434 4432 3924 1137 1136 3860 3766 3803 
3768 3767 1672 2697 242 1682 4435 4436 4434 
1464 4387 1798 4391 4392 4317 1709 2000 4318 
3945 1255 1239 1256 2110 2107 2356 4196 3472 
3481 3490 3220 1723 2159 2007 2160 2878 3470 
3059 3031 3475 3504 3473 3436 1743 4355 4346 
4354 4317 1999 2000 1709 2110 1535 4192 1531 
427 3370 426 3389 2106 4199 2404 2105 4436 
2911 2838 4435 3694 275 274 300 3924 1153 
1136 1137 1889 1890 4190 1534 4022 4016 1271 
1287 4436 2741 2838 2911 2128 2129 2641 1829 
2402 2104 4213 2403 3924 1152 1136 1153 4436 
1465 2838 2741 3749 3707 3750 900 2174 79 
2171 1675 4317 4314 2000 1999 4213 2104 2402 
2101 275 300 3255 299 4307 2429 4309 2431 
536 552 553 3463 1457 2640 4422 4421 1270 
4016 1271 3963 1840 1467 2743 1456 4443 2640 
1825 1826 2693 4293 2690 2966 4163 2523 2412 
2551 3469 3159 3148 3155 1457 1458 4422 2640 
714 3587 731 715 3636 781 3570 780 941 
958 942 3785 3255 276 275 299 4436 4435 
2838 1465 2213 2315 527 2312 1457 1831 4422 
1458 1457 4421 4422 1831 714 730 731 3587 
3553 689 3551 3529 4112 1439 1455 1438 4112 
4139 1455 1439 4317 4318 2000 4314 3629 3635 
3564 3568 4112 4138 1455 4139 1570 1911 4230 
1910 3060 2949 3549 2853 4201 1897 1544 4202 
1217 4463 1218 4462 3356 3355 423 422 2307 
2284 3544 3547 3891 3892 3890 3869 536 3463 
553 537 3457 3440 3458 3439 4112 1438 1455 
4138 489 3357 488 505 636 653 3510 652 
2781 3526 2780 2851 615 632 3520 631 1736 
1740 2154 2016 3569 3567 3600 3587 3281 3271 
3277 3669 1145 1162 3894 1161 836 852 853 
3659 2969 4354 2935 3091 3569 3586 3600 3567 
4358 2150 2388 4364 4001 4073 3172 3163 877 
882 876 3704 3569 713 3600 3586 1669 78 
2173 1677 2927 4286 4285 3071 3735 3737 3725 
3741 3825 998 1014 3818 1364 4075 4074 1380 
688 3551 705 689 3945 3963 3995 3996 688 
704 705 3551 1186 1170 3960 3961 4284 1954 
4280 2077 1366 4075 1365 1381 3885 2512 2384 
2376 4342 2016 1733 4344 1575 1910 4230 1576 
3825 1015 1014 998 4347 4355 4346 1743 3301 
279 3300 3263 3139 3488 3487 3497 3301 328 
3266 327 3229 3836 3816 3841 3265 3266 3263 
3249 3650 3671 3648 3670 825 3666 824 841 
1026 3813 1027 3812 4124 1444 4100 1445 1871 
1497 1508 2753 3674 2280 2192 2266 4096 4083 
3697 4129 3300 3263 3264 3265 995 1012 996 
3814 3674 3686 2192 2280 3674 3675 2192 3686 
3928 3891 3937 3941 2795 4127 2856 2796 3607 
3596 3608 723 1932 1609 1933 4252 3674 2266 
2192 3675 3807 3813 1026 3812 3842 3808 3839 
1076 279 3264 3300 3263 4220 4219 4217 4225 
3477 3480 3483 3478 1904 4220 4217 4225 374 
358 3316 3317 3768 3784 3727 2591 3928 3927 
3937 3891 2154 90 2151 1740 2564 3505 2571 
2610 1990 1692 4305 1693 3825 1031 1014 1015 
4093 4081 1420 4091 4093 1421 1420 4081 3867 
1108 3864 3808 1432 1448 4134 4133 4093 4109 
1420 1421 4056 1351 1335 1352 695 712 696 
3562 2302 2529 3674 3292 3736 2498 3785 2501 
4093 4091 1420 4109 3999 3123 3062 3163 1801 
1805 220 2736 1551 1550 4207 1897 3774 3011 
3770 3775 3430 3427 3353 3426 1551 1900 4207 
1550 2602 3784 3768 2591 432 2766 3403 3397 
3825 3818 1014 1031 3653 832 4457 848 3375 
3376 3321 3398 1733 2016 4342 2015 1812 2060 
4408 4413 1551 1897 4207 4209 2021 2022 4357 
4361 1726 2012 4336 2011 725 3584 3608 3609 
3583 3584 725 709 3609 743 727 3598 4167 
4169 4180 4177 1796 2737 4384 2734 2551 2586 
2577 3267 4207 2657 2654 1550 3336 3347 3343 
3346 4344 4352 4342 2016 3559 3534 3561 3558 
3249 3298 3252 3269 4386 1805 2052 1801 2935 
4354 4346 4355 3644 3274 3243 3224 2576 3274 
3649 2586 1043 1059 1060 3840 2113 111 1513 
2116 3798 3785 3797 3755 110 1507 2118 1503 
4436 2911 4437 2741 3929 3967 1179 3953 4386 
2737 4384 1796 4096 4129 4126 4127 726 3584 
709 725 726 710 709 3584 3464 3449 3916 
3918 2112 2109 2265 4192 3410 3325 3382 3379 
2572 3435 3497 3008 3410 3413 3382 3325 3091 
3780 4363 4362 1921 2831 256 1591 3105 4273 
4281 3022 941 958 3785 957 4359 1749 229 
1753 4359 2721 229 1749 4167 3273 4180 4169 
348 3319 364 3306 4286 2276 2537 4287 4167 
4175 4180 3273 4311 2481 4306 3822 2965 3640 
3244 2948 4359 2718 229 2721 4077 4008 4072 
4019 3244 3640 3240 2948 3091 3712 4363 3780 
4359 1753 229 2718 2334 4269 4268 4266 4244 
2921 4249 4250 3140 3174 3167 2515 4254 4248 
4242 2614 2294 2332 2241 3785 3078 4245 4240 
4242 2442 2279 2301 3294 862 3673 846 3672 
2334 2357 4268 4269 279 280 3301 312 3597 
3554 3559 3583 3629 3635 3632 3571 2334 2409 
4268 2357 4167 4177 4180 4175 2265 2109 2356 
4192 1432 4104 4134 1433 3612 747 748 3636 
4245 1928 4246 4253 3182 2553 4078 2556 2334 
4266 4268 2409 3652 3640 2965 2948 3612 731 
748 747 2189 3294 3293 319 1724 87 1721 
2157 4053 1350 1334 4055 695 712 3562 711 
4417 4420 4443 4419 1421 4093 4111 1422 604 
3486 603 3909 2599 2573 2477 3541 2458 3850 
3822 3795 1577 1576 4230 1911 1577 4234 4230 
1576 3821 3795 3822 3850 4310 4313 4303 4304 
2929 4291 2692 2966 2946 3273 4163 3042 3612 
3613 748 731 1632 1633 4280 1953 4192 1535 
2110 4196 4418 4420 4416 4419 3261 3249 3256 
3272 4238 2495 3176 4242 3654 3640 3652 2948 
3138 4381 3124 2553 4032 4036 4046 4037 3612 
3636 748 3613 1291 1307 1308 4031 1936 1608 
4257 1609 2111 4184 2112 2338 4386 2736 2943 
2737 1871 2753 2752 4164 3652 2948 3676 3654 
3328 3339 3312 3340 4189 4178 4191 4192 3676 
2948 2836 3654 3139 3096 3487 3159 4043 1305 
4044 1321 4032 4035 4046 4036 1997 1699 2166 
83 1997 4315 2166 1699 159 2804 1008 992 
1883 1524 4184 1523 159 158 1008 2804 3488 
3479 3472 3220 1997 2274 2166 4315 1056 155 
2807 156 3310 3337 3311 3321 1179 1195 3968 
3967 307 323 3254 3296 3392 3391 3331 3388 
4032 4064 4046 4035 2356 4191 2265 4192 3968 
3967 3949 3953 1997 83 2166 2274 3376 3349 
418 3347 736 752 2785 178 302 3241 272 
273 3005 3007 3150 3344 4218 4215 4224 4225 
3609 742 726 743 1056 2808 2807 155 2846 
3322 2845 3058 3982 1195 1194 3967 3580 2784 
2783 720 4218 2918 4224 4215 3947 2612 3207 
2620 4218 4216 4224 2918 4032 4037 4046 4064 
1056 3835 2807 2808 485 3353 486 3410 3775 
3714 3726 3763 3775 3778 3726 3714 3775 3727 
3726 3778 3775 3763 3726 3727 1568 1909 2662 
1578 3054 4164 4162 3042 2382 2527 2395 4276 
1982 1681 2169 2431 2250 4082 2249 2379 1982 
80 2169 1681 3917 3502 3915 597 3732 3713 
3725 3212 3948 3966 1178 3967 485 3353 484 
501 4121 872 887 3717 1424 2793 4095 1408 
1568 4228 2662 1909 1327 4066 4064 1343 1568 
2663 2662 4228 2564 3436 2437 3922 4234 2521 
4231 2351 3885 3850 2512 3882 4361 4364 4357 
4356 1982 2172 2169 80 3202 2570 2536 3174 
770 771 754 3620 1982 2431 2169 2172 3823 
2531 3216 4471 2856 3696 3702 4127 1568 1578 
2662 2663 4104 1417 4470 1433 2856 2889 3702 
3696 1051 1067 1068 3851 3668 3670 3648 3669 
4104 4470 1417 4090 4212 1902 1553 4214 2856 
2796 3702 2889 1251 3958 1268 1252 3700 3065 
2858 2892 4212 1552 1553 1902 3700 3034 2858 
3065 307 324 308 3297 3648 3671 3283 3669 
891 3738 892 867 3700 3769 2858 3034 907 
3756 3754 923 3141 4266 3167 2409 3700 2892 
2858 3769 1244 1227 1243 3952 3323 3311 3310 
3298 935 951 3776 934 3998 2622 2613 2583 
4288 4293 1967 4294 4212 4213 1553 1552 4212 
4214 1553 4213 2717 231 1737 1747 2512 3850 
3795 3882 4227 1905 1904 4220 3404 482 3407 
3074 1964 1655 4289 1963 4118 4105 4136 4119 
4342 4352 4349 2016 1251 1267 1268 3958 1964 
1656 4289 1655 2856 4127 3702 2796 4126 4130 
1442 4129 4260 4269 4259 1941 3177 3034 3770 
3117 3648 3668 827 3670 1037 3830 3831 3832 
1323 1322 4044 1306 4380 4383 1787 4379 1521 
268 2647 2829 1037 3831 1038 3832 2783 704 
3580 720 4227 1564 1904 1905 2775 3904 2774 
2879 3522 3534 3554 3531 3279 329 3302 313 
3253 3251 3296 3297 3913 3494 3914 3492 2784 
736 2785 178 4048 1344 1328 1345 3628 3283 
3647 3570 1964 1963 4289 4285 4205 1546 1545 
4203 4044 4027 4014 4060 1340 4062 1339 4061 
3907 3909 3458 3908 3424 3425 463 3423 2788 
2887 3548 2885 4227 4225 1904 1564 4227 4220 
1904 4225 1462 1461 4429 4428 3971 3987 3970 
1198 4024 4030 3997 4033 4305 4307 4306 4309 
974 958 973 3785 1462 2636 4429 1461 3567 
3601 3573 3525 4361 4362 2024 2025 3525 3601 
3573 3602 3141 3114 3167 4266 1905 1559 1558 
4221 4371 1767 2032 1776 4045 1324 1307 1308 
1435 4108 1452 1436 3817 3810 3823 3760 1105 
1106 1089 4460 1198 1199 3971 3987 3816 1108 
3867 3808 3212 4107 3728 4105 4209 4210 1901 
4212 4380 2046 1787 4383 4295 4299 4286 4298 
4288 1654 1655 1967 4307 4301 2431 1981 3865 
3855 3973 3118 1093 1094 3816 1110 68 2190 
67 287 2693 4291 1660 4293 3772 931 914 
915 4288 1963 1655 1654 1151 3884 1134 1150 
1151 1135 1134 3884 2689 2933 2927 4285 4288 
4289 1655 1963 1981 4301 2431 4302 4307 1984 
1679 1680 335 2187 70 2188 720 3605 737 
721 1462 4431 4429 2636 720 736 737 3605 
1514 2642 4168 2643 2876 3074 2848 498 438 
3382 3381 3412 3470 3531 658 659 3629 3570 
3563 3634 4288 1967 1655 4289 725 3608 724 
741 2089 4248 2090 2398 3470 658 642 659 
1462 4428 4429 4431 1598 4248 1930 2087 3470 
3480 642 658 4242 4251 4245 4253 4380 1786 
1787 2046 4342 4343 4348 4349 3549 3557 3617 
3625 4380 4379 1787 1786 3726 3736 3778 3727 
4342 4341 4348 4343 3470 3485 642 3480 3284 
3307 284 3288 3698 3706 3695 3715 3816 1110 
3867 1109 4342 4349 4348 2015 3820 3826 1032 
3825 1395 1412 1396 4074 1117 3882 1116 3881 
2865 4038 4047 2824 1387 1404 1388 4079 4211 
3482 4218 3501 3942 3893 1159 3941 3470 659 
642 3485 3284 283 284 3307 3284 3689 284 
283 3942 1160 1159 3893 1280 2822 4003 2821 
2632 3194 3204 3205 4000 3991 3003 3187 3229 
3822 3858 3868 1927 1928 4253 1602 1720 2006 
2005 4326 1927 4245 4253 1928 4328 4326 4333 
4325 3593 3581 3592 3582 3942 1175 1159 1160 
2904 4003 2905 2822 3053 2918 4215 2917 4317 
2704 2931 2705 3725 3734 2444 3743 4241 4242 
4240 4246 4067 2854 3109 4071 4208 1550 1900 
1560 3942 3941 1159 1175 3773 3715 3719 918 
614 3493 615 3491 3118 3855 3973 3933 2805 
2860 3806 2893 706 723 3594 722 4332 4340 
4337 4325 4337 4340 4333 4325 1927 4251 4253 
4245 718 3603 735 719 3003 3991 3107 3187 
3284 3288 284 3689 718 734 735 3603 4059 
1355 1339 4061 3677 3241 3678 3654 4386 1805 
1801 2736 4307 1983 2698 2986 3410 3382 470 
3412 3404 3408 3375 3407 3348 3398 3377 3321 
2727 4371 2726 1776 699 3574 3540 3572 617 
3502 585 3494 3540 3574 699 3542 700 3542 
699 3574 4311 4316 4315 2348 699 3572 698 
715 4307 1685 2698 1983 2601 3725 2569 3733 
3773 3711 3719 3715 1731 1732 4336 4341 463 
2217 40 447 3661 4458 3680 854 3745 2517 
2448 3735 3333 2579 2625 3369 3699 3713 3720 
3724 4059 1338 1339 1355 4386 1805 2736 2737 
4416 4401 2361 4396 4307 2986 2698 2987 2448 
2517 2598 3735 3773 3776 3719 3711 1147 3896 
1146 1163 1746 4353 4357 4358 1746 1745 4357 
4353 1640 2682 1636 1951 1746 2022 4357 1745 
3773 918 3719 3776 1755 1756 2023 4366 3700 
3065 3076 3180 1934 128 2086 1610 1791 1790 
4376 2044 1598 2087 126 2090 3262 3271 3279 
3266 4100 1445 1428 1429 463 41 40 2217 
2778 624 2777 3480 3301 311 3300 279 3609 
3585 3584 3598 1128 1145 1129 3873 3211 4076 
3172 4009 1315 4040 4052 1316 1791 2048 4376 
1790 1562 1563 4225 4223 4066 1343 1327 2254 
4141 4398 4140 2971 3230 3808 3229 3064 1746 
4358 4357 2022 1791 4378 4376 2048 4211 4218 
4210 4219 4307 1685 1983 1686 3975 1188 3976 
1204 1722 4321 2004 4320 3779 2530 4350 2548 
3550 4204 3516 4197 1791 2044 4376 4378 4198 
4195 1892 4194 4198 1893 1892 4195 2419 2132 
4416 4396 101 1804 2132 2134 3332 3306 3334 
380 1986 1685 2701 4303 2361 2134 4392 2133 
2530 3779 4350 3780 1125 1142 3869 1141 1125 
1142 1126 3869 3869 1142 3892 1141 4198 1540 
1892 1893 4059 4060 1339 1338 1432 4133 4134 
4104 2055 2134 4392 1804 2607 2441 3859 2439 
3892 1142 3869 3870 3975 3962 3976 1188 3679 
3656 3658 851 3679 3657 3658 3656 297 3692 
3264 3681 4198 4194 1892 1540 1694 2168 1690 
1988 4319 4324 4331 4321 1237 3940 1253 1254 
3999 4075 4002 4008 1867 1498 4165 4164 853 
297 3680 298 2595 3217 2626 3287 4014 4015 
4059 4061 2858 2801 3769 2892 3243 3097 3089 
3100 4308 2168 1694 1988 4027 4032 4024 4061 
297 296 3264 278 3282 3272 3286 3224 1867 
1868 4165 1498 3286 2586 3227 2577 2782 3551 
704 688 297 3681 3264 296 4395 1803 4392 
4396 3585 3562 3561 3584 4229 1910 4230 1575 
4059 4061 1339 4060 1867 4162 4165 1868 3914 
3495 3492 3494 428 3371 427 3390 4395 4390 
4392 1803 1570 1908 1907 4226 2355 4227 2354 
2100 4230 2095 1571 4226 4308 1988 4305 4309 
2420 4373 2421 2139 1120 2811 3860 1104 3998 
2546 3997 2552 1867 4164 4165 4162 4321 2708 
1722 234 3790 3791 3776 3714 2659 262 4216 
1566 1362 1378 1363 4074 3790 966 3776 3791 
4395 4389 4392 4390 3730 922 906 3754 4395 
4396 4392 4389 4025 1290 1291 4031 575 3923 
2210 3468 2065 4394 2058 2067 3790 3773 3776 
966 573 572 594 3919 1271 4016 1270 1287 
4303 1987 1692 1986 998 3790 3791 982 3036 
3811 3786 3759 784 175 2787 176 3051 4304 
2930 3083 3790 3714 3776 3773 2787 768 784 
176 1574 1584 2665 259 3749 3706 3705 3704 
372 373 3326 389 605 578 3483 577 515 
3353 3439 3441 3749 3715 3705 3706 4158 1858 
1482 1859 2662 259 1574 2665 1574 259 2662 
1578 1282 1298 1299 4007 2106 4203 4199 1896 
3546 3544 3545 3578 3420 490 3418 474 3819 
3762 3820 3801 2233 3854 2234 24 2090 1926 
1598 4248 3367 3371 3340 3331 2425 3727 4343 
2589 666 683 3540 682 699 683 3540 3542 
666 683 667 3540 3045 4256 3046 2923 58 
2199 3615 59 3804 3833 3831 3832 4025 1274 
1291 1290 3749 3707 3705 3715 2390 2424 4333 
2157 2201 2306 3591 2200 4142 4143 4141 4150 
3142 3115 3697 3063 4025 4031 1291 4030 3233 
3644 3243 3224 1311 2256 1 1295 411 3370 
427 3371 4042 4023 4057 1319 3025 2845 2869 
3322 409 410 393 3339 2477 2453 2599 3541 
339 356 340 3315 302 303 272 3241 560 
3904 606 561 4116 4117 1453 866 2762 384 
368 3322 4042 4013 4057 4023 401 3347 3336 
3346 582 3491 581 613 1853 4156 2123 2259 
3749 3704 3705 3707 3646 3274 3644 3224 3495 
3499 3494 3502 666 3507 650 3499 1853 1480 
2123 4156 3652 3653 848 832 838 4458 3661 
854 1853 105 2123 1480 815 831 63 2194 
3491 601 581 602 766 783 767 3637 1853 
2259 2123 105 3080 3088 3481 3072 3094 2932 
4371 2940 3815 3842 3840 3843 2390 4325 4333 
2424 4291 4294 4292 4300 2321 2232 2231 1103 
2390 4328 4333 4325 2238 1007 3805 3798 3336 
384 2762 3322 3094 3116 4371 2932 4166 2358 
2408 2414 3112 2910 4159 3101 3094 4369 4371 
3116 4166 4160 2408 2358 3990 4004 4050 4007 
4050 4039 3990 4007 1124 3866 3863 1140 3177 
3117 3770 3011 3858 3111 3229 3868 3914 569 
3463 3915 3785 958 973 957 3518 3500 3517 
3535 2279 3292 2442 2529 4166 4163 2408 4160 
519 536 520 3446 2238 2237 3805 1007 3258 
3246 3263 3249 1528 1529 4192 1890 2112 1887 
2111 1525 2111 1887 1524 1525 3462 568 551 
552 4219 4225 4220 4227 3914 569 3915 598 
2153 1736 1734 89 3885 2441 3859 3902 3201 
3248 3189 3298 1299 4040 1315 1316 3465 3917 
3464 570 1730 2156 1734 89 4190 1534 4195 
1533 4215 3482 3236 4218 1734 2156 2153 89 
1930 1604 127 2088 3544 2308 2307 3547 3654 
849 3653 4475 2655 4201 1544 4200 4166 2414 
2408 4163 2990 2948 2965 3244 4197 1540 4198 
4199 3089 3097 3243 3641 1436 1452 1453 4109 
2458 2487 2512 3795 3583 3584 709 3558 4197 
4194 4198 1540 2238 2293 3805 2237 4251 2978 
3185 3184 3276 3221 3629 3632 250 2681 1634 
1624 604 579 603 3486 4197 3565 4198 4194 
308 325 309 3297 3057 3098 3238 3242 4263 
4264 4266 4268 2238 3798 3805 2293 3075 3148 
3108 3469 275 3297 307 308 4028 4065 4021 
2494 3835 3807 3786 3837 3154 3160 3186 3939 
3603 2199 3615 58 4197 4199 4198 3565 2896 
3786 3020 3037 1452 4108 1451 4117 1330 4050 
4048 4051 4028 4021 4065 4082 1147 1164 1148 
3898 3697 4130 4097 4084 4136 1450 1449 1433 
3664 3666 824 3645 3862 1105 3861 1106 915 
916 3749 3706 4028 2446 4065 2494 1031 3825 
3819 3820 2035 4372 1770 2034 4251 3184 3185 
4242 1453 4117 1452 866 961 2892 3769 2801 
2428 2365 4311 4308 1973 4297 4295 4299 2927 
4289 1963 4285 2428 2481 4311 2365 2428 4306 
4311 2481 2428 4308 4311 4306 4305 1687 1686 
4307 1497 210 2750 1501 2597 4078 2593 2615 
4305 1987 1686 1687 790 774 773 3556 4305 
4303 1686 1987 4136 4119 1449 1450 3751 3715 
3750 917 1751 4361 1750 2024 4372 2035 1770 
2141 3772 3715 916 3706 4305 4307 1686 4303 
4001 3017 3038 3990 3681 854 3680 4474 324 
325 308 3297 4001 3093 3038 3017 4254 4253 
1603 4252 4001 4000 3038 3093 4001 3990 3038 
4000 2025 4362 2024 1757 2700 4303 1691 1986 
1004 3830 1003 1020 2795 2888 2856 4127 3109 
2854 4067 2964 1219 3940 1236 1220 1965 1650 
4287 1651 3196 3205 3994 3200 4028 4065 2446 
4082 3920 3504 3475 3436 1090 1089 1106 4460 
1214 3987 3986 1230 3140 4266 3046 4258 3986 
1229 1214 1230 4136 4135 1449 4119 3438 3002 
2872 3028 425 3387 426 3366 2774 3904 2877 
2879 3329 2631 2585 2630 306 323 307 3296 
4278 4284 4282 1638 425 409 3364 3366 3377 
3379 3399 3348 3216 2458 3823 3822 3329 3333 
2585 2631 3460 3445 3910 3912 3329 3217 2585 
3333 876 883 875 3707 3028 3179 3175 3428 
3155 3103 3469 3479 2846 3004 3336 3322 3260 
3265 3246 3249 3129 3193 3442 3191 3439 3428 
3438 3440 690 3553 707 691 4028 2499 2446 
2494 3213 3712 3733 2561 3956 3877 3955 3988 
4136 1433 1449 4135 3884 1118 3883 3885 3944 
3952 3945 3983 2753 210 2750 1497 1435 1451 
1452 4108 366 382 3334 381 1873 1507 2118 
4173 3985 1229 3986 1230 690 706 707 3553 
1786 4379 1787 2042 1544 2652 1548 264 4003 
3990 4006 3958 4028 2446 2499 4082 4088 4104 
1417 4090 1364 4075 1365 4053 1544 2652 2655 
4200 3418 3388 3419 3328 92 2147 1752 1754 
3539 3500 3518 3521 1116 1133 1117 3881 3390 
3392 428 3371 3603 2199 3604 3615 3359 3339 
3328 3365 4135 4104 4470 1433 3419 3388 3400 
3328 4445 4449 3357 4444 4265 1621 4269 4270 
2365 2166 4315 2165 4233 4230 4229 4231 1933 
1603 4255 1604 366 381 3334 3306 3389 442 
426 443 2306 3579 3591 3578 3256 3242 3233 
3644 3359 3339 3363 3312 3029 3808 3144 3064 
3935 1171 3926 3962 4233 1575 4229 4230 3876 
3879 3878 1114 3747 2892 3787 2859 4233 4232 
4229 1575 4241 1922 2263 1594 734 718 3590 
3603 3401 442 3400 3389 3385 3386 3417 441 
3258 3271 3277 3270 734 717 3590 718 3176 
3435 2572 3008 4135 4090 4470 4104 3892 3870 
3869 3871 3892 3869 3891 3871 3386 3365 3387 
3366 3024 2645 4167 4174 3199 3204 3323 3203 
788 3556 804 805 38 3374 431 39 38 
415 431 3374 1878 4177 1877 1517 4037 4034 
4032 4033 4037 4034 4045 4032 1443 4131 4125 
1444 1429 4085 4132 1430 4045 4034 4037 1309 
4233 4231 4229 4232 4224 1903 4217 4225 980 
3788 996 3790 3897 3877 3949 3900 1873 1499 
1872 4165 733 717 716 3589 4224 4216 4217 
1903 1960 2982 1643 1959 2412 2408 4163 2551 
4064 1326 4037 1327 3191 3447 3176 3442 4037 
1326 4064 1325 1643 2982 1642 1959 4064 1326 
1327 1343 4135 4136 4470 4090 4086 4069 4068 
3210 4094 4138 4112 4139 4191 3550 4186 4194 
246 1652 2686 1648 2084 4258 4257 4260 4264 
1625 1947 1624 257 1586 2666 2831 2724 1767 
2727 226 4160 1496 1495 1864 3605 3618 2785 
736 2103 117 1547 2106 4157 4158 4155 1482 
4224 4218 4217 4216 790 3556 773 789 2267 
1866 107 108 2142 2421 2141 4372 1301 4012 
1284 1300 3331 3368 3391 3394 1494 1493 4161 
4159 2345 2526 4158 2408 1311 2 1 2256 
2553 2556 3182 2497 4381 2454 2480 2580 3543 
684 668 685 1494 1867 4161 1493 1494 4162 
4161 1867 4224 4225 4217 4218 2993 4368 3116 
4371 861 3672 3670 3671 733 3589 716 732 
4260 1938 2084 1616 1494 4159 4161 4162 4147 
1470 1847 1469 4135 1433 4470 4136 2412 2408 
2414 4163 3236 3134 3139 3220 3000 4154 2945 
4149 1813 2074 1814 4415 4182 4179 4176 4177 
3029 3808 2894 3068 2985 4292 3079 4300 3154 
3939 3122 3160 2515 4266 2334 2409 4241 2263 
2330 2343 413 3372 3341 3371 4241 2092 2330 
2263 1415 1431 4087 1414 1415 4103 4087 1431 
4089 3734 3724 4069 3427 3191 2570 2619 2570 
3191 3202 2619 3513 2285 3515 2311 3515 2285 
2208 2311 4241 4238 2330 2092 2207 2285 2208 
3515 3513 2285 2207 3515 246 1648 2686 2689 
4140 2971 2743 2947 4241 2343 2330 4238 3771 
3700 3747 3180 3379 3237 3377 3410 695 679 
3536 3537 4381 4373 2480 2454 3322 368 352 
369 1453 4117 4110 4109 3562 3599 3586 3567 
3606 721 3593 722 2706 1717 2001 1713 1453 
4116 4110 4117 4421 1831 2127 4423 2704 236 
1707 2707 3238 3239 2844 3247 3626 758 3627 
774 4050 1315 1314 4007 3747 3790 3772 3714 
3309 286 285 3291 3996 4015 4025 4030 1007 
20 2237 1023 3879 3881 3878 1115 2505 2320 
2510 3988 2239 991 3798 975 235 1717 2706 
1713 692 3558 709 693 286 3688 3293 3687 
3771 3761 3747 3763 3307 3285 3284 3305 1453 
4138 4110 4116 692 708 709 3558 4030 4034 
1308 1292 2448 3735 2569 3725 4111 1422 4112 
1438 2721 229 1749 1759 2335 2248 1423 2249 
3307 3288 3284 3285 411 3340 410 3370 3891 
3867 3889 3855 4261 4263 4262 4264 3386 3387 
3400 441 3447 3191 3176 2570 3322 2761 352 
368 2272 2313 4383 4391 4480 3846 3844 3789 
3419 441 3417 3400 2250 2251 1391 4082 4456 
3563 4453 4455 3977 3965 3978 3964 4110 3743 
4113 3734 2898 2931 4310 3809 3517 3500 3490 
3535 4065 4082 4021 1374 3322 3314 352 2761 
4208 2976 2656 2918 4223 4224 2658 2917 2784 
179 2783 720 4453 4454 3570 4456 2628 3194 
3214 4078 2656 2918 2659 4216 1640 2682 1951 
4274 862 3685 288 863 3586 713 3566 3569 
4194 1892 1539 1891 1538 2650 2653 2974 3322 
369 352 3314 3307 3305 3284 283 827 828 
3648 3670 1453 4109 4110 4138 3256 3249 3242 
3246 3335 2275 2483 2277 3679 299 3255 300 
3483 605 3905 3907 1882 1883 4183 1523 288 
2191 3686 3687 459 460 3420 476 2866 4047 
2865 3017 1882 4179 4183 1883 2536 3174 3141 
3113 3255 3297 3259 3251 3182 3192 3106 2556 
3651 831 3675 3673 2759 204 336 203 4178 
4180 4177 4175 4208 2918 2656 4216 3451 4448 
4450 523 3850 3882 3897 3879 3325 3413 3352 
3410 4178 4179 4177 4180 4450 540 3451 523 
2809 1072 2808 1073 2954 2809 2808 1073 4178 
4182 4177 4179 1029 1046 1030 3843 2895 3835 
2806 3807 3850 3859 3897 3882 1882 4176 4183 
4179 3886 3933 3118 2861 3753 3730 3721 921 
1116 3881 3879 1115 4178 4175 4177 4182 2143 
1764 94 1766 3957 1183 1199 3971 3143 3099 
3353 3426 3850 3857 3897 3859 3181 3195 3148 
3432 2267 1496 2119 4160 3179 3428 3002 3129 
3426 3428 3442 3129 3957 31 1199 1183 2570 
3174 3202 3191 4318 2161 2427 2407 2959 3008 
4232 2922 158 1008 3806 1024 158 2804 3806 
1008 1840 1468 1843 4140 2002 4317 2003 1709 
3335 2314 2277 2410 2003 1709 4318 1710 2875 
3404 3030 3074 2451 4401 4416 4417 2273 2135 
4379 2138 442 458 459 3419 1583 1585 2091 
1917 158 2805 3806 2804 1151 3901 1150 1167 
2091 1585 2092 1917 2601 3734 3725 3733 4020 
4010 4029 4080 2458 2481 3822 2557 3850 3879 
3897 3857 1398 1382 4075 4077 3957 2226 1199 
31 2627 3211 3994 4024 3957 3971 1199 2226 
4309 1985 1684 1688 158 1024 3806 2805 4309 
2170 1684 2169 3327 3303 377 3318 2866 4047 
3017 4048 4089 4069 4086 3210 3327 3303 3330 
377 378 3303 362 361 3420 475 459 476 
3772 3706 3698 3715 4311 3823 3822 3809 4185 
4186 2867 4193 3473 3506 3474 3507 3509 620 
588 621 4165 4173 4163 4171 1092 1108 3816 
3808 4309 1688 1684 2170 3908 3906 3905 3483 
3688 3289 3277 3689 1457 1829 2641 2129 377 
3303 3330 378 3477 3905 606 3904 606 560 
607 3904 3330 3312 3363 3339 2300 2340 2518 
4035 4065 4035 4021 2496 3226 3249 3261 3272 
636 3507 635 652 725 742 726 3609 1110 
1126 1127 3870 4332 4336 4330 4337 722 3607 
739 723 3330 3327 3363 3312 722 738 739 
3607 3808 3786 2954 3037 1064 1048 3845 3847 
3908 3457 3905 3906 3886 3861 3860 2900 1125 
1109 3866 3869 3747 2892 3076 3700 3707 3716 
3708 3715 3388 3391 3331 3368 606 607 576 
3477 1152 150 2813 1136 3328 3218 3331 3369 
708 692 691 3555 1212 1229 3984 1228 576 
607 2775 3477 3688 3292 3277 3289 3908 3907 
3905 3457 3330 393 3363 3327 3688 3689 3277 
3671 3654 3642 3655 3640 2027 1756 2026 4366 
277 3259 276 3297 3330 3339 3363 393 3655 
3642 3654 3657 4258 4247 4257 4244 2869 3314 
3025 3322 4283 1957 1638 1639 3998 2622 3994 
4024 4433 4400 4436 2911 1309 1294 4033 4037 
3326 3338 3327 3311 2627 3211 4024 4029 3497 
3043 3139 3498 4435 2911 4433 4436 1309 1293 
4033 1294 4465 1249 1233 4468 4142 1471 1845 
4143 1903 4225 1562 1563 3908 3483 3905 3907 
4228 4223 1568 2663 2663 2914 4228 4223 2972 
2914 2663 4223 1309 4037 4033 4034 3642 3548 
801 3640 3642 802 801 3548 818 3640 3655 
3642 3169 3213 4086 3210 3642 818 801 802 
3638 2372 3604 2434 3642 3640 801 818 3655 
3656 818 3642 3279 313 3302 3305 3592 3621 
3595 3522 463 3425 3402 3423 3354 3337 3351 
3355 1436 4109 1453 1437 2777 2778 185 624 
3643 3244 3616 3642 492 476 3420 3422 3488 
3220 3490 3236 3341 3372 413 414 463 447 
3402 3425 426 3370 3387 3389 3386 3366 3385 
3365 425 3364 3385 3366 3643 3622 3616 3244 
463 446 3402 447 3460 533 3459 3443 3385 
3386 425 3366 2762 2763 200 384 3385 3366 
3359 3365 2813 150 2812 1136 3359 3366 3385 
3364 437 3412 454 438 463 3423 3402 446 
3753 921 920 904 4372 1774 2037 1773 3982 
1226 1211 1227 3643 3556 3616 3622 3567 3601 
3524 3599 4085 1412 4100 4084 437 453 454 
3412 3643 3642 3616 3556 4109 4093 4111 1421 
3497 2572 4238 2521 3537 3518 3517 3524 3420 
476 460 3422 3497 3008 4238 2572 3477 606 
605 577 3544 2284 3578 3579 1935 1614 4256 
1613 1906 4223 1569 1907 2442 3270 3277 3292 
3597 3625 3609 3598 4169 4179 4170 4172 3910 
3440 3908 3433 3726 3763 3766 3727 3650 3671 
3670 3672 4032 4036 4037 4033 3928 3965 3937 
3964 1999 1703 4314 1704 3194 3205 3211 3183 
3194 2628 3211 3205 1048 1064 1065 3847 3497 
4231 4238 3008 665 3520 664 3474 3497 2521 
4238 4231 3477 3905 605 606 3885 3850 3859 
2439 3844 3846 4480 1079 3253 274 3694 275 
708 3555 691 707 3194 3214 3211 2628 3848 
1083 3795 1082 3194 3183 3211 3214 3477 3483 
605 3905 3477 577 605 3483 2091 1583 123 
1585 2657 2976 2656 4208 3489 662 3472 661 
4241 1919 4240 1587 888 4120 4121 3720 2421 
4373 4369 4372 3846 1079 3845 1080 1063 1080 
3845 1079 917 918 3773 934 3080 3528 3481 
3088 1146 3896 1162 1163 4003 4039 3990 4038 
1298 4007 4003 4039 3821 3829 3824 3216 3860 
2811 2897 3861 3640 3244 3616 3092 3199 3208 
3323 3204 888 871 4121 4120 3640 3642 3616 
3244 3078 4251 4243 4245 4003 4007 1282 4006 
778 4454 4453 4456 4003 4007 1298 1282 4164 
4171 1872 4165 4169 2523 4163 3273 3089 3100 
3233 3243 730 714 713 3600 3316 3317 342 
326 3885 3882 2512 2376 2205 2305 2206 3514 
888 887 4121 871 3683 293 858 292 4332 
4343 4342 4344 3640 3548 3616 3642 646 663 
3493 662 3237 3407 3377 3410 2479 4343 2425 
4344 3728 4105 4118 4119 2425 4343 4332 4344 
2023 1759 1755 2720 2479 2425 2416 4344 2416 
2425 4332 4344 3440 3428 3438 3906 3230 3811 
3816 3808 736 3618 2785 752 3335 3320 2483 
2275 4455 777 4452 4453 4285 2270 2508 2276 
3817 3811 3816 3230 4044 4031 1323 1306 888 
3720 4121 887 1470 1848 4148 1847 2223 2374 
2393 1230 3576 701 700 3543 3576 717 700 
701 1309 1326 4037 1325 2880 3480 2777 3477 
3144 3811 3230 3808 3936 3937 3973 3962 345 
3303 3318 361 3918 3504 3920 3436 1470 2125 
4148 1848 770 753 769 3620 3973 3977 3975 
3962 3977 3962 3937 3964 1825 2075 4443 1826 
1470 4147 4148 2125 3576 3543 700 3574 2484 
2487 2474 3829 1285 4017 1302 1286 4141 2971 
4140 2947 878 1441 1440 4127 3287 3270 3294 
3290 2466 510 2461 509 3777 969 3794 3793 
3702 4127 880 2796 3777 3781 3794 969 3287 
2440 3294 3270 3054 2913 4164 3042 1470 1847 
4148 4147 1011 995 3799 3814 880 4127 879 
2796 3777 3726 3794 3781 1011 994 3799 995 
377 3303 378 361 1011 3812 3799 994 3777 
3793 3794 3726 2870 2763 2846 3336 3283 3570 
3628 3632 4210 4208 4216 4218 3287 3320 3294 
2440 3287 3290 3294 3320 129 1938 2084 1618 
3246 3297 3259 3299 1976 4301 1674 1977 3079 
4300 4296 4301 604 605 3483 3907 507 4450 
3357 4448 4210 1900 4216 4208 394 3340 410 
411 412 3371 413 3341 717 733 734 3590 
3364 3339 3359 3366 394 3330 393 3339 3439 
3353 3440 3441 1011 3814 3799 3812 4210 4217 
4216 1900 2869 2761 2760 3314 2436 2284 3578 
3544 3389 3370 3387 3367 4210 4218 4216 4217 
3695 3014 3063 2856 3407 451 467 3408 3486 
613 3489 629 506 507 3357 4448 3564 3557 
3598 3625 584 3494 616 617 3562 3523 3537 
3534 694 3536 3533 3561 3082 3134 3053 3236 
3008 3043 4232 2922 1049 3827 3820 3847 3945 
1242 1241 1225 4101 4131 4100 4124 1454 4116 
1453 865 3330 3340 395 3332 1116 1115 1132 
3881 730 3600 713 729 1268 4011 1284 1285 
1285 1301 1302 4017 3330 394 395 3340 3330 
378 395 394 1998 1707 4317 2704 4231 3043 
4229 4232 3019 2903 2866 4048 3243 3041 3100 
4175 1987 1687 4305 1988 3023 3102 4186 3245 
3023 3041 3243 4175 2123 2375 4156 2124 3330 
3332 395 378 3551 2782 2883 2882 3243 3041 
3097 3100 3815 3843 3840 1045 3551 3580 2883 
2782 2743 2971 4433 2911 4392 2134 2055 2133 
4429 4430 4431 4428 3243 3041 3023 3097 3551 
3552 2883 3580 1049 1033 3820 3827 2719 4354 
2020 1743 3551 2882 2883 3552 2436 2489 3578 
2284 4281 3022 2685 3048 3915 569 570 597 
4328 2160 1721 2007 1966 2180 1659 2179 3915 
3464 570 569 2955 3836 3861 3808 3196 3991 
3107 3154 1049 1032 3820 1033 3915 3917 570 
3464 1839 217 2838 1465 1049 3847 3820 1032 
3657 3693 3679 3660 2945 4154 2747 2828 3915 
597 570 3917 3246 3265 3263 3249 4053 4055 
1334 4042 2436 2599 3578 2489 3988 2322 2226 
3956 4063 4037 4064 1325 242 1676 2694 1672 
3988 2225 2226 2322 3988 3989 2226 2225 2563 
3947 3209 3946 3228 3248 3151 3242 1155 3925 
3935 3926 2830 3043 4232 4228 1527 1528 4190 
1889 4086 3153 3152 3709 3769 3700 3772 3698 
410 3370 427 411 3999 3163 3061 3123 2613 
2450 4024 3998 2021 1751 2022 4361 2830 2922 
4232 3043 1233 1250 4465 4468 875 3707 883 
884 4321 1718 4331 234 2830 2665 4232 2922 
4149 4151 4155 4150 2613 2581 4024 2450 2830 
4228 4232 2665 3674 3651 3675 3673 4185 2649 
2867 4187 3379 3409 3380 3412 4049 1329 1330 
4048 2613 2622 4024 2581 3249 3248 3252 3298 
3564 3563 3627 3630 4049 1313 1330 1329 733 
3614 3613 749 468 3407 484 3410 3841 3822 
3229 3868 3221 3623 3617 3245 2906 2759 2844 
3314 2095 4226 2386 2098 2613 3998 4024 2622 
1571 4226 2095 2098 4049 4048 1330 4050 3151 
3248 3228 3189 2880 3480 3478 3103 708 3558 
3555 3583 3381 3379 3380 3412 3418 3413 3357 
3358 454 3412 453 470 3959 2902 2816 3972 
732 3588 715 731 3959 2815 2816 2902 3959 
1184 2816 2815 4094 2462 2298 2471 2795 2796 
879 4127 4411 2071 1810 1811 410 426 427 
3370 3959 3972 2816 1184 3793 3777 3714 3726 
4213 4209 4212 4211 943 16 15 2242 3592 
3581 3552 3582 2503 2285 3513 2311 3955 3988 
3985 3986 4213 1552 4212 4209 2795 167 879 
2796 2179 2276 4287 2367 1307 4031 1290 1306 
3592 3595 3593 3582 2795 168 879 167 3182 
3192 2556 3194 1547 2106 1543 1896 1631 1947 
1630 4277 790 3556 806 807 4209 1897 4202 
1898 1551 1897 4209 1898 3972 1201 1184 1185 
4068 4075 4067 4072 1307 1291 1290 4031 1780 
2037 1779 4373 3095 4381 4377 4375 3782 3741 
3735 3785 2731 2942 2730 4374 4415 4396 4413 
4416 4411 4406 1810 2071 4441 2638 4442 4425 
3858 3872 3875 3880 4213 4211 4212 4214 924 
3741 3756 3737 2639 4422 1458 2640 4385 4388 
4384 4387 627 628 3486 3485 4436 2633 4437 
4404 4357 4350 4358 4353 4200 4201 1544 4202 
341 325 324 3316 1568 1909 1569 4229 2925 
4271 2961 2681 4411 4408 1810 4406 1935 1608 
1607 4244 2099 1905 4227 4221 627 611 3486 
628 255 4243 2668 2671 2099 2100 4227 1905 
4411 1811 1810 4408 4192 1531 1529 2109 627 
3483 3486 611 2099 2354 4227 2100 1178 1162 
3929 1163 943 2242 15 927 1178 3966 1194 
3967 1391 2251 6 1375 4343 2548 3784 3779 
3465 570 554 571 2754 832 2790 3652 4343 
2589 3784 2548 3775 3763 3771 3714 3381 438 
437 421 734 3614 749 750 3332 3313 3330 
3340 2189 3295 2279 2190 3355 407 406 3338 
4343 3727 3784 2589 3612 3634 3633 3636 627 
3485 3486 3483 734 733 749 3614 669 3543 
668 685 3353 3352 3143 3426 3539 3574 3540 
3542 21 1023 3834 2237 2099 4221 4227 2354 
4343 3779 3784 3727 3206 3761 3047 3036 291 
3684 3690 3689 4071 2951 2957 2827 2653 265 
1538 1548 3827 1051 1035 3828 291 292 3690 
3684 3679 3693 3657 3251 21 1039 3834 1023 
3782 3741 924 3737 924 3741 3782 3785 2655 
2652 1544 264 3497 3505 3496 3435 3917 3504 
3502 3503 3827 1034 1035 1051 4445 4444 508 
4449 21 2236 3834 1039 4002 4053 3999 4009 
21 2237 3834 2236 3416 3383 3382 3413 2421 
4369 2141 4372 4257 4260 4259 1615 4305 1991 
1990 1693 3908 3484 3910 3433 3912 3433 3914 
3430 3473 3505 3475 3436 763 3636 3612 3633 
859 3668 3683 3669 763 747 3612 3636 763 
746 3612 747 2669 1923 4240 2919 3827 3802 
1035 1034 2262 1622 2081 4269 807 808 3563 
3645 3462 567 3461 551 4359 2719 2020 1753 
2474 3216 3765 3215 763 3633 3612 746 1027 
1043 3840 3813 3021 3698 3168 3177 2196 2197 
61 783 2472 2614 4254 4242 3906 3070 3181 
3006 696 680 3537 3538 3906 3075 3181 3070 
3831 3853 3833 3852 3827 3828 1035 3802 3885 
3903 2324 3902 3255 3693 3679 3251 291 283 
3690 292 291 3689 3690 283 3906 3432 3181 
3075 3459 3910 3460 3440 1037 3830 1036 3831 
3447 3435 3496 2610 3904 3905 561 3456 3256 
3646 3644 3224 1692 1989 4313 4303 3906 3006 
3181 3432 2945 4154 4150 4149 1066 1083 3849 
1082 1728 2158 2155 88 2945 2828 4150 4154 
2474 2575 2484 3829 1148 3899 1164 1165 3931 
1167 1182 1166 3821 3824 3816 3216 1212 1229 
1213 3984 3929 3897 3894 3943 1243 1226 1242 
3952 2945 4141 4150 2828 3259 3297 3246 3251 
401 3347 402 3336 3170 3098 3135 3242 1692 
1990 4313 1989 3983 1227 3982 3984 1194 1195 
1178 3967 579 612 3486 611 3483 3905 3477 
3906 630 3489 613 629 630 3493 613 3489 
3912 567 3462 3913 3657 3658 3656 3642 2946 
3100 4167 3273 1334 4042 1333 4053 2843 3238 
3057 2998 1817 2066 2064 2132 4342 3701 4330 
4341 2268 4145 2504 2452 3000 2945 3146 4149 
3897 3900 3899 3882 2945 4149 4150 4141 2027 
1756 4362 1757 712 3586 729 713 572 555 
571 3465 712 728 729 3586 4342 4332 4330 
3701 4098 3710 4101 4084 4410 2497 2473 2553 
4013 4023 4042 4017 3980 3981 1209 1193 4021 
2496 2445 4065 3461 567 3462 3912 3795 3829 
3821 3216 1692 4305 4313 1990 4192 1529 2112 
2109 2324 3903 3885 2229 765 3636 764 781 
3565 4194 4191 4198 3957 30 3903 2227 2004 
4324 2005 4323 2158 1728 2010 1724 2001 4323 
2002 4317 2112 2109 1529 114 341 3316 324 
340 4324 4322 4325 4327 3770 3714 3771 3700 
1749 2023 1750 4360 572 556 555 3465 3955 
3877 3949 3985 1692 4303 4313 4305 2005 4326 
4323 4324 3331 3369 3312 3328 4342 4336 4330 
4332 2158 4340 2010 1728 3331 3313 3312 3369 
4213 2403 4211 2402 1009 993 3787 3812 2063 
4418 2064 2066 4342 4341 4330 4336 1995 1699 
1698 4315 2158 4333 2010 4340 2967 2701 2987 
4303 1011 994 1010 3812 4069 4079 4019 4070 
4306 4308 4305 4309 3331 3340 3312 3313 2158 
1724 2010 4333 3797 990 3798 1006 3756 3742 
893 3740 2864 3958 1265 2820 8 2249 1423 
9 2864 4003 1265 3958 1005 990 3797 1006 
1895 4203 1546 1896 3311 3312 3360 3325 1472 
4152 4143 4150 4219 2522 3498 4226 3972 1185 
3973 1201 3269 3298 3304 3268 1875 1505 4168 
4171 3756 909 893 3742 1228 3952 4466 1229 
3311 3323 3360 3312 3630 743 760 4451 3756 
892 893 909 3311 3345 3360 3323 8 1407 
1423 2249 4207 2976 2657 4208 3428 3193 3442 
3129 3539 3521 3544 3476 3311 3325 3360 3345 
3331 3328 3312 3340 796 3570 795 812 764 
3636 763 780 3880 2607 2608 3950 2816 1200 
3972 2817 3978 1222 1221 1205 3880 2557 2608 
2607 706 690 689 3553 2522 4227 2355 4226 
3227 3261 3272 3226 4449 3357 3452 4445 1118 
3882 3885 2376 1396 4075 4074 1412 4433 4407 
4434 4400 2911 2944 4437 2741 221 2737 1796 
2734 1113 3876 1130 1114 2996 3009 4384 4377 
1841 1834 1843 4426 3616 3642 3548 3556 3328 
3359 3325 3312 4306 2430 4309 2429 2929 4300 
2985 2694 1663 1970 2178 77 4269 1621 1941 
1622 3880 2618 2608 2557 4219 4227 2522 4226 
1074 1073 3786 4459 1886 1528 4189 1527 3756 
3740 893 892 4208 1556 1900 4216 257 1921 
1586 2831 2974 2916 4193 2650 3312 3313 3333 
3369 1613 1623 1939 2677 3227 3224 3272 3261 
635 618 3502 3503 3227 3286 3272 3224 3312 
3217 3333 3313 2020 4360 1749 1750 1180 3954 
3969 1181 635 634 3502 618 1181 3930 1182 
1166 2069 2070 1809 4406 4158 2545 2541 2526 
4404 4407 4434 4438 1790 2044 2732 4376 4093 
4138 4110 4109 803 804 3548 3642 3284 3271 
3690 3280 635 3507 3502 634 1790 2044 1794 
2732 355 3315 372 356 4436 4400 4434 4404 
1586 1921 4240 2831 4402 4394 4403 4407 1794 
2044 1784 2733 4155 1854 1477 1478 3227 3226 
3272 3286 2732 2044 2733 4376 2927 2997 4286 
3071 635 3503 3502 3507 3999 3061 2957 3123 
772 3624 789 773 1661 4297 4289 4294 772 
788 789 3624 4108 1420 1419 4091 590 592 
3512 591 3997 1259 3952 1260 3312 3329 3333 
3217 2322 3988 2225 2320 4265 4268 4266 4267 
355 371 372 3315 4265 1620 1940 1621 3511 
590 3512 622 4237 1581 4233 1916 3580 721 
3605 720 636 637 3509 3510 3312 3369 3333 
3329 2732 2044 1794 2733 1311 2255 2 2256 
1661 1968 4289 4297 3652 2965 2754 2948 4342 
1732 2014 4341 3893 3894 1160 1144 4450 507 
3357 4449 3047 3232 3231 3761 3838 1042 1026 
1043 2058 4394 2065 4405 4064 4035 4065 4066 
2451 4417 4416 2396 655 2205 52 639 4342 
2015 2014 1732 2065 4402 2057 4405 3302 3271 
3278 3263 2058 2065 2057 4405 4249 1927 1602 
1601 4140 4430 4144 4428 3818 3800 997 1013 
1661 1967 4289 1968 3208 2620 3207 3361 1661 
4294 4289 1967 4346 1747 230 2716 3281 3271 
3669 3690 4342 4348 2014 2015 4449 525 3452 
4450 2738 2837 4402 4403 4346 1743 230 1747 
3781 3736 3726 3755 2738 2056 4402 2837 2422 
1770 2141 4369 1842 2127 1844 1466 4346 2719 
230 1743 4409 4401 4395 4394 2145 2146 2387 
4370 3751 902 3719 918 3945 1224 1240 1223 
2941 4377 2996 4376 937 954 938 3781 3820 
3848 3827 3764 655 53 52 2205 2092 4239 
2091 1917 4360 4362 2024 4361 2738 2065 4402 
2056 2849 3906 3438 3006 4342 4341 2014 4348 
4346 2716 230 2719 770 3548 787 771 2577 
3267 3227 3268 2853 2949 3549 3619 321 3247 
3314 322 3589 3590 3575 3602 3607 3624 3608 
3621 3031 3481 3470 3134 3254 3239 3238 3247 
4020 3211 4024 3994 3909 565 3911 602 3205 
2620 3207 3208 2148 2418 4364 4365 3422 478 
493 477 3106 3182 4410 3044 1420 1421 4109 
1437 4020 4029 4024 3211 3170 3261 3228 3242 
3559 3523 3562 3534 2505 3988 2465 2320 770 
786 787 3548 2183 2078 4284 2370 3458 562 
3457 546 3653 3640 3654 3655 2718 4354 2719 
2969 1335 1319 4042 4057 3548 2853 3026 3617 
3419 3400 3417 3328 3870 1110 3869 3871 3017 
4047 2865 3990 3229 3836 3064 3808 1444 4099 
1443 4131 4020 4015 4024 4029 3862 3864 3863 
1106 1644 1957 4283 1645 2148 2147 4364 2418 
2718 4354 4359 2719 4282 1955 4281 1637 4020 
3994 4024 4015 4099 1444 1443 1427 2794 1440 
4095 4128 3815 3813 3840 3842 439 3416 456 
440 3050 3701 2968 3035 1371 1370 4059 1354 
4281 1642 2684 1646 1371 4079 4059 1370 1371 
4061 4059 4079 439 455 456 3416 2183 1639 
4284 2078 1660 2690 244 2693 3791 3790 966 
982 2653 4200 2973 2652 4262 1624 4271 2678 
2909 4240 2908 2831 1878 4179 1517 1518 4378 
4387 4391 4382 2148 2025 4364 2147 2183 4283 
4284 1639 4256 1613 1939 2677 3568 3623 3560 
3557 2183 2370 4284 4283 4025 4014 4030 4015 
4399 2740 2837 1807 70 351 71 2187 4255 
2085 1934 1604 258 1580 4235 2667 258 1584 
4235 1580 2057 2065 2056 4402 4378 2050 4391 
4387 4437 4404 4399 4400 3282 2524 3649 2549 
1149 3899 1148 1165 4134 1433 4135 1449 427 
3370 3389 3371 4384 4388 4385 4386 3674 2529 
2302 2280 3725 3733 3212 3713 2121 1492 1484 
106 4382 4389 4387 4391 3850 3879 3795 3882 
2148 4365 4364 2025 4378 4383 4391 2050 4150 
4151 4155 4152 2416 4344 4339 2156 1113 1129 
1130 3876 1030 3818 3819 1031 4020 4076 3211 
4009 258 2664 4235 1584 3674 3687 3685 3686 
3526 657 3470 3529 287 319 68 2189 1729 
234 4331 1718 4378 4382 4391 4383 3654 3240 
2836 3241 258 2667 4235 2664 657 3480 3470 
658 3452 3436 3920 3454 2918 4224 4215 2917 
463 3423 446 462 3377 3321 3379 3348 3937 
3855 3973 3865 3526 2881 3470 657 4208 2918 
4216 4218 3855 3937 3973 3936 3580 720 3605 
2784 3277 3271 3258 3669 4383 2135 1787 4379 
4005 4009 4000 4004 3769 3698 3021 3034 4099 
4131 4100 4084 4331 2008 1729 1718 2700 2703 
1691 4303 3526 3527 3470 2881 3526 3529 3470 
3527 3979 1223 1208 1224 4383 2047 1787 2135 
3513 3512 3920 3922 1160 3942 1176 1161 2967 
4303 2930 2700 1695 2700 1691 1986 4303 1987 
4305 1692 4162 3042 4158 3101 3513 3511 3920 
3512 4383 2046 1787 2047 3426 3099 3428 3129 
3952 2519 2394 2374 4158 3112 4159 3101 584 
598 3915 585 4435 1840 1837 4432 2582 2523 
4180 3273 3428 3099 3002 3129 3513 3475 3920 
3511 2611 2612 3947 2620 4435 1838 1837 1840 
584 3914 3915 598 4237 1913 4233 1581 4435 
1464 1837 1838 4235 4237 4232 4236 4435 4432 
1837 1464 4237 1915 1581 1916 2262 2334 2084 
4260 3172 3093 4001 3163 4141 4142 4140 4143 
3222 2539 2554 3632 3222 2476 2554 2539 3222 
3276 2554 2476 3999 3062 4073 3163 584 3494 
3915 3914 3359 3339 3365 3366 4147 4145 4146 
4148 3222 3632 2554 3276 3350 3337 3351 3354 
4147 4144 4146 4145 584 585 3915 3494 1364 
4074 1363 1379 3324 3298 3310 3311 4147 4148 
4146 1847 3777 921 3721 3781 1398 1415 1399 
4077 3333 3369 2625 3361 559 47 2210 575 
3350 3348 3351 3337 2450 2581 4024 2518 3329 
3361 3360 3369 3198 3202 3197 3411 4242 2495 
2472 2343 592 3921 3512 3923 559 2211 2210 
47 1516 1884 4176 4174 3304 3217 3329 3312 
3350 3380 3351 3348 3254 3297 3260 324 1516 
1881 4176 1884 3350 3354 3351 3380 1516 1517 
4176 1881 2655 2654 1897 4201 4267 1626 1944 
1945 1516 4174 4176 1517 3330 3217 3312 3313 
4027 4015 4014 4061 559 3468 2210 2211 3776 
951 935 3777 4433 4398 4397 3010 1032 3826 
3820 1033 3469 3159 3155 3479 3492 3495 3914 
3434 3492 3434 3471 3473 3720 3724 4121 3717 
4094 4082 2514 2335 4433 4407 4397 4398 559 
575 2210 3468 3465 3918 3464 3917 3910 3492 
3912 3433 4434 2634 4404 4438 2944 2832 4403 
2738 2655 1554 1897 2654 2655 1544 1897 1554 
2655 4201 1897 1544 3175 3432 3181 3006 4433 
4400 4397 4407 735 3615 734 751 274 3296 
305 306 797 3637 3570 798 3694 274 3253 
3250 695 3562 3561 711 633 3499 3520 649 
4164 1871 1505 1504 2465 3988 2322 2320 2662 
1909 1574 1578 3522 3554 3597 3595 3027 3321 
3375 3343 1464 1838 4435 1465 4306 2428 4308 
2430 1035 3851 1036 3828 4164 1872 1505 1871 
3828 3852 3848 3851 2327 3852 3833 3854 2538 
2508 2537 4286 1904 4225 1903 1563 3522 3523 
3597 3554 3805 2493 3767 3833 1022 1038 1039 
3832 367 351 350 3320 901 3716 3751 902 
2575 2493 3767 2609 4435 1838 1839 1465 3765 
4325 4337 3760 4433 3010 4397 4400 849 3653 
833 4457 760 4452 3630 4451 1271 3963 3995 
1255 1982 1981 4302 1675 3122 3939 3154 3940 
880 897 881 3702 1982 2431 4302 1981 4164 
4171 1505 1872 1236 1253 1237 3940 3392 445 
3393 3423 3611 3633 3612 3634 1982 2171 4302 
2431 2186 3320 2275 2278 696 713 697 3566 
3653 849 833 4475 694 711 3561 710 1982 
1675 4302 2171 420 3380 437 421 806 3645 
807 3556 3501 3482 3236 3535 3485 626 642 
3480 3537 662 3536 3534 3233 3242 3256 3261 
892 908 3756 3738 4207 4210 4209 3482 3289 
3270 3290 3294 3026 3548 3121 2885 1369 1353 
4056 4059 3751 3716 3750 3715 3821 3829 3792 
3824 3721 3712 3722 3711 1253 3963 1254 3940 
759 743 3627 4451 2448 3725 3745 3735 4124 
3707 3708 4125 3990 4050 4048 4049 420 436 
437 3380 1800 2048 1790 2735 4413 4415 2066 
4396 431 3372 414 430 885 874 884 3707 
892 909 3756 908 4413 2061 2066 4415 4292 
4294 4291 4293 2644 1516 1884 269 2644 4174 
1884 1516 1305 1306 4044 1322 1968 4297 1662 
1969 2644 2829 1884 4174 4186 2916 2867 4193 
2508 4286 2538 3071 2684 1642 2687 247 892 
3738 3756 3740 2321 2376 1101 1102 2644 269 
1884 2829 4413 4396 2066 4395 4384 2048 1796 
2734 4114 2248 2335 2298 3885 3882 3883 3902 
3973 3133 3972 3132 4114 1423 2335 2248 3796 
1002 3802 3794 4384 2048 2735 4376 3796 1003 
3802 1002 2446 4082 2378 2499 2021 4361 1750 
1751 1750 4361 2021 4360 2840 3241 3240 3247 
2262 1942 130 1622 3278 281 313 280 336 
353 337 3314 3796 3803 3802 1003 2879 3904 
2877 3906 4114 4094 2335 1423 3454 3455 3453 
2438 966 3790 965 982 576 608 2776 187 
2775 188 607 187 3858 2578 3111 3162 1406 
4082 1390 4081 4114 2298 2335 4094 4235 1912 
4237 1580 3453 3454 3468 3455 2572 3435 3447 
2610 1631 4277 4273 4278 2212 527 543 3455 
2551 3267 2541 3273 1902 4221 4212 4220 1908 
4226 2097 1565 996 3788 3799 3790 1930 1606 
1598 2087 3278 3305 313 281 127 1604 2085 
2088 665 3538 664 681 3609 3597 3608 3625 
3685 289 861 862 2325 2327 3854 3852 3307 
331 332 3285 2325 2234 3854 2327 290 291 
284 3689 3663 296 3263 3681 3458 3441 3439 
3440 3246 3644 3256 3646 3462 536 3446 3448 
3278 3302 313 3305 755 772 756 3624 3626 
3625 3627 3609 2325 2233 3854 2234 3278 280 
313 3302 539 523 3451 540 435 452 436 
3409 3677 3653 3676 3654 3609 3625 3564 3598 
453 3409 3410 3412 483 500 3353 499 3548 
3624 3620 3621 4010 4061 4021 4079 1069 1053 
3851 3853 3796 972 971 3782 3953 3897 3949 
3954 2032 1767 4371 1768 4384 2048 2734 2735 
3793 969 3794 985 3998 2613 2450 2546 3995 
1255 3945 1256 1313 4038 1297 1296 4290 1656 
1964 1965 3815 3762 3818 3800 4290 4289 1964 
1656 3536 3534 3533 3561 1513 1512 4170 1876 
4094 4082 4093 4070 424 3362 407 423 424 
408 407 3362 1513 1879 4170 1512 3196 4005 
3172 4000 4254 1929 1930 1604 3231 3762 3761 
3763 3586 3600 3567 3599 2483 2486 2275 3320 
367 72 71 2186 3907 562 604 605 1513 
4172 4170 1879 2268 4148 4145 4147 1513 1876 
4170 4172 2061 2066 4415 2062 2325 3852 3854 
2233 3408 3406 449 3404 3905 3906 3457 3456 
3620 3624 3607 3621 757 758 3626 774 3627 
3630 3563 775 1937 1616 4260 1615 3408 450 
449 3406 3769 962 945 946 3793 984 967 
968 3759 3788 3747 3761 924 3785 925 3741 
4113 4138 4094 4139 2577 2586 3227 3267 1937 
1938 4260 1616 3864 3836 3867 3808 522 4448 
3451 523 3891 3893 3856 3941 967 984 3793 
983 3776 3777 3774 3714 3794 1001 3793 985 
968 969 3793 985 1538 2974 2653 4200 367 
3320 350 366 1555 2102 1559 119 4205 4213 
4206 4204 3949 3897 3929 3943 3968 3984 3949 
3967 3169 3188 3110 4072 1178 3929 3948 3967 
2734 2048 1800 2735 1937 4257 4260 1938 2784 
736 3605 2785 2392 2198 3638 2372 2446 4082 
4065 2297 1937 1615 4260 4257 2330 2521 4238 
2495 4209 4202 4201 3482 4209 1897 4201 4202 
3685 3688 289 3687 4290 4285 1964 4289 3305 
3284 3280 3271 3408 466 449 450 3408 3404 
449 466 516 3353 515 3441 3353 3074 2848 
3099 2734 2048 1796 1800 2837 1807 2056 4402 
2837 4403 4399 4402 2944 4399 2837 4403 2870 
2994 2871 3343 4290 1965 1964 4285 2659 4224 
4216 2918 3608 739 3607 723 3607 3594 3606 
3595 3563 4453 3570 4456 4134 4104 4133 3724 
3810 3817 3231 3760 3050 3701 3232 3775 1297 
4039 4003 4038 1252 3963 1253 3940 3810 3230 
3231 3817 4258 2349 4255 4247 3777 952 936 
953 4209 4207 4201 1897 4258 2083 4255 2349 
4258 4257 4255 2083 704 2782 181 180 4001 
3093 3017 3163 4209 3482 4201 4207 4258 4247 
4255 4257 4101 4102 3710 3717 3719 3777 3776 
919 2502 2559 2544 4070 1477 1854 2746 1485 
4255 1610 1934 2086 2915 2833 4187 3023 1633 
1949 4280 1950 4453 3633 3570 4454 4257 1615 
1936 1937 3810 3049 3231 3230 1477 2747 2746 
4154 1460 1833 4426 1834 3452 4450 3357 4449 
1477 1485 2746 2747 4442 1825 1824 2074 704 
688 181 2782 961 3769 3747 962 961 2892 
3747 3769 329 345 346 3303 4246 1928 4245 
1596 3779 3783 3778 3712 2672 4250 2673 2977 
938 3782 3781 954 3750 3715 3749 916 4350 
4351 4357 4355 3357 4450 3451 4448 638 3511 
3510 3514 700 684 683 3542 3794 3782 970 
3781 94 1764 2146 1760 2780 3526 2881 2851 
3551 688 3526 689 1436 4109 4108 1452 906 
3754 907 3731 3498 2532 2521 2522 3451 4450 
3452 540 638 637 3510 3511 2780 3526 2781 
672 4385 4388 4387 4389 3221 3641 3616 3644 
2532 3498 2521 3497 638 654 3510 637 3400 
442 3387 3389 3554 3583 3555 3558 3905 561 
3457 562 272 3241 303 2756 3522 3534 3523 
3554 581 3491 3486 613 3810 3760 3231 3049 
3363 408 392 409 3265 3266 3301 3263 638 
3514 3510 654 436 420 419 3378 3136 2970 
2961 4275 3362 424 3385 3384 2574 2462 2443 
3734 2905 4003 2904 3003 3958 3963 3993 4011 
4133 4104 4103 3724 3362 3364 3385 424 3899 
3882 3900 3902 4263 2970 3136 4275 4264 4277 
1948 4279 3987 3989 3988 1231 700 3542 683 
699 4063 1324 1340 4062 1530 2647 1521 268 
2502 4082 2378 2379 4216 262 1556 1566 3362 
3359 3385 3364 2097 4226 1908 2098 3450 538 
522 3451 3467 541 3466 3452 2918 3482 4215 
4218 961 3787 3747 2892 3616 3556 3617 3623 
2551 2523 2582 3273 754 753 770 3620 3225 
3246 3257 3644 3124 4078 3169 3190 3958 3940 
3993 3963 2151 1742 2152 4353 3815 3762 3842 
3844 3548 3620 3619 3621 3616 3617 3221 3623 
3568 3623 3629 3222 3516 3482 4201 4202 3362 
3384 3385 3359 3353 3445 3443 3444 2213 527 
2212 2312 3307 315 3305 283 3564 743 3609 
3598 771 772 755 3624 3282 2586 3649 3224 
3106 3192 3146 2545 3389 3390 427 3371 2577 
2590 3286 2562 3721 3735 3781 3737 4163 4171 
4164 4165 2731 1778 2728 4374 3958 3991 3993 
3940 3119 3128 3118 3855 3375 2847 3027 3343 
1187 3961 3974 3962 2720 1755 4366 2723 2720 
2023 4366 1755 3627 742 3609 743 4398 2268 
2415 2452 961 962 3747 3787 2757 2758 304 
3247 4097 4130 3697 4129 3977 3937 3973 3865 
2720 2936 4366 2023 432 448 3403 2766 2720 
2723 4366 2936 4092 2561 2593 3210 4274 2680 
249 2683 3423 3394 3393 3391 3721 3737 3730 
3713 4089 3710 4086 4069 1396 1413 4075 1412 
3310 3321 3336 3348 3652 3640 817 2789 3958 
4011 3993 3991 3681 3692 3680 297 3678 850 
3679 301 2788 801 785 3548 4274 1630 249 
2680 2412 4173 4163 4166 4123 4102 4132 4101 
2081 130 1629 1622 604 3909 603 563 489 
3413 3418 473 4274 1640 249 1630 436 3409 
453 437 436 452 453 3409 4291 1666 1670 
1971 436 3378 419 435 3910 3492 3484 3491 
3791 983 966 967 3820 3827 1033 3826 4267 
1620 4265 1621 4127 4129 1441 4095 975 18 
17 2240 1942 1622 2262 4269 944 2801 3769 
2800 3440 3432 3428 3906 1900 4210 4207 4208 
4274 2683 249 1640 3873 3876 3894 1145 4201 
2975 2654 2976 4305 1991 1694 4308 3108 3478 
2880 2850 2991 3014 3695 2889 1281 4003 1298 
1282 4045 4027 1323 4062 1339 1356 1340 4061 
4063 4032 4021 4064 4305 1693 1694 1991 1422 
4082 4093 4094 4305 1988 1694 1693 2973 3550 
3516 4200 2353 2380 4234 2093 1129 3876 3873 
1145 4305 4308 1694 1988 3696 2889 3702 3703 
1544 2652 4200 1894 3593 3595 3594 3582 3140 
4247 4258 4244 4291 2692 1670 1666 4130 4126 
4125 4098 912 2798 164 2799 1970 4290 1969 
4299 1839 4435 1840 1838 3787 2803 2886 2859 
976 2803 3787 2802 4130 1443 4125 4126 960 
2801 161 2802 3393 3373 3395 3372 4202 4203 
4197 4204 4130 4131 4125 1443 3300 3265 310 
311 3532 692 3533 3558 4130 4098 4125 4131 
3112 2963 4159 2910 4291 2693 1670 2692 675 
3532 3530 691 288 287 2190 3687 1995 4314 
1994 1704 1870 1502 2119 2120 3277 3270 3289 
3292 277 3299 3259 3297 71 351 2186 2187 
2563 2519 3946 4473 465 482 466 3404 3592 
2883 3080 3552 3280 3271 3683 3691 4271 4275 
2961 2681 4271 1624 4275 2681 3119 3015 3836 
3861 3077 3234 3137 3060 4358 2530 2418 2388 
3472 663 3537 662 577 3477 576 609 577 
578 3483 609 3119 3128 3836 3015 3119 3855 
3836 3128 288 67 2190 287 3592 3104 3080 
2883 1236 3940 1237 1220 2563 2558 2519 4473 
4133 4102 1447 4121 1869 1500 4166 1499 2423 
2530 2548 4350 4024 4034 4030 4033 4358 4350 
3780 2530 4192 1535 1890 1531 3973 3939 3865 
3160 26 1103 1119 2231 4198 1893 4196 2107 
1482 3001 1481 1858 3612 3601 3611 3634 3638 
2283 3637 3639 3301 3265 3300 311 2404 4199 
2405 2105 288 2191 2190 67 3553 3555 707 
691 1549 117 1547 2103 4143 1472 1846 4146 
4437 2739 1818 2742 3553 3532 3555 691 1730 
88 1728 2155 4282 1637 4281 4278 514 515 
3439 531 2678 1624 4271 2681 797 3570 780 
796 797 781 780 3570 367 2186 71 351 
3265 327 3301 3266 4286 2432 2369 2537 2558 
4473 2513 2519 3048 2982 4282 3071 3592 3522 
3080 3104 1660 2693 244 1670 975 2240 17 
959 1198 3987 1215 1199 353 3314 370 354 
2835 4312 1996 1696 353 369 370 3314 3266 
3318 3265 327 4275 1624 1634 2681 4286 4299 
2369 2432 3464 537 3448 3450 682 3540 699 
683 2973 4200 2655 2652 1179 1163 3953 1164 
2576 2464 3283 2554 682 698 699 3540 1179 
3953 1180 1164 288 3687 2190 2191 3010 3044 
4397 2832 3024 4174 4177 2907 3786 3835 2895 
3807 3723 3210 3169 3124 3953 1163 3898 1164 
4286 4290 2369 4299 3898 1164 3899 3954 1180 
1164 3953 3954 2886 3787 2804 2803 4073 3062 
3110 3163 3953 1164 3898 3954 3592 3552 3080 
3522 3463 536 3448 537 3110 3183 4073 3163 
4167 4168 4164 4171 3999 4048 2957 3061 3282 
2524 2549 2562 3267 3192 2541 3161 3463 3448 
3464 537 1488 1863 4159 1862 3464 553 3463 
537 4388 1797 4387 4390 434 3376 3406 3398 
404 405 3354 421 3380 3409 437 3412 721 
3606 738 722 3407 451 3409 452 3607 3596 
3594 3595 3591 57 56 2201 1198 1214 1215 
3987 1143 3893 1160 1144 2034 1769 2033 4372 
2388 2149 4358 2152 1143 1159 1160 3893 4286 
2537 2369 4290 796 813 3570 812 3422 4445 
3357 4444 1918 1919 4240 1592 3816 3808 3842 
1076 1119 2376 2231 1103 3591 719 56 57 
3024 4167 4177 4174 891 3738 908 892 3253 
3251 3255 3694 2957 4048 2903 3061 2446 4082 
2297 2378 721 737 738 3606 804 3643 821 
805 1337 1354 1338 4059 2087 2399 2090 4248 
3844 3762 3842 3789 4231 2401 2353 4230 4223 
4225 3498 4226 3591 2201 56 3579 3999 3061 
3019 4048 3519 3501 3535 4204 3019 3061 2903 
4048 3253 3694 3255 275 3576 717 716 700 
3078 4243 3081 2920 125 2089 2263 1594 3994 
3211 3172 4009 3576 3589 716 717 256 2831 
2669 1591 2135 2047 1795 2136 4378 2048 1791 
2049 2507 2309 2417 3513 804 820 821 3643 
4375 4378 4376 2044 2957 4071 3999 3123 4331 
4337 4335 2008 1719 4337 4331 2008 4151 2504 
2269 4145 3026 2853 3548 2885 3024 4175 4177 
4167 3050 3117 3771 3180 3973 1202 1218 1201 
1548 2652 1544 1894 942 959 3785 958 1720 
2010 1721 4333 396 3334 3332 3341 942 959 
943 3785 2505 3988 2510 3951 3024 2907 4177 
4175 3415 2619 3361 3411 3576 3574 716 3589 
641 3480 657 658 3960 1170 3934 3961 4151 
2342 2269 2504 4281 2982 4282 3048 1664 2691 
2690 4293 1105 3862 1122 1106 2428 2167 4308 
2430 3865 3939 3938 3160 4317 1707 2707 2704 
3559 3558 3561 3584 4151 4153 2269 2342 3491 
600 582 601 455 439 438 3382 3576 700 
716 3574 1105 1121 1122 3862 4422 1459 4426 
4425 4422 1832 4426 1459 3934 1170 3960 1169 
4051 4052 1331 4050 3769 2891 3021 2890 4151 
4145 2269 4153 2394 4469 3997 4467 3999 4074 
4067 4071 4422 4423 4426 1832 3816 3808 3229 
3230 4443 2641 1826 2128 3807 3812 3759 3813 
1826 2641 4443 2640 390 3338 407 391 3469 
3480 3470 3103 390 406 407 3338 3821 1112 
3871 1111 4422 4425 4426 4423 1109 3869 1126 
1110 1167 3901 3931 3903 1109 1125 1126 3869 
3266 3269 3262 3249 1028 3814 1011 1027 3592 
3619 3522 3104 4167 4174 4168 4177 2797 2796 
3702 880 878 4127 3696 4126 4127 4128 2795 
2888 2797 2889 3702 2796 880 2796 166 2797 
1265 4465 3958 4468 2856 2888 4096 4127 2797 
3746 3702 2889 4317 4322 2707 1707 4359 4354 
2937 3091 3769 2890 3021 3703 4317 2988 2707 
4322 4257 1614 1935 1936 4245 1924 4240 4246 
3301 280 279 3263 3682 3263 3663 295 4317 
2704 2707 2988 3720 3729 3728 3713 2717 4346 
1737 4345 4290 2180 1966 4287 1006 1005 3804 
3797 2728 1778 2036 4374 4102 4087 4132 3710 
4359 3091 4360 4355 280 295 3263 3691 3462 
536 3463 552 3994 4005 3991 3993 1573 1577 
122 2096 1934 1612 2085 2086 3301 3263 3302 
280 3426 3427 3353 3352 3207 2612 3202 2619 
3509 3920 3511 594 3771 3775 3050 3232 3722 
3713 3733 3735 3470 3480 3059 3103 1146 3896 
1147 3878 3918 3920 3466 3452 3994 3196 3991 
4005 2836 3240 3654 2948 3484 3492 3910 3433 
3994 3200 3991 3196 3471 3434 3487 3473 3387 
3370 426 3366 726 3585 710 3584 3561 3562 
3559 3584 4241 1592 1919 1593 4290 1657 1966 
2180 3469 3103 3470 3479 557 3467 574 558 
3998 2613 2552 2583 2136 1793 2051 4383 3694 
3251 3679 3240 3470 3103 3059 3479 4290 1965 
1966 1657 1028 1012 1011 3814 4290 4287 1966 
1965 455 3382 438 454 3323 3158 3310 3321 
1006 3805 3804 3832 3803 3804 3796 3755 461 
3421 444 460 2531 2525 4329 2427 3612 3587 
3611 3601 2136 99 2051 1793 461 445 444 
3421 2507 3513 2417 3475 2408 2541 3161 3273 
2408 4158 3161 2541 3463 536 3462 3448 4094 
4070 4093 3734 2408 3042 3161 4158 3657 3246 
3240 3251 2408 3273 3161 3042 3465 3451 3464 
3449 2531 4471 4329 2525 2850 3478 2880 3477 
2136 2272 2051 99 26 2231 1119 27 3464 
3451 3450 3449 2136 4383 2051 2272 3768 2602 
2498 3736 2594 2499 4028 2494 1359 4065 1358 
1375 3513 3475 2507 3436 3290 334 350 333 
3290 3320 350 334 1730 2155 4339 2156 1387 
4079 1388 1372 2944 2742 4437 2741 3168 3698 
3016 2991 4362 4355 4360 3091 1919 1920 4241 
1593 1371 4079 1387 1372 4396 1803 4392 1804 
2779 3480 2878 2881 4437 2742 2944 2739 2020 
4354 4359 4355 2378 4082 2250 2379 3290 3306 
350 3320 4240 1918 1586 1587 3768 2468 2498 
2602 3083 4304 2930 4303 4251 4253 4247 4252 
4155 1855 1483 1482 3201 3204 3323 3298 1674 
1981 1675 4302 2531 3823 4329 4471 767 60 
59 3639 3768 3736 2498 3755 4155 1856 1483 
1855 3118 3119 3886 2861 4255 2086 2085 2350 
2132 1804 4396 2134 256 1921 257 2831 1658 
2688 1963 2689 2395 4268 4280 4276 4155 4157 
1483 1856 4390 1803 2054 4392 3992 4004 4040 
4041 1737 1741 2714 2014 4065 2253 4066 2339 
4155 1482 1483 4157 1844 1832 4423 1831 1327 
4037 4046 1311 1459 4422 1458 2639 7 1407 
8 2250 4200 1544 1545 4202 1841 4426 4144 
4147 2748 1858 2749 2963 2714 1741 2715 2014 
2641 4421 1457 2129 134 1829 1457 2129 4339 
1734 1730 2156 2128 4421 2641 2129 4210 4211 
4209 3482 3992 4011 4040 4004 4200 1894 1545 
1544 3992 4041 4040 4011 3545 3578 3544 3576 
4341 4345 2715 2014 767 3639 59 751 1731 
4341 2715 2014 3492 3493 615 3520 1869 4166 
4162 4165 3258 3667 3682 3665 2534 2464 3632 
3570 814 3651 3650 830 830 3672 846 3673 
418 419 3378 435 458 3419 441 457 3787 
992 976 993 458 442 441 3419 724 3596 
707 723 2714 4345 1737 2014 724 708 707 
3596 4200 4197 1545 1894 1250 1233 1249 4468 
3903 3957 3931 1167 2715 4345 2714 2014 2056 
219 2837 1816 4200 4202 1545 4197 3905 562 
3907 605 1308 1325 4045 1324 1513 1879 2113 
4172 4434 1464 4436 2633 4434 2633 4436 4404 
418 3349 3378 419 1199 3989 3971 3987 3458 
3909 3907 563 4286 4296 2538 2997 2478 2587 
3768 2609 603 564 3909 602 3262 3269 3226 
3249 2697 1979 2696 1682 2087 2397 4254 2088 
4228 2914 2662 2830 905 921 3753 904 4296 
4286 2538 2533 1575 1576 4233 1913 2201 3579 
2202 56 3550 4197 3516 4200 3565 4204 2475 
3222 4037 1310 1327 1326 489 3357 3418 3413 
1509 2116 2115 1876 1889 1528 4190 1890 2531 
2427 4329 3823 3946 3998 3996 3952 2326 2238 
2293 3798 3268 3192 3170 3189 2776 3477 2777 
608 2306 2282 3604 2200 2306 2506 3604 2282 
4002 4009 3999 4008 418 3376 3378 3349 3458 
564 3909 563 2582 3274 2576 2586 3458 564 
547 548 4181 2647 1521 1530 4296 4302 4295 
4298 2306 3578 3604 2506 4358 4350 2423 4353 
1551 1900 4210 4207 2907 2829 4181 2647 1551 
1901 4210 1900 1551 4209 4210 1901 1551 4207 
4210 4209 4350 4352 2423 4353 3769 2801 2858 
2800 4332 4339 2416 4344 1832 4426 1459 1833 
859 3684 3683 292 2415 4401 4398 4424 3278 
3305 3280 3271 4420 2076 1826 2075 4389 4392 
2361 4396 4431 1463 1836 4432 4174 1877 1517 
1516 4174 4177 1517 1877 3678 3655 3654 3657 
3333 3313 2509 3369 3263 295 3682 3691 284 
3689 285 290 3239 3298 3166 3157 2488 3476 
3514 2308 3475 3510 3509 3511 492 509 493 
3422 4462 3132 3122 4481 3166 3298 3201 3157 
2246 2336 4113 2333 3353 501 485 502 2698 
2701 4303 2987 3561 693 694 710 302 3241 
3694 3678 3304 3312 3329 3298 1156 3890 3927 
1157 1058 1059 3838 1075 486 3353 485 502 
696 713 3566 712 3329 3312 3323 3298 1359 
2252 5 2253 1166 3901 3931 1167 3822 2557 
2457 2618 4022 1289 4026 1288 2246 4139 4113 
2336 4163 4166 4162 4160 4155 1478 1477 1849 
3566 713 697 3569 2834 4321 4320 4322 830 
3673 847 831 4359 2719 1753 2718 2426 2164 
2427 4318 946 947 3772 963 2246 4115 4113 
4139 4431 1462 1836 1463 2246 2333 4113 4115 
1643 1955 4282 1956 4431 4428 1836 1462 4359 
4360 2020 4355 163 928 164 2799 93 1760 
2145 1758 2021 4355 4357 1744 3585 3598 3562 
3584 909 926 910 3757 3883 1134 1117 1118 
2598 3733 2569 3735 348 3306 365 349 3459 
3441 3458 3440 4282 1955 1637 1956 348 364 
365 3306 2775 607 576 187 3806 2860 3807 
2893 3807 2860 2895 3036 4341 4348 4345 2014 
3520 3495 3492 3473 535 536 3446 3462 2878 
2950 3059 3480 3595 3596 3594 3555 3291 3689 
3289 3688 3328 3339 3359 3312 3360 3312 3329 
3369 4431 4432 1836 4428 432 2765 198 197 
848 2754 3676 3652 4259 4266 4265 4269 2481 
2348 4311 2365 3059 3103 3155 3479 2334 4266 
4258 4269 3419 457 473 3417 2698 1685 4303 
2701 535 519 3446 536 3139 3220 3488 3236 
3311 3312 3327 3298 3419 474 473 457 2623 
3268 2626 3217 1484 2124 4157 2121 1022 3832 
1039 1023 3108 3103 2880 3478 3327 3312 3304 
3298 432 416 198 2765 2626 3268 2623 2629 
3419 3418 473 474 3815 1029 1028 3814 2698 
4307 4303 1685 3510 3507 636 652 3927 3964 
3937 3962 2698 2987 4303 4307 3419 3417 473 
3418 3442 3430 3433 3429 1323 4060 1339 4062 
3430 3442 3433 3434 4217 4220 1904 1557 1903 
1556 4217 1557 3699 3710 3695 3709 2424 2158 
4340 4333 4261 3084 2868 4262 2029 1768 4368 
4371 2144 1770 2422 2031 2727 1767 2724 4371 
1481 3001 2749 1858 2428 2168 4308 2167 3615 
750 734 751 3443 533 532 516 3916 3434 
3914 3495 2611 2622 3994 2583 1933 1604 4255 
1934 2424 2425 4340 2158 2033 1768 4371 4372 
2032 4371 2033 1768 1944 1621 4267 1945 144 
2819 1248 1232 4305 4303 4304 4307 2081 4270 
2357 4269 3793 3801 3791 999 2424 4333 4340 
4325 4308 2365 4315 2165 1073 1090 4460 1089 
3769 3700 3747 3772 2684 4281 2685 3048 1636 
1640 248 2682 3492 3473 3495 3434 3492 3434 
3914 3433 1090 1073 4460 4461 2174 1677 79 
1978 4284 4278 4280 1953 3443 3459 532 533 
2174 1978 2173 1677 2173 1978 1669 1677 4073 
3183 4072 4076 2448 2331 3745 2470 40 2218 
3396 2217 68 319 69 2189 1809 2058 2057 
4405 3999 3123 4071 3062 972 956 3782 3785 
732 3588 731 3613 144 143 1248 2819 3138 
4385 4410 3044 3226 3269 3287 3268 1638 1952 
4278 1953 423 440 3384 439 3612 3613 731 
3588 3525 3602 3575 3578 3293 287 2189 319 
3205 3183 3172 3211 2097 2355 4227 4226 3395 
447 431 3396 2220 415 38 3374 604 3909 
3907 3486 2217 2318 3396 3425 3605 3619 3592 
2852 3276 2463 2476 4191 2534 2554 2539 3632 
3667 3669 3683 3668 4191 4196 2356 2405 3564 
3524 3568 3525 4305 4313 4304 4303 909 3757 
3756 925 2097 2100 4227 2355 4333 1724 1721 
2157 2097 1565 4227 2100 978 3788 3787 994 
3837 3813 1026 3807 2097 4226 4227 1565 1105 
1089 1088 4460 4305 4306 4304 4313 1194 3966 
3981 3967 3838 1074 3786 4459 3838 3813 3839 
3840 4320 4323 2001 4322 429 413 412 3371 
3056 3127 3079 4292 3443 3441 532 3459 3745 
926 943 3785 3723 3712 3213 2561 3745 927 
943 926 3724 4069 4088 3710 1073 1072 1089 
4460 996 3799 995 3814 907 3754 906 923 
3699 3724 3720 3717 3079 4300 4307 2984 1280 
1296 2822 141 81 1684 1688 2170 4325 4322 
4319 3760 3443 516 532 3441 1328 1344 4047 
2825 2986 2699 2696 1678 3174 3191 2570 3176 
2140 1781 4379 4373 3838 4459 1058 1074 3306 
3319 3303 3269 2140 2137 4379 1781 2140 2385 
4379 2137 3651 3672 830 3673 3745 2242 943 
927 429 3371 412 428 4329 4327 4318 4328 
2140 4373 4379 2385 3786 3813 3837 3807 3745 
3785 943 2242 2750 2842 4161 2751 2906 3073 
3018 3314 2232 25 1087 2233 3626 3624 757 
773 2658 4224 2659 2917 2840 3240 3238 3247 
4305 4307 4304 4306 2564 2437 2490 3922 440 
3417 457 441 1719 4324 4337 4326 4249 2670 
2673 2921 1967 4289 4288 4294 757 3624 756 
773 2541 2408 2551 3273 3357 3413 3353 3352 
4193 4185 4188 1532 433 3397 3406 3376 434 
3408 435 3398 4249 1601 2673 2670 2310 2287 
2211 3455 2840 3057 3238 3240 4193 4186 4188 
4185 2776 608 2777 186 4235 4236 2959 2666 
3286 2586 3282 3224 4193 4194 4188 4186 2659 
4224 2918 2917 3198 3405 3197 3130 2840 2843 
3238 3057 3254 3249 3260 3251 4346 4355 4348 
2935 3650 3671 3651 3283 2840 3247 3238 2843 
1697 1696 4312 1989 3815 1029 3814 3818 2593 
3214 2597 4070 3765 4327 4329 4325 1992 1991 
4308 1694 1992 4315 4308 1991 3969 3985 3949 
3984 433 3406 434 3376 4355 4346 4348 4347 
1405 1406 1389 4081 3724 3734 4089 3212 4077 
1383 1367 1384 1697 1993 4312 1696 426 3366 
409 425 1697 4313 4312 1993 2370 4276 2508 
2527 2538 2527 2508 3141 3542 3574 700 3543 
791 3556 774 790 2593 4070 2597 2544 1697 
1989 4312 4313 3542 3543 3539 3574 3720 4105 
3728 4120 4408 4413 4395 4409 3724 3713 3720 
4105 1992 2165 4308 4315 4408 2067 4395 4413 
3899 3897 3898 3954 4388 1802 2053 4390 4432 
1836 1840 1837 1162 3896 3929 1163 2268 4148 
2125 2126 3873 1112 3874 1113 4320 4324 2004 
4323 1992 1694 4308 2165 2971 3040 4398 3010 
4408 4394 4395 2067 2659 4224 2658 4216 4219 
4220 4221 4227 4408 4409 4395 4394 2082 1946 
131 1627 2753 4164 1871 1497 3816 1109 3867 
1108 4202 3482 4209 4204 2967 4303 2700 2701 
3929 1162 3894 3896 1418 4079 1417 4090 4219 
4212 4221 4220 4055 4009 4002 4056 3983 3984 
3982 3967 3036 3811 3020 3786 4249 4250 2673 
1601 4219 4222 4221 4212 4219 4227 4221 4222 
440 456 457 3417 3746 2890 2857 2798 4029 
4015 4024 4061 4128 4096 4127 4095 4219 4227 
4226 4225 4383 2047 2135 2136 2082 4272 2357 
4270 4168 2645 1877 4174 1787 2138 98 2043 
3078 4245 4243 2919 3537 3523 3517 3534 3614 
3637 3615 3638 787 804 3548 803 3651 3671 
3674 3283 789 3556 773 3624 3587 3573 3567 
3601 4057 4018 4056 4058 426 410 409 3366 
4210 4219 4217 4220 3464 3916 3463 3915 1819 
2069 2068 4404 1945 1621 4270 1622 3617 3623 
3234 3245 788 3556 789 3624 3593 706 705 
3581 3608 741 725 3609 2943 2736 4386 2832 
2219 2289 2220 3374 1979 4307 4301 4300 1979 
1980 4301 4307 3302 3271 3263 3266 2502 2544 
4028 4070 3842 1076 3840 1077 4284 1638 4278 
1953 4249 2921 2673 4250 830 846 847 3673 
3762 3790 3761 3763 57 3603 735 58 1522 
4176 4181 4182 3118 3938 3149 3160 3764 3762 
3820 3846 4244 4250 1607 2979 487 3353 3446 
3357 2627 2622 3994 2628 4248 1597 4246 1925 
1658 2688 245 1654 1906 1562 2661 4223 4091 
4079 4070 4081 1522 1521 4181 4176 1979 1673 
4301 1980 4243 1927 4245 4251 4282 4273 3105 
4276 1608 4244 4257 4252 3994 4015 3998 4024 
4335 2710 2962 2711 970 3782 3794 3796 57 
719 735 3603 3817 3762 3824 3846 3824 3762 
3764 3846 4336 1732 4338 4342 3654 3241 3678 
3240 1522 1885 4181 1521 3630 775 4451 4452 
3226 3268 3287 2616 3627 3630 4451 743 698 
3572 3540 3569 2287 3454 2435 2438 1979 4300 
4301 1673 4246 4248 4242 4253 1602 4252 1932 
1603 1906 2661 1572 2660 3543 685 669 3545 
4242 4253 4254 4247 4147 4426 4144 4427 4234 
1914 1577 2093 2330 2351 2092 4238 487 503 
3446 3353 1706 2164 2000 1710 2684 1642 4281 
2982 4398 4427 4423 4147 3595 3522 3552 3592 
3595 3554 3552 3522 4144 4427 4398 4147 1843 
4144 4140 1468 362 3319 346 3303 1522 4182 
4181 1885 3421 445 3392 3423 2637 4425 1460 
2638 487 504 3446 503 1336 4056 1337 4058 
3595 3582 3552 3554 786 803 3548 802 487 
3357 3446 504 4441 4429 4440 2637 528 2772 
3456 3437 1513 111 1509 2116 1053 1054 1038 
3853 3554 3534 3559 3558 945 3769 928 944 
82 2168 1694 2165 3908 3910 3458 3440 708 
3583 725 709 997 3800 998 3790 3732 3739 
3725 3740 4326 4328 1715 4323 945 929 928 
3769 1183 1167 1182 3931 1403 1404 1387 4079 
1178 1162 1177 3948 3468 3453 3467 3454 4308 
2168 2428 2165 1690 2168 1694 82 4069 4079 
4088 4077 3471 3487 3432 3469 3471 3433 3432 
3487 4094 4082 4070 2514 1391 4082 1390 1407 
666 3540 665 682 708 3583 709 3558 4326 
2006 1715 4328 4326 2005 1715 2006 2977 4250 
2673 2921 3597 3583 3559 3584 4326 4323 1715 
2005 560 561 3456 3904 4029 4080 2605 3211 
1835 4428 1462 1836 4387 1798 2050 4391 4385 
2832 4393 4403 791 775 774 3556 925 926 
3757 3741 3596 3555 3595 3583 2385 2454 2420 
4373 1749 4360 2020 4359 1725 1735 2713 233 
4359 2023 1749 4360 708 724 725 3583 1055 
23 2235 3854 3734 3743 3725 3739 3732 3731 
891 3738 3986 3987 3970 3988 3720 3699 3721 
3713 3958 3990 4006 3991 2415 4401 4410 2361 
3115 4083 2888 2953 1570 4226 4229 4230 560 
544 3456 561 1526 2646 1530 267 3024 3041 
2907 4175 2602 2591 3768 2587 4188 4191 4190 
4189 2867 2916 4186 3085 4193 2974 3550 2916 
3883 3899 1150 3901 1157 1141 1140 3890 3884 
3902 3883 3901 2081 1946 1629 2082 3997 2381 
2546 4036 2631 3205 3204 3208 4230 2093 2353 
4234 3595 3592 3552 3582 2776 576 2775 3477 
3523 3524 3517 3535 4042 4013 4055 4057 3989 
1215 34 1231 1157 3890 1140 1156 163 162 
944 2800 3438 3440 3457 3439 4188 4189 4190 
1527 423 3355 406 422 4189 1528 4190 1527 
1691 1692 4303 1989 1155 1154 3925 3887 3989 
33 34 1215 4185 1526 4188 1888 3471 3484 
3432 3433 3077 3522 3080 3528 2261 113 1880 
112 423 407 406 3355 1540 4198 1541 1893 
3989 2224 34 33 1151 3901 1167 3903 1538 
4194 1539 1891 2296 3743 2333 2245 163 2800 
944 928 3471 3469 3432 3484 976 992 3787 
2803 3856 3872 3857 3875 1496 1869 4166 4160 
997 1014 3818 1013 3839 1075 3840 1076 1752 
4364 2025 2147 3989 1231 34 2224 1496 1870 
4166 1869 760 743 759 4451 3883 1150 3884 
3901 3757 926 3745 3741 3167 4266 2515 2409 
2911 4400 4437 2944 1846 4143 1845 1472 1496 
2119 4166 1870 1155 3887 3925 3888 4003 1281 
1264 1265 3512 3511 3920 593 2052 4388 4386 
1801 2928 4310 2930 3051 4003 1280 1264 1281 
1700 1989 1691 2703 1948 1625 4264 4267 3769 
2799 928 2800 1372 4081 4021 4079 933 3773 
950 934 1715 1716 2003 4328 2002 4323 2001 
1714 826 810 809 3647 3931 3902 3930 3956 
4110 4116 4113 3743 4337 4326 4324 4325 933 
949 950 3773 4003 2821 1264 1280 2382 2395 
4280 4276 2508 2270 4283 2371 3956 2433 2323 
3902 3769 928 944 2800 3512 3921 3920 3922 
3815 1030 1029 3818 4108 1435 1419 1436 3968 
3967 1195 3984 4283 2371 2270 2184 3220 3134 
3470 3481 310 327 3265 326 3981 1226 3980 
1225 4283 2370 2508 2371 1496 4160 4166 2119 
4313 1989 4312 4303 3512 593 3920 3921 225 
2729 1782 1772 2145 1760 2028 1758 3220 3479 
3470 3134 3709 3011 3774 3712 2913 2750 4161 
4164 3770 3011 3774 3709 2913 2842 4161 2750 
3378 420 3380 436 3227 3224 3267 2586 670 
687 671 3546 3326 375 374 3317 2913 3054 
4161 2842 3227 3224 3233 3267 3537 3567 3538 
3539 3907 3909 604 563 3262 3272 3226 3270 
3353 3443 517 518 460 444 443 3421 3460 
3444 3443 3445 1418 4091 4090 4106 3220 3472 
3470 3479 3462 3430 3463 3448 4339 4344 1733 
1734 3626 742 3627 758 1376 4071 1393 1377 
2913 4164 4161 3054 2220 2289 3342 3374 3548 
3556 788 3624 1178 1162 3948 3929 1276 1275 
4030 3997 1276 1292 4030 1275 1392 1408 2792 
171 1276 4033 4030 1292 1061 1078 1062 3843 
1418 1435 1419 4106 1276 3997 4030 4033 2888 
4083 4095 2953 3283 3221 2576 2554 3765 2591 
2474 3215 1376 1392 1393 4071 1330 1347 1331 
4051 3663 295 3263 296 3958 3033 4003 3003 
2927 2966 4288 2997 4214 1902 1555 2102 1419 
4091 1418 4106 417 434 3376 433 3003 3038 
4000 3187 4214 1553 1555 1902 4071 2855 2792 
2854 2576 3221 3276 2554 3169 3210 3723 3213 
4362 4365 4363 4367 4086 3213 4089 3210 974 
3785 3798 975 3552 3529 3551 3527 3814 3800 
3818 1013 4089 3213 4092 3210 4214 2101 1555 
1553 3898 3897 3929 3953 2964 4083 3115 2953 
4388 4390 4387 4389 4408 4414 1812 4413 3873 
1112 3871 3874 4417 4420 2396 4443 2055 1799 
4392 2133 2363 4344 2416 2156 3286 2590 2577 
2616 1479 1480 4156 1856 2748 1865 212 1487 
2743 4435 2838 2911 394 3340 3330 3339 460 
3421 443 459 3293 318 3309 286 2995 4375 
3086 2941 2787 769 768 3618 3548 2853 3617 
3549 1648 1652 2686 1959 769 3618 3548 3620 
3618 3619 3548 3620 3828 3827 3848 3764 1208 
1192 3979 3980 2787 3548 769 3618 4214 2102 
1555 2101 3828 3849 3848 3827 4086 3710 4067 
4068 4133 4103 4102 3724 3702 880 896 2797 
3338 390 3326 391 1381 4075 1398 1382 4132 
4085 4101 3710 4336 2012 1732 2011 3545 3577 
702 3546 3220 3481 3470 3472 616 632 3520 
615 3886 3119 3118 3855 1381 1397 1398 4075 
3874 3879 3876 1114 4280 4279 4268 4272 3050 
3180 3771 3032 3697 3152 3142 3063 1524 113 
2111 1525 3016 3698 3168 3021 3484 3485 3483 
3486 3702 897 896 880 3702 3746 896 897 
2445 4029 2594 2600 3702 2797 896 3746 616 
633 3520 632 1400 1384 1383 4077 3997 4033 
1277 1278 4258 2515 2334 2349 616 3494 3520 
633 3488 3497 3139 3498 3628 3221 3283 3632 
3357 4447 3450 3448 2300 4035 4046 2340 1815 
2064 2271 102 4385 3044 3138 3009 2993 2932 
4371 3116 616 615 3520 3494 1786 2042 2041 
4379 4186 3550 3137 3085 3550 4194 3565 4197 
2257 0 1 1295 2340 2254 4046 2255 3150 
3198 3345 3199 3198 3150 3345 3405 496 2769 
193 2770 2450 2341 2300 4036 4186 3245 4189 
3023 3725 3738 3732 3740 1890 1529 4192 1531 
2663 260 1568 1578 3277 3270 3281 3289 1540 
1892 1539 4194 1543 2106 2105 1896 3590 3603 
3577 3578 4195 4196 4191 4198 3647 3563 808 
3645 3647 809 808 3563 294 281 3280 3691 
3647 825 808 809 3489 644 3485 628 3276 
3221 3632 2554 2376 1119 3884 1118 294 293 
3280 281 4379 2138 1787 2043 1780 4373 1781 
2038 2728 1778 1782 2036 2762 201 368 384 
3632 3221 3283 2554 3661 838 822 3662 294 
3683 3280 293 3151 3098 3238 2998 2376 2230 
3884 1119 3151 3242 3238 3098 3278 280 3302 
3263 3566 3569 3538 3567 3756 3741 3757 3742 
2717 2989 2716 4345 294 3691 3280 3683 2376 
3885 3884 2230 3858 3209 3950 2578 3796 3782 
3794 3755 3857 3877 3872 3943 3894 3942 1160 
1161 3151 3248 3238 3242 1159 1143 1142 3892 
4063 1341 4021 1340 1176 1193 1177 3942 1400 
4077 1383 1399 3151 2998 3238 3248 524 525 
4449 4450 3405 3150 3321 3344 2085 1604 127 
1612 2574 2462 3734 2471 938 955 939 3782 
3405 3345 3321 3150 2376 1118 3884 3885 3405 
3237 3321 3345 3082 3053 4215 3236 702 3577 
3545 3576 4045 4062 4063 4027 1481 1858 2749 
1491 3260 3317 3316 326 3614 3590 3604 3603 
2699 241 2696 1678 2382 2078 4284 2077 3405 
3344 3321 3237 3798 991 2238 1007 3327 376 
359 3318 4309 1985 1688 1687 2714 1737 2717 
231 3327 375 359 376 2102 1559 1902 1555 
557 573 574 3467 1719 4324 2004 1718 4351 
4355 4347 1744 3082 2918 4215 3053 1948 4279 
1632 1949 524 4449 507 4450 4280 4276 4268 
4279 506 4448 523 507 3327 377 376 3318 
432 3403 433 3397 3260 3297 3246 3299 3614 
3615 734 3603 3383 3384 3359 3385 3417 3400 
3386 3328 3328 3312 3360 3369 417 3376 434 
418 3082 3482 4215 2918 4439 1822 4411 4440 
4439 2071 4411 1822 3011 3775 4343 3050 3082 
3236 4215 3482 969 953 3777 3781 3401 443 
3390 3421 4439 4440 4411 4407 3346 3343 2871 
3397 3171 3147 3203 3310 424 441 3385 440 
424 441 425 3385 492 4445 3422 4444 3267 
3161 3156 3192 2442 2529 3277 2562 3577 718 
702 719 485 3410 484 3353 1016 3826 1033 
1017 509 4445 508 4449 425 3386 3385 441 
2041 1779 4373 1780 3468 2310 2211 3455 3510 
652 668 3507 910 893 909 3742 4110 3743 
3734 3739 3327 3317 359 375 508 4444 507 
4449 763 3633 746 762 1447 4121 1448 4133 
4085 3710 4087 4068 3772 946 3769 930 3710 
3724 3699 3717 741 3626 758 742 1016 1032 
1033 3826 3178 3111 3868 3229 2321 2376 1102 
1103 3178 3149 3868 3111 4059 4018 4014 4058 
3994 2622 2627 4024 3327 3318 359 3317 3946 
3998 3994 3996 518 3353 501 517 4021 4061 
1340 1356 2041 4374 4373 1779 1901 4220 4210 
4217 3769 914 3772 930 2041 4379 4373 4374 
3759 3069 2860 3036 3178 3229 3868 3836 3772 
932 3773 948 4388 1797 2052 1796 4379 2273 
4383 2135 3890 1141 3866 3869 1032 1016 1015 
3825 332 3290 3285 3306 2041 1780 4373 4379 
741 757 758 3626 3979 3941 3937 3865 63 
831 64 2194 826 3647 809 825 2504 2545 
2452 4424 3840 3842 3839 1076 3903 2228 2323 
2227 4240 1591 1918 1592 3485 3489 3486 3484 
1607 2672 253 2675 1215 33 32 3989 3485 
628 3486 3489 3952 1226 3945 3983 4021 4079 
4028 4010 3951 3988 2510 2393 4378 4376 4384 
4377 4278 1952 1637 1951 507 4444 3357 4449 
3866 1141 1125 3869 4378 2048 4384 4376 3335 
2467 3313 3342 468 452 451 3407 3945 1255 
3995 3963 3979 3965 3937 3941 3488 3472 3520 
3474 3627 3625 3564 3609 1270 3963 1269 1286 
3594 3596 707 3555 4378 4387 4384 2048 1334 
1351 4055 1350 4378 4377 4384 4387 3015 2897 
2955 3861 1026 3838 3837 1042 4380 2045 2044 
1785 1334 1351 1335 4055 4021 4082 4028 4081 
3144 3808 3230 3064 3759 2893 2860 3069 4268 
4277 4264 4279 4380 4378 2044 2045 3759 3807 
2860 2893 4380 4375 2044 4378 2504 2545 4158 
2526 707 3582 3594 3555 4071 2854 3109 2855 
1392 2792 4071 2791 2658 2917 2972 4223 518 
502 501 3353 1159 3892 1142 1158 3498 4226 
4229 4223 4380 1785 2044 4375 2661 1562 2658 
4223 2024 2025 1751 4361 2001 4317 2002 1708 
3979 3977 3937 3965 2898 4312 2928 4310 1998 
1708 1999 4317 3759 3036 2860 3807 573 574 
3921 593 2713 1735 4334 2712 3979 3865 3937 
3977 573 3467 3921 574 2658 1562 2661 261 
2083 4257 2084 4258 4240 1586 1915 1587 2658 
4224 4223 1562 2028 4370 1763 1764 506 490 
3357 507 1457 2127 134 2129 3279 330 331 
3319 2026 4366 2722 4368 2718 2721 4359 2937 
2264 4421 2128 2129 4196 2107 2356 2405 2127 
4421 2264 2129 573 3920 3921 3467 1903 4224 
2658 1562 3594 3582 3595 3555 707 3555 3553 
3582 3240 2983 2990 2948 3335 2221 2185 2277 
4066 2254 4046 2340 3358 3218 3328 3360 4344 
2363 2548 2389 2300 2255 4046 4036 875 3707 
4124 4125 2033 1774 2034 4372 573 593 3921 
3920 276 3297 275 308 3279 3305 331 330 
3243 3274 3221 3245 3682 856 3664 3666 2895 
2896 3786 3020 3487 3434 3471 3433 4344 2479 
2548 2363 4344 4343 2548 2479 3682 3663 3664 
856 885 901 886 3716 400 3346 416 417 
2761 352 368 202 468 3407 451 467 4344 
2389 2548 4343 400 3346 2763 2764 3255 3297 
275 276 3399 3409 3380 3379 3708 3707 3705 
4125 3587 714 3572 715 3912 600 566 567 
3612 3634 3613 3601 3109 3164 4067 3188 3539 
3542 668 3543 4067 3164 3109 2964 3682 3665 
3664 3663 3682 3666 3664 3665 816 832 833 
3652 3089 3242 3135 2983 3973 3962 3974 3961 
2384 2439 3885 2324 1127 1144 3871 1143 1169 
1170 1154 3934 1210 1226 3981 1225 3894 3943 
3893 3942 2836 2983 3240 2948 3730 905 889 
906 3139 3236 3488 3498 3350 419 3378 3349 
2930 4303 4310 4312 3110 3188 4067 4072 3110 
3109 4067 3188 2444 3743 2296 2470 4045 1324 
4063 4062 4184 1887 1523 1524 3110 3062 4067 
3109 2021 4360 2020 1750 3052 4242 3176 3185 
866 3742 4116 3739 3402 446 3393 3395 911 
3758 895 3744 1750 4360 2023 2024 949 933 
932 3773 3110 4072 4067 3062 3279 3285 331 
3305 2319 3374 3373 2289 395 3340 394 411 
3364 409 3363 3339 3564 3601 3524 3525 3730 
906 889 3731 3568 3519 3635 3525 3539 3525 
3573 3575 3564 3598 3524 3599 4187 4185 4188 
4186 3685 3686 288 863 3207 2620 2612 2619 
4065 1342 4064 1343 4064 4066 4065 1343 865 
3742 4116 866 2219 3374 2319 2289 4066 2253 
4065 1343 4187 1526 4188 4185 4417 4425 4442 
4443 3279 3319 331 3285 4190 1534 1535 4196 
2189 3294 2279 3295 3387 442 3400 441 289 
290 285 3688 469 452 468 3410 3448 3450 
3357 3449 3603 2199 58 2200 1032 3825 1015 
1031 3492 3520 3488 3493 4177 1878 1511 4170 
1065 1049 3847 3849 3343 3348 3376 3349 408 
3364 425 409 3475 3514 3510 3511 4177 1877 
1511 1878 3483 605 604 578 4187 4186 4188 
4189 1430 1414 4085 4087 1066 1083 1067 3849 
3092 3097 3641 3616 4190 1890 1535 1534 4190 
4192 1535 1890 3092 2990 3641 3097 184 640 
2778 2779 2783 704 2782 3580 3838 1075 1059 
3840 3092 3244 3641 2990 949 3773 932 948 
1267 1284 1268 4006 3092 3616 3641 3244 4001 
4004 4051 3990 1238 3940 1254 1255 3196 4005 
3994 3172 4006 3991 4000 4011 3376 3347 3343 
3349 3996 3963 3993 3940 4182 4175 3023 4178 
2331 2296 3743 2470 1688 2167 1690 81 1286 
3963 1285 4011 1036 3830 1019 1035 2386 2522 
2355 4226 2331 3758 3743 2296 4186 3102 3023 
2833 1255 3940 1254 3963 1899 1898 4205 1546 
4179 4184 2261 2337 1036 1020 1019 3830 3156 
3267 3233 3273 2383 2114 4179 2113 3995 3963 
4022 3996 4190 4196 1535 4192 2586 3274 3649 
3224 2331 3745 3743 3758 641 3480 624 640 
641 625 624 3480 408 424 425 3364 3750 
3716 885 3707 2116 4172 2115 1876 3949 3943 
3929 3967 1666 1975 1667 4300 3750 901 885 
3716 3638 2198 2392 2283 4155 4154 4149 4150 
1512 1875 1511 4170 1512 1876 1875 4170 2331 
2470 3743 3745 3522 3557 3549 3625 3750 900 
885 901 3750 3707 885 900 3452 2438 3431 
3454 1738 4349 1739 2015 636 3510 3509 3507 
4342 4352 4343 4349 1738 2014 1737 4348 2332 
2517 3745 3785 4362 4365 4361 4356 3431 2438 
2555 3454 3212 4105 3728 3713 4137 4118 1451 
4108 2717 1737 2714 4345 2628 2632 2631 3205 
401 3336 400 3346 3217 3313 3334 3335 2332 
2295 3745 2517 3420 3421 3419 3388 3390 3421 
3392 3388 3380 437 3381 3412 1520 1877 4174 
1516 3564 3599 3631 3610 650 3507 634 3499 
2714 2989 2717 4345 3775 3011 4343 3779 2332 
2242 3745 2295 2332 3785 3745 2242 3520 3473 
3488 3474 2715 4341 2989 4345 3647 3563 3628 
3570 2219 2220 38 3374 3607 722 3606 3594 
2715 2989 2714 4345 3548 3642 802 803 4187 
2833 2915 2646 784 800 2788 175 1520 2645 
4174 1877 779 778 795 4454 4372 1770 2031 
4369 4048 4051 1362 1346 3840 1043 3838 3813 
961 2802 3787 2892 19 2238 1007 20 961 
2892 2801 2802 3969 1181 3970 1197 19 991 
1007 2238 2021 4361 4357 4355 4045 4032 4063 
4037 4177 4168 1511 1877 4057 4013 4055 4018 
4063 4062 1340 4061 4004 4040 4006 4011 4372 
1769 2031 1770 1508 2752 1871 2753 4177 4170 
1511 4168 214 2828 2747 1852 1520 2644 4174 
2645 2424 2425 4332 4340 4155 4157 4156 4151 
2424 3765 4332 2425 4372 4369 2031 4367 525 
509 508 4449 1520 1516 4174 2644 2759 3314 
337 321 3565 4204 3550 4197 2372 3604 3615 
3638 3777 951 935 952 2372 2199 3615 3604 
2628 3205 2631 2620 2372 2198 3615 2199 3701 
2968 4330 4341 2423 2152 4358 4353 4140 4398 
4433 2971 4158 3001 3112 3000 2762 384 3336 
2763 4398 4145 2268 2452 2372 3638 3615 2198 
2776 608 186 187 3652 832 848 2754 2306 
2284 2201 3579 1852 1471 215 2828 3338 406 
405 389 215 1471 2744 2828 3808 1073 1074 
4461 3365 3370 3387 3366 3578 2284 2306 3579 
1010 3812 1027 1011 3338 3355 405 406 3338 
3337 405 3355 3338 389 405 3337 3047 3049 
3760 2926 3375 3408 3404 3406 4289 4290 4286 
4299 2775 576 2776 187 619 3509 636 620 
4203 1896 1540 4199 3537 3567 3562 3566 3547 
2284 3544 3579 589 590 3511 622 2879 2850 
2775 3477 3234 3222 3560 3550 4142 2828 2744 
1471 4215 3039 3053 2917 3252 3265 3260 3249 
280 313 3302 312 1055 1039 1038 3833 1951 
1631 4278 1952 1951 4273 4278 1631 635 3507 
634 651 3680 3663 3660 3246 2424 4325 4332 
3765 3942 1176 1175 1160 1029 3843 3815 1045 
3745 927 926 910 3942 1192 1175 1176 2424 
4340 4332 4325 997 1014 998 3818 3499 3507 
634 3502 1332 1316 4052 4054 3900 3882 3859 
3902 3851 1085 1069 3853 1187 1171 3961 3962 
4203 1895 1540 1896 4203 4197 1540 1895 3228 
3268 3170 3189 4088 4069 4068 3710 3894 1145 
1146 1162 4203 4199 1540 4197 3894 3876 1146 
1145 619 635 636 3509 2694 1676 2695 1975 
3320 2440 3287 2486 2686 1959 2687 2933 1667 
1971 4291 4294 3685 3673 862 3672 1667 1666 
4291 1971 1667 4300 4291 1666 3952 1258 1242 
1259 1667 4294 4291 4300 869 1450 4119 4118 
4168 4170 1875 4171 305 3247 321 322 138 
1344 1328 2825 1239 1240 3945 1256 3894 3896 
1146 3876 1934 2085 4255 2086 4240 1919 1918 
1587 1632 1949 4280 1633 4196 1535 1893 1534 
3518 3525 3567 3539 2877 3906 2849 3006 3518 
3524 3567 3525 3975 1187 3974 3962 3518 3537 
3567 3524 3353 3410 3407 3352 3518 3539 3567 
3537 3544 3578 3546 3579 3671 3685 3673 3674 
1305 1289 1288 4026 3414 3411 3358 3352 3474 
3506 3476 3507 2534 3632 2539 2392 975 3785 
958 974 975 959 958 3785 3414 3411 3415 
3358 332 331 348 3319 3765 3760 3701 3763 
3671 3672 3673 3685 3894 1162 1146 3896 3671 
3651 3673 3672 3671 3674 3673 3651 3373 3396 
2318 3394 1863 4159 4162 4160 3373 2319 2318 
3396 1990 1698 1991 4313 2091 4239 2352 2094 
1526 1527 4188 1888 1863 1494 4162 4159 1863 
1495 4162 1494 658 3531 3529 3530 674 658 
657 3529 852 3660 853 3659 3361 2620 3207 
2619 4254 4247 4255 2350 2442 3294 2447 3270 
3483 610 579 611 3486 612 579 580 1863 
4160 4162 1495 3483 3908 3484 3486 3907 3909 
3908 3486 3907 3908 3483 3486 3320 3306 3287 
3290 1558 1559 1902 4221 63 2195 815 2194 
930 3772 947 931 51 2206 639 52 930 
946 947 3772 4116 3742 865 3744 3588 3573 
3572 3587 3373 2511 2318 2319 3971 3931 3970 
3956 1905 1558 4220 4221 2510 2513 2567 3951 
2465 3988 2505 3877 3320 2486 3287 3306 4212 
4221 1902 4214 2187 2188 3294 2290 9 2248 
1423 1439 971 955 954 3782 2594 4080 4028 
2544 4339 1733 4338 2013 3588 3574 3572 3573 
3723 3094 2480 3124 2210 48 2209 3923 2033 
4372 4371 1773 2722 1761 2725 227 3536 662 
3533 3534 3588 715 3572 3574 4292 4293 4288 
4294 3588 3587 3572 715 2187 335 3294 2188 
3505 2610 2564 3436 3667 3271 3683 3669 3554 
3532 3553 3531 3373 3394 2318 2511 2187 3320 
3294 335 2187 2290 3294 3320 2570 3185 3176 
2495 2472 2495 4242 3185 4049 1312 1328 4047 
4238 2521 2330 2351 4472 2578 2538 3127 1541 
2108 4198 4199 4011 1268 3958 3963 2352 4239 
2091 2351 4231 2521 4238 2351 222 1800 1790 
2735 1598 1606 126 2087 3592 3593 3580 3581 
4237 4241 4238 4240 3765 3216 3824 3215 4472 
2533 2538 2578 2823 4038 1312 1296 4071 2951 
2791 2855 41 479 42 2216 1010 1026 1027 
3812 1294 4036 1311 1295 971 3782 954 970 
4036 1294 1311 4037 3483 609 578 610 3486 
612 581 613 2444 3734 4113 3743 4472 4296 
2538 2533 2783 180 2782 704 2844 3314 2759 
321 4472 3127 2538 4296 3647 3628 3275 3283 
4049 1329 1328 1312 3725 2470 3745 3743 2990 
3244 2965 3092 3681 3663 3680 3246 4049 4048 
1328 1329 4011 4006 3958 1268 4049 4047 1328 
4048 2772 2849 3438 2872 2772 3456 3438 2849 
1380 4075 1397 1381 893 3742 910 894 1003 
1004 3796 3803 3777 953 937 3781 1208 3980 
3979 1224 4022 3963 3993 3996 2433 3902 3956 
3877 2323 3956 2291 2433 3977 3939 3973 3940 
4108 4091 4109 1420 4002 4055 1367 1366 4110 
4117 4116 3739 1390 1374 1389 4081 59 3639 
3615 751 4011 3991 3958 4006 4089 3213 3722 
3733 2684 1646 2685 4281 2176 78 1669 1974 
1797 1796 4384 2048 4273 4277 4276 4278 1553 
2101 1555 118 1797 4388 4384 1796 3859 3902 
2433 3877 3979 3872 3865 3939 4433 4400 4434 
4436 4404 2634 1819 1820 2607 2433 3859 2441 
4002 4056 1367 4055 2772 3437 3438 3456 2054 
1798 4390 4392 4002 4077 1367 4056 4390 1797 
4387 1798 2772 2872 3438 3437 4183 1523 4184 
1887 1797 4387 4384 4388 1571 2095 121 2098 
1797 2048 4384 4387 3613 3634 3612 3636 3192 
2606 2632 3268 3286 2616 3287 2590 3233 3224 
3243 3273 3629 3570 3628 3563 4239 1582 1916 
4233 3539 3575 3573 3574 4239 1917 1916 1582 
3312 3339 3330 3340 3387 3370 3365 3367 2484 
3852 3829 2469 4242 4253 4247 4251 3328 3367 
3365 3340 3331 3367 3328 3340 359 3318 376 
360 4231 3498 3497 2521 3111 3809 3051 4304 
3992 4004 4042 4053 4335 2962 4330 4319 2229 
3903 3884 1151 3197 3352 3405 3411 4446 2770 
2876 4482 2321 2232 4479 2377 4059 4060 1337 
4058 3192 3194 2632 2606 3357 3427 3414 3352 
3639 59 3615 2198 3699 3708 3695 3710 3856 
3867 3891 3855 282 3690 293 3280 3326 3298 
3324 3311 3439 531 515 3441 3458 3910 3459 
3440 2356 2109 2110 4192 2758 205 304 320 
3236 3220 3490 3481 3353 3427 3357 3352 1907 
1564 4225 4226 1380 1396 1397 4075 3605 2852 
2785 3618 1907 1563 4225 1564 3714 3763 3793 
3726 3682 857 856 3666 3665 3667 3682 3666 
3664 3666 856 840 1907 4223 4225 1563 1907 
4226 4225 4223 1395 1379 1378 4074 2845 3322 
3025 3058 1321 1322 4044 4060 3491 583 3913 
3492 3491 600 3913 583 4239 4241 1916 1917 
1339 1356 4061 1355 3491 3912 3913 600 3192 
3204 2632 3194 4239 4233 1916 4241 3491 3492 
3913 3912 2536 3141 2538 3113 3192 3268 2632 
3204 2925 4271 3136 2961 2357 2334 2081 4269 
2382 4276 4280 4284 3889 3867 3864 3855 3916 
3504 3917 3918 1582 1914 4239 1583 4332 4343 
3727 3701 4332 2425 3727 4343 4009 4056 4055 
4018 35 2222 1247 1263 3149 3938 3118 3855 
4332 3765 3727 2425 4332 3701 3727 3765 1961 
2270 4285 2276 3729 889 888 870 2874 3030 
2875 3404 3387 442 426 3389 3052 3078 4240 
4242 3052 2908 4240 3078 3018 3239 3166 3025 
4143 4152 4145 4150 4248 1926 1594 2089 4248 
1925 1594 1926 3000 4154 2747 2945 4248 4241 
1594 1925 4248 2089 1594 4241 3239 3316 3324 
3315 3629 3221 3628 3632 3052 4242 4240 4236 
4381 4382 4389 4377 3694 3251 3241 3250 4187 
4188 1527 4189 3225 3246 3657 3660 4187 1526 
1527 4188 4381 2473 4389 4382 4005 4015 3994 
4009 1848 2126 2125 4148 3856 3937 3865 3855 
3891 3937 3856 3855 4187 1885 1527 1526 3994 
4015 4020 4009 32 2225 2226 3989 4320 4322 
4321 4324 4187 4189 1527 1885 2567 2542 2505 
3877 3641 3089 2983 3242 1368 4077 1367 1384 
3772 3774 3770 3714 2298 2462 4094 2336 2100 
1565 1905 1561 3641 2990 2983 3089 4247 2350 
2472 2349 4186 3023 4187 2833 3641 3240 2983 
2990 1382 4077 1399 1383 2386 4226 2097 2098 
3641 3242 2983 3240 1841 4426 1832 1833 4211 
4222 4214 2402 1815 1828 102 2130 3747 3761 
3032 3067 2418 4364 2388 2147 2996 2943 4384 
3009 3721 920 3753 921 2925 2678 4262 4271 
3730 922 3754 3737 3994 4005 3993 4015 4453 
778 762 4454 839 3663 3662 4458 1390 4082 
1391 1375 4385 4397 4410 3044 4072 4008 3999 
4073 4397 3044 4385 2832 4061 4062 1339 4060 
1562 4225 4224 4223 3541 2453 3508 3501 2995 
4376 2733 4375 4089 3733 3713 3212 2925 2868 
4262 2678 1633 1950 2080 133 4270 1621 4269 
1622 3140 4244 3045 2978 2925 3084 4262 2868 
4453 761 762 778 4307 2429 4306 4309 2171 
1683 1675 79 4453 3633 762 761 3286 3270 
3282 2562 3498 4223 4215 4225 4453 4454 762 
3633 2116 2411 2413 4172 3733 4089 3713 3722 
3052 3184 4242 3185 2978 2921 2960 4249 2792 
2793 4083 2854 736 737 3605 3618 805 3643 
806 3556 2778 3480 640 624 3481 3534 3522 
3531 1330 4051 4048 1346 1025 1009 3806 3807 
1132 1115 1131 3881 253 2672 1607 1611 3512 
623 3514 622 3498 4225 4219 4226 3841 3836 
3816 3867 2864 2820 1264 2821 1127 1144 1128 
3871 2791 1376 1392 172 2792 4071 4083 1409 
4123 3717 4122 4102 2911 4400 2944 3010 2792 
2854 4083 4071 2295 2331 3745 2448 1750 4361 
4360 2024 2864 1265 1264 2820 2715 2712 2934 
4341 4307 4300 1979 2984 4282 1644 1643 1956 
3078 4245 4242 4251 4393 4386 4388 1801 3078 
2919 4243 2920 4005 4009 4004 3992 2397 2399 
4254 2614 4256 4259 4257 4258 3723 3169 3094 
3124 4410 3182 3138 3044 4393 4385 4388 4386 
4393 4394 4388 4385 4307 1679 1979 1980 2268 
2269 2504 4145 1392 2792 2791 171 4071 1376 
2791 2827 4051 4004 4053 4054 2823 4038 2865 
2824 3172 3093 3196 4000 4207 1550 2654 1897 
3869 3870 1126 1110 1299 4007 1315 4040 4385 
3044 3009 2832 1395 4074 1378 1394 1382 1398 
1399 4077 3856 3855 3865 3938 4412 4401 4409 
4407 3844 3819 3820 3845 1182 1199 3971 1198 
3883 1134 3884 1150 3844 3762 3820 3819 2275 
2186 2185 3320 3926 3890 3888 3889 2503 2285 
2507 3513 1307 1324 4045 1323 2864 4003 1264 
1265 411 3371 428 412 4088 1416 1417 4104 
1417 1416 1433 4104 3468 3922 3467 3921 3844 
3846 3820 3762 4431 4407 4434 4430 2040 4374 
1779 1778 3844 3845 3820 3846 2454 4381 2473 
2553 3240 2948 2990 3244 3643 822 3662 3661 
3926 3925 3888 1155 3676 208 303 207 3568 
3524 3564 3557 951 3777 968 952 951 967 
968 3777 2871 2764 3346 2765 3628 3556 3622 
3623 4022 3992 4014 4015 3459 533 3460 549 
1305 4026 1288 1304 2777 3480 2880 2950 895 
3744 3758 3743 3643 3645 3662 822 3326 3317 
374 3316 3563 3631 3630 3564 729 3586 728 
3610 3926 3889 3888 3925 3819 3825 1031 3818 
4247 2349 2515 4258 969 986 3794 985 905 
922 906 3730 921 922 3730 3781 3643 3660 
3662 3645 4247 2472 2515 2349 4001 4009 4051 
4004 3643 3661 3662 3660 660 3532 676 3533 
3999 4001 3017 3163 4382 2313 2273 2473 2142 
2139 4372 1775 4098 3708 4101 3710 1209 3981 
3980 1225 4382 4383 2273 2313 4245 1928 1927 
1596 4247 4258 2515 3140 1209 1225 3980 1224 
3508 2453 2540 2482 3719 3715 3751 918 3945 
1224 3980 1225 1241 1224 3945 1225 322 3247 
3254 3296 4372 1768 2030 1769 2879 3477 2775 
3904 4367 4370 4363 4369 2864 2821 1264 4003 
3786 2954 2808 1073 4382 4381 2273 4383 4138 
1437 4111 1438 500 3353 517 501 1783 2039 
97 2140 3786 2896 2808 2954 3719 3752 3718 
3717 2426 2427 3823 4318 1421 1422 4111 1438 
4373 2139 2420 2140 2038 2139 4373 2140 4316 
1705 2274 2163 606 3904 607 3477 2402 2102 
4214 2101 3475 3514 3511 3513 411 427 428 
3371 1376 2827 136 172 3852 2325 2487 2377 
2989 4348 2935 4345 4382 2473 2273 4381 1739 
4349 1738 2018 3678 3679 3694 301 607 3904 
2775 3477 4332 4340 4338 4337 3852 2484 2487 
2325 2748 1858 4159 1487 4300 1667 4295 4301 
3857 3841 3856 3875 4159 1858 2748 2963 2628 
2622 3994 2611 4300 4294 4295 1667 1818 2742 
218 1830 4398 4427 4144 4430 4158 3001 1482 
1858 2837 2738 2056 1816 3852 2377 2487 3795 
4400 4403 4397 4407 3998 2583 2519 3946 1820 
4406 2069 4404 3694 300 274 301 3477 3478 
3483 3906 309 325 3260 3297 3246 3297 3260 
3251 3665 3666 3664 3645 2837 2740 219 1807 
3263 3665 3663 3246 3390 443 427 444 3422 
477 3423 478 3461 3445 3460 3912 3998 2552 
2519 2583 1209 3980 1192 1208 1376 1360 136 
2827 3586 3569 3566 3567 3786 3835 2808 2896 
3998 3946 2519 3952 3487 3471 3488 3479 4437 
4400 4436 4404 824 3666 3664 840 3281 3669 
3689 3690 789 3556 788 805 3786 1073 2808 
3835 2068 2740 4399 1807 2180 2177 4290 1657 
3230 3810 2931 3809 1809 4405 1810 2058 631 
3520 648 632 2778 2950 2878 3480 4205 1899 
1552 1898 3116 4363 3153 3723 1048 3847 1065 
1049 631 647 648 3520 4064 1342 4021 1341 
4300 4301 4295 4296 2180 2368 4290 2177 4056 
1352 1336 1353 4070 4082 4093 4081 2263 4241 
2089 2343 1571 2098 1908 4226 1319 1303 4017 
4023 3345 3237 3325 3411 1319 1302 4017 1303 
3686 2280 2302 2191 3139 3039 4215 3498 3139 
3053 4215 3039 4230 1911 1576 1910 4408 2059 
2058 2067 4437 2633 1818 1819 4409 4414 4408 
4413 4205 4213 1552 1899 25 2232 1103 26 
1319 4023 4017 4042 2055 2134 101 1806 1080 
3821 1097 1081 65 863 66 2192 1513 1515 
2113 1879 2829 269 1884 268 3640 2952 3092 
2887 3885 2441 2324 2439 2557 2439 2607 3880 
1026 1010 1009 3812 3139 3236 4215 3053 2122 
107 1490 1861 3857 3879 3895 3874 25 1087 
1103 2232 2930 4312 2928 2703 2835 4312 1696 
2702 1206 1223 3978 1222 4205 4209 1552 4213 
281 314 3305 313 3678 3656 3655 3657 342 
3316 341 358 3139 3498 4215 3236 3458 563 
3907 562 2287 3455 3454 2438 3280 281 3278 
3691 2447 2440 3294 2290 4205 1898 1552 4209 
1212 3984 1195 1211 4025 1306 1289 1290 4169 
4172 2413 2411 73 2221 2185 383 3337 3348 
3351 3321 2358 4166 2120 2414 363 3319 362 
379 453 452 469 3410 4250 1607 1608 4244 
3778 3779 3775 3727 3778 3774 3775 3779 1452 
866 4117 867 3725 3737 3735 3713 2753 4164 
2750 2913 4110 3734 4109 4107 1212 1196 1195 
3984 3778 3714 3775 3774 1422 4081 1421 4093 
3516 3235 2973 2975 4021 1373 1372 1356 4380 
1786 2041 4379 1996 237 2835 238 153 2810 
1088 2809 4250 1931 1608 1607 4250 4252 1608 
1931 4004 4009 4053 3992 4061 4060 4027 4062 
3017 3019 2866 4048 3697 4083 4067 4084 4380 
1785 2041 1786 3017 4047 3990 4048 2597 3214 
2593 4078 4380 4374 2041 1785 2840 3240 2836 
2983 4021 4061 4063 1340 3233 3100 3156 3273 
435 3409 3408 451 3610 3586 3598 3599 4380 
4379 2041 4374 4319 2926 3760 4321 3256 3644 
3233 3224 4369 3116 3094 3723 500 516 517 
3353 2020 4355 2021 1744 4250 4244 1608 4252 
4365 1757 2027 4362 3336 386 385 3322 2028 
1758 1757 4365 2020 1753 1749 4359 384 385 
368 3322 4365 2028 2027 1757 3310 386 3336 
3322 4323 4322 4320 4324 2176 4298 2366 2432 
370 386 3324 3322 4365 4367 2027 2028 4286 
2997 2538 3071 1948 4277 1631 4279 3749 900 
883 3707 1215 3989 32 1199 4213 1552 1899 
1553 4207 1550 1900 4208 4063 4032 4027 4061 
3749 899 883 900 3583 3558 3559 3584 4365 
4362 2027 4367 3470 3531 659 660 2625 3361 
2631 3333 2556 3192 2606 3194 3749 3704 883 
899 2810 2811 152 1104 1306 4025 1289 4026 
949 3773 966 950 422 406 405 3355 949 
965 966 3773 3749 3707 883 3704 3017 3999 
3019 4048 3470 660 3485 3472 3946 3996 3993 
3940 4400 4399 4402 4404 3057 3240 2840 2983 
3990 4039 4049 4038 3780 3011 2935 3091 1402 
1386 1385 4079 1425 1441 4129 4095 3488 3473 
3487 3497 1425 1442 4129 1441 4000 3038 3093 
3187 1852 1849 4150 4154 4400 4403 4402 4399 
1852 1471 4150 1849 487 3413 3353 3357 1852 
2828 4150 1471 4400 4407 4402 4403 3410 3409 
3379 3412 3381 3382 3325 3379 3323 3345 3158 
3321 1402 4079 1385 1401 1425 4097 4129 1442 
695 3562 696 3537 1852 4154 4150 2828 3559 
3583 3554 3558 661 3534 660 3533 3555 3532 
3554 3558 1425 4095 4129 4097 695 3562 3536 
3561 3536 3562 695 3537 4400 4404 4402 4407 
4261 1940 4259 4265 3310 3158 3203 3171 4443 
2131 2396 2128 3636 781 765 3637 3158 3310 
3203 3323 3523 3522 3528 3481 3806 1009 3787 
3807 4261 4256 4259 1940 3840 3813 3839 3842 
4066 2253 1343 2254 3970 3930 3955 3956 3407 
451 3408 3409 3231 3232 3047 3760 3379 3410 
3325 3237 2413 2523 4169 2411 3492 3473 3488 
3520 1041 3835 4459 3837 1550 1560 2657 263 
1035 3802 1018 1034 3914 3494 3915 3495 3565 
2404 2475 4204 3353 3410 484 3407 1041 1057 
4459 3835 3523 3481 3528 3535 4261 4266 4259 
4256 2996 4377 4384 4376 4384 2735 2996 4376 
1041 1058 4459 1057 4261 4265 4259 4266 4413 
4414 4415 4417 2053 1803 2054 4390 3835 3807 
3837 1041 3974 1187 1186 3961 4242 4248 4254 
4253 4138 1437 4109 4111 2668 1595 1599 1923 
1184 3959 3972 1185 3978 1189 3976 3964 3934 
3961 3935 3936 4032 4034 4024 4033 3949 3877 
3983 3985 3948 3943 3942 3966 1303 1287 4022 
1304 3949 3877 3955 3900 2343 2398 4248 2089 
2834 2926 4321 3760 2343 2614 4248 2398 4021 
4032 4063 4061 4099 1444 4100 4131 3423 3424 
3422 478 2343 4242 4248 2614 4312 1993 4314 
1702 3422 3424 494 478 4177 1878 4170 4179 
1303 4016 4022 1287 1303 4023 4022 4016 4312 
4313 4314 1993 671 3547 2203 2308 4177 4179 
4170 4169 4312 4310 4314 4313 4126 1441 878 
4127 1303 1304 4022 4023 2033 1768 4372 1769 
3874 1114 3876 1113 3677 848 303 3676 3154 
3186 3209 3939 3677 302 303 848 3677 3241 
303 302 4100 1444 4124 4131 2792 1408 170 
171 3677 3676 303 3241 3949 3955 3969 3954 
4014 4060 4059 4058 2542 3877 3950 2607 2112 
2338 4184 4192 3414 2624 2566 2550 1513 111 
2113 1515 3233 3261 3256 3224 1512 4170 1511 
1878 737 3620 3618 753 3414 2568 2566 2624 
4335 4337 4331 4319 3474 664 3538 3537 4320 
1713 2001 4323 1151 2229 28 1135 3474 665 
3538 664 4255 4247 4254 4252 4257 1608 1935 
4244 3414 3368 2566 2568 4423 4426 1841 4147 
4285 2276 4286 4287 3498 2522 2401 4226 769 
753 3618 3620 1276 1293 4033 1292 3750 3715 
916 917 3774 3711 3709 3712 3169 3142 4086 
3153 3414 2550 2566 3368 1752 2147 92 2150 
3701 4343 3050 4341 4357 4351 4350 4353 3915 
3502 3504 3495 3489 662 3493 3472 4184 1523 
4183 1883 1824 1825 4442 2639 3275 3223 3283 
3646 4311 3823 4314 4316 3751 917 3750 901 
3869 1110 3867 3871 1151 29 28 2229 3474 
3537 3538 3539 2558 2563 3209 4473 2573 3525 
3541 2599 1194 3982 1211 1195 3917 570 596 
597 3467 3453 3452 3454 3915 3917 3504 3502 
4455 776 777 793 729 3611 3610 745 4090 
4106 4091 4107 1194 1210 1211 3982 3772 3774 
3773 3711 4455 4452 777 776 3865 3939 3977 
3979 4137 4106 4136 4107 4052 4040 4054 1316 
1304 1321 4043 1320 4043 1321 1304 1305 3354 
3355 3351 3381 4440 4441 4412 4429 3525 2573 
3541 3519 422 3355 405 421 3336 3321 2994 
3343 1121 3887 3860 1137 2844 3073 2906 3314 
3563 3570 3633 3634 3887 1121 3860 3862 3915 
3916 3504 3917 696 3566 697 3538 3604 3602 
3614 3638 3587 3601 3612 3588 3267 3224 3233 
3273 4058 1320 4043 1321 3548 3624 3621 3625 
4022 4023 4043 4018 437 3409 453 3412 3551 
688 2781 3526 1889 1534 4190 1533 1792 2046 
4383 1793 1891 1533 4194 1892 3696 3702 878 
881 4195 1892 4194 1533 4071 1410 1394 4074 
854 3663 296 855 657 3480 2779 2881 3551 
2782 2781 688 4185 1888 4188 1532 1092 3808 
3816 1076 3886 3864 3887 3862 3915 3495 3504 
3916 3663 854 296 3681 3779 4350 3780 3011 
4014 4043 4058 4018 965 3773 948 964 2535 
2411 2383 4169 965 949 948 3773 3979 3940 
3977 1222 3822 3868 3841 3875 3423 462 479 
478 2719 1743 1753 230 2110 1531 4192 2109 
1276 1277 4033 1293 4164 2752 2643 2946 3234 
3550 3560 3235 3306 3320 2483 3335 1522 1886 
4182 1885 3551 2882 2781 2782 3423 463 479 
462 3423 3424 479 463 3551 3526 2781 2882 
2187 3320 2278 2290 3423 478 479 3424 2020 
1743 1753 2719 4215 4218 3236 3498 3467 3922 
3468 3454 3459 3911 3909 565 3459 3909 3458 
564 3461 3912 3460 566 1752 2150 2022 4364 
4241 1920 1588 1589 3772 964 3788 963 3718 
886 872 887 2069 4406 1820 2070 3229 3809 
3816 3230 4164 1504 2643 2752 305 274 3250 
3296 4164 4168 2643 1504 2716 1747 2717 4346 
1276 3997 4033 1277 980 3790 981 964 4070 
4082 2502 2514 4065 2252 1359 2253 1372 4081 
1388 1373 2300 2340 4046 2255 3718 873 872 
886 3718 3717 872 873 4431 4429 4439 4407 
3793 984 968 985 4164 2946 2643 4168 2838 
4435 1839 1465 3718 887 872 3717 2066 1803 
4396 1804 3994 3211 2628 3205 3145 3426 3197 
3191 3416 3385 3417 440 4280 2395 2382 2077 
305 273 3250 274 1283 1299 4012 4006 3513 
3514 3512 3515 670 3514 3510 3476 2382 2370 
4284 2078 3964 3965 1190 1174 3538 680 664 
681 1283 1300 4012 1299 305 3247 3250 273 
305 3296 3250 3247 1283 1284 4012 1300 1069 
1085 1070 3853 1388 1405 1389 4081 1427 4099 
1444 1428 1420 4079 4091 4081 1070 1085 1086 
3853 767 3637 750 766 1283 4006 4012 1284 
3763 3701 3775 3232 3701 3763 3775 3727 2017 
4348 2018 1738 4348 2017 2018 4347 1607 1617 
1935 2675 1602 1601 4250 4249 1575 1909 4228 
4229 1602 1931 4250 1601 4305 1988 1693 1987 
528 2772 2771 191 4305 1693 1692 1987 4395 
4401 4389 4394 2772 528 2771 3437 2785 3618 
2786 752 2429 2170 4309 2169 4309 2167 1688 
2170 4308 2167 4309 2430 4147 2260 2125 1470 
3138 3182 4410 2553 3270 2562 2590 2442 1876 
4173 4170 4172 3742 3744 4116 3743 1575 1574 
4228 1909 907 3756 923 924 4033 1294 4036 
4037 2562 3270 2590 3286 3794 3781 3726 3755 
1080 1096 1097 3821 3209 3939 3938 3872 3784 
3783 2530 2565 2182 1651 1962 75 1047 3843 
1030 1046 4161 2751 2841 1493 1206 1223 1207 
3978 2035 1775 2142 4372 1167 30 29 3903 
3843 1047 1030 3819 1602 4252 4250 1931 4283 
1644 1961 4282 1602 4249 4250 4252 1575 4232 
4228 1574 4230 4234 4231 4233 1570 4230 4229 
1910 3356 3384 423 3362 2034 1775 2035 4372 
2034 1775 4372 1774 4283 1645 1961 1644 3253 
275 3255 3297 3769 961 944 945 2220 3374 
3342 415 2994 3321 3310 3158 1575 4229 4228 
4232 3027 3321 3150 3007 3617 3165 3121 3616 
484 3407 483 3353 402 3349 3336 3347 1895 
4197 1545 4203 2536 2515 3167 3174 3511 621 
589 622 3679 851 850 3656 2580 3723 2480 
3124 3964 1173 3928 1174 3694 300 3255 275 
3928 3965 3964 1174 3607 3620 738 739 3253 
3251 3694 3250 3617 3026 3121 3165 3617 3548 
3121 3026 2536 2409 3167 2515 1062 1079 1063 
3843 3617 3616 3121 3548 961 3769 944 2801 
2536 3141 3167 2409 2249 4082 2335 2379 1390 
4082 1374 4081 698 682 681 3540 2536 3174 
3167 3141 1118 1135 3884 1134 1508 1504 1871 
2752 3765 3215 3727 2591 2461 2555 2596 3431 
3427 3431 2596 2555 4158 4162 4159 4160 3807 
1024 1040 2806 459 3421 3401 3419 2570 3427 
2624 2621 1849 1852 1477 4154 2007 2159 4328 
2160 3447 3430 3427 3431 3765 4327 4325 4322 
3473 3434 3496 3436 2003 1712 2162 1716 459 
443 3401 3421 3723 3712 4363 3153 1141 3892 
1158 1142 459 442 3401 443 2390 3765 2474 
4471 4136 4106 4090 4107 3807 1041 1040 1024 
2019 2018 4349 1739 4136 4090 4105 4107 3746 
2890 3703 2857 459 3419 3401 442 3807 3835 
1040 1041 3807 2806 1040 3835 2018 2019 4349 
4351 1935 1617 1613 2674 4244 2979 3045 2977 
2541 2545 4158 3146 1935 1613 4256 2674 4047 
2825 2866 2824 2672 4250 1611 2673 3626 3625 
3608 3624 2533 4296 2456 4472 1027 3814 3815 
1028 3472 662 3537 3534 3552 3581 3551 3553 
3626 3609 3608 3625 698 3540 681 697 4077 
4079 1401 1385 4369 4373 4371 4372 4155 1849 
1477 4154 4077 1384 1369 1385 4262 4264 4263 
4271 396 3340 412 3341 1027 3813 3815 3814 
3018 3073 3239 3314 2629 2616 2626 3268 337 
2759 336 3314 2038 4372 2037 4373 3556 3625 
3626 3624 4170 4168 4167 4171 3978 1223 3979 
1222 3465 538 3451 539 3626 741 3608 3609 
1027 3840 3815 3813 364 381 365 3306 1155 
1154 1170 3935 3977 3978 3976 3964 1210 1226 
1211 3982 3971 1198 3970 1182 1369 4079 4077 
1385 3309 3293 286 3291 4361 4355 4362 4356 
4108 4106 1419 1435 3254 3247 3314 3239 477 
3423 462 461 2279 3294 3292 3295 1372 4061 
4021 1356 477 478 462 3423 380 3306 364 
3319 2302 3687 2190 3295 164 928 912 2799 
3167 4266 3140 2515 4355 4361 4362 4360 3357 
3449 3450 3451 278 3299 309 310 4170 4177 
4167 4168 3254 322 3314 3247 3254 3315 3314 
322 163 2800 928 2799 4413 2061 2060 2067 
3254 3239 3314 3315 4170 4173 4169 4172 4170 
4169 4167 4177 3563 3556 791 807 3606 3592 
3605 3619 3062 4071 4067 3109 4262 1943 1628 
1619 1938 1610 2083 1618 2476 3222 2475 2539 
4264 1620 4261 4267 1416 1415 4103 4088 3062 
3999 4067 4071 4115 3743 4116 864 3138 3009 
3095 4377 3730 3737 3728 3713 3062 4072 4067 
3999 1416 1432 4103 1415 543 2212 2211 46 
2212 543 2211 3455 3766 3727 3768 3784 609 
3480 608 625 2387 4370 4363 4365 2025 1758 
2148 4365 2026 1756 1755 4366 2517 3785 2332 
2500 1157 3928 3927 1173 4246 1929 4248 4253 
136 2827 1360 2826 3639 751 750 3615 1672 
1676 2694 1975 4286 4290 4285 4287 3639 767 
750 751 2957 2951 4071 3123 3140 4266 4258 
2515 4280 2077 2382 4284 4255 2350 4247 2349 
3480 609 608 3477 3106 3044 4424 3040 1416 
4104 4103 1432 2334 2515 4258 4266 3639 3637 
750 767 3325 3381 3351 3356 3227 3268 3170 
3261 3639 3615 750 3637 3253 3296 275 3297 
1294 1310 1311 4037 4170 4171 4167 4169 4255 
4257 4252 1609 1416 4088 4103 4104 615 3492 
583 3491 3909 564 603 563 4257 4255 4252 
4247 1433 4136 1434 4470 3108 3469 3148 3155 
3264 3681 3263 296 416 2765 3397 3346 416 
432 3397 2765 3137 3617 3060 3234 3944 3872 
3950 3877 3883 3882 1117 3881 1026 3813 3837 
3838 4 2253 1359 5 1029 1046 3843 1045 
3974 3962 3973 3975 2250 4082 1391 1407 3716 
874 4123 873 4 1343 1359 2253 3331 3371 
3390 3367 4087 4068 4088 4077 4099 1444 1428 
4100 3371 3331 3390 3392 3735 3737 3721 3713 
924 925 3756 3741 4136 4118 4137 4107 2691 
4293 4288 2966 4132 4085 4100 4101 416 433 
3397 432 4309 2431 2429 2169 4306 2430 2457 
2428 3944 3209 3950 3872 1947 1624 1634 4275 
3352 3413 3325 3358 668 669 3510 3476 2970 
4275 4263 4273 2211 3468 543 559 1900 1557 
4217 1556 250 1624 2678 2681 1630 4274 1631 
4277 2314 2410 3335 2467 4035 2496 2604 4029 
3170 3268 3228 3261 1432 1431 4103 1415 4263 
4264 4261 4266 2267 1490 4160 2122 2510 2513 
3951 2393 4267 1626 1945 4272 4280 4278 4276 
4279 2300 2256 4036 2341 4276 4277 4268 4279 
36 2222 35 1263 3944 3951 3950 3209 1247 
2222 1246 1263 4385 3009 3138 4377 4384 3009 
4385 4377 4036 2256 2300 2255 953 3781 970 
954 287 2190 2189 68 2190 287 2189 3295 
2896 2808 2807 3835 4035 2518 2604 2496 1737 
4348 4346 2017 953 969 970 3781 3303 3330 
3304 3327 3944 3877 3950 3951 3821 3879 3841 
3874 3486 612 580 581 3153 3011 3709 3712 
1695 239 1691 2700 3723 3210 2561 3213 3118 
3128 3149 3855 3616 3622 3221 3644 4035 4024 
2604 2518 973 957 956 3785 3498 3219 2532 
3501 1924 1925 4246 1597 2539 3222 2475 3635 
3497 3219 2532 3498 4263 3136 2925 4271 1430 
4102 1447 1431 4132 1446 4102 4122 4263 3084 
2925 3136 4246 1597 4248 1929 4035 4029 2604 
4024 998 3818 3825 3791 3956 3957 3931 3902 
3983 1226 3982 1227 4094 2471 2298 2335 4263 
4262 2925 3084 973 3785 956 972 4348 1737 
4346 4345 1388 4079 1404 4081 3592 3580 3552 
3581 2684 1642 247 1646 4263 4271 2925 4262 
1303 4017 1286 1302 1633 1954 4280 1953 3031 
3134 3072 3481 4017 1303 1286 4016 4274 4277 
1630 4275 998 999 3825 1015 3114 2970 4263 
4273 1479 1856 4155 1855 2608 2578 3858 3950 
1460 4426 1461 1834 2608 2618 3858 2578 3753 
3730 3729 3713 998 3791 3825 999 99 2272 
2051 100 3431 3447 3434 3436 2608 3880 3858 
2618 3431 3430 3434 3447 109 1503 2117 1500 
2115 1507 2118 110 3431 3449 3434 3430 4169 
4171 4163 4173 3728 3737 3732 3713 3255 3679 
3694 3251 4402 1808 4399 1807 3544 3521 3508 
3476 3553 3554 3552 3582 2608 3950 3858 3880 
3431 3436 3434 3449 2900 2861 3924 3886 3314 
3315 338 322 3732 3737 3725 3713 3441 532 
3458 531 1966 2179 1659 1651 515 532 3441 
531 515 532 516 3441 275 3296 307 3297 
3529 689 673 690 3485 3483 3478 3484 250 
1624 1628 2678 1118 3882 3883 3885 4043 4022 
1304 4023 3883 1133 1149 3881 2900 2813 3924 
2861 1156 3926 1171 1172 4124 1444 4125 4131 
3562 3523 3559 3598 4022 4043 1304 4026 967 
951 950 3776 1009 992 3787 993 992 1009 
3787 3806 966 3790 3773 965 2900 3860 3924 
2813 1266 1282 4003 1265 3485 3480 3478 3483 
2900 3886 3924 3860 2623 2626 2595 3217 2509 
3313 3331 3369 3485 3469 3478 3480 3485 3484 
3478 3469 4049 1313 1314 1330 3908 3909 3458 
3910 3441 3440 3459 3443 1266 4006 4003 1282 
1266 3958 4003 4006 3915 3916 3914 3495 4152 
4153 4156 1851 3300 311 278 279 4210 4212 
4211 4219 3604 2282 2506 2434 1272 1256 1255 
3995 4152 4151 4156 4153 1266 1265 4003 3958 
2797 896 2798 165 3871 3874 3893 3873 1235 
4478 1218 4463 3821 1112 1095 1096 3933 3925 
3886 3936 4049 4039 1314 1313 3945 3996 3946 
3940 3821 3822 3841 3850 4152 4155 4156 4151 
1300 4040 1316 1317 1424 2793 2794 4095 896 
2797 2798 3746 4049 4050 1314 4039 2569 3733 
3725 3735 967 3776 950 966 892 3740 867 
3738 3745 3741 926 3785 4284 1639 1638 1953 
4478 2863 3122 4462 3608 3595 3583 3596 3954 
1165 1180 1164 1181 1165 1180 3954 3745 3758 
2243 927 4114 4094 4112 4139 3595 3608 3583 
3597 1424 169 2794 2793 3924 3932 1152 1153 
3477 3906 3904 2879 3797 3785 3798 974 1155 
3935 1170 1171 4071 1376 1392 2791 1424 1440 
2794 169 1360 2827 2957 2826 1376 172 2791 
2827 3538 3567 3537 3566 3106 3044 4410 4424 
573 3467 3466 3920 548 3458 531 547 3375 
3321 3377 3398 1784 4374 1785 2040 3466 541 
3467 557 3414 2568 2624 2596 4240 1921 1918 
1591 3415 3218 3358 3360 1930 2087 4254 2088 
3906 3477 3904 3905 1596 1597 4246 1928 1541 
2105 4199 1896 1930 1606 2087 2088 4272 1626 
1945 1627 1906 2661 2660 4223 1791 2045 4378 
1792 3166 3239 3018 3173 618 619 586 3503 
1424 4095 2794 1440 3179 3193 3428 3129 4049 
1330 1314 4050 340 3316 3254 3315 3622 3556 
3616 3623 2752 1504 1871 4164 3306 3332 3303 
3319 3679 3656 3678 3657 758 775 3627 774 
2069 1808 2068 4404 3888 3887 1139 1155 3401 
3388 3400 3419 4349 4351 4348 2018 3569 713 
697 714 1061 3840 1060 1077 1738 4349 4348 
2018 4348 4351 4347 2018 3826 3802 1001 3801 
3721 921 3730 3781 937 954 3781 953 4010 
4018 4020 4015 3946 3996 3945 3952 340 324 
3254 3316 1312 1313 4049 1329 2133 2134 2055 
1806 3787 2803 2859 2802 4378 2049 4387 2048 
340 323 3254 324 1312 4038 4049 1313 1727 
4340 1728 2010 657 640 3480 641 2865 2905 
3990 4038 1138 3887 1154 1155 1362 4071 1361 
1377 1780 4379 1781 4373 4337 2009 1720 2010 
1312 4047 4049 4038 4337 4340 1727 2010 4240 
2919 2908 2669 2087 2090 1598 4248 2677 2839 
4261 4256 2837 219 2056 1807 2677 2676 4261 
2839 396 3341 397 3334 1781 4379 1780 2042 
340 3315 3254 323 2451 2396 2415 4417 4440 
1823 4441 2637 2677 1939 4261 2676 2807 156 
1040 1056 3213 2561 4092 3210 3613 3601 3571 
3602 3601 3613 3571 3634 3332 3340 396 3341 
3332 3341 3334 3313 2456 4296 2366 4302 2695 
1975 1666 4300 2677 4256 4261 1939 1137 3887 
1138 1121 2190 3687 2302 2191 4011 1301 1284 
1285 4167 4168 2958 2946 3887 3862 1122 1121 
276 308 277 3297 1740 2019 1742 4353 640 
657 3480 2779 4168 2643 2958 2946 1301 4011 
1284 4012 3529 3531 3553 3530 4228 3043 2914 
2830 3752 887 888 904 4210 4212 4209 4211 
4261 4262 2868 2679 3752 3720 888 887 3752 
3753 888 3720 1547 117 1543 2106 1328 2824 
138 2825 372 356 3315 3316 2870 3336 2994 
3343 3752 904 888 3753 3534 3532 3554 3531 
3619 2949 3549 3104 3399 436 3380 3409 3503 
587 595 3509 4205 1898 1545 1546 4210 4220 
1901 4212 633 649 3520 632 1139 3887 1138 
1155 281 294 280 3691 2807 2806 1040 156 
3532 3534 3554 3558 3684 291 860 290 3522 
3619 3549 3104 3684 290 860 861 3451 538 
522 539 3459 532 3458 3441 3887 1122 1138 
1121 3617 2853 3060 3549 725 3609 726 3584 
3026 2853 3060 3617 806 3556 3643 3645 3560 
3623 3234 3557 3627 742 3626 3609 3995 4030 
1275 3997 755 739 738 3620 2020 1744 1743 
4355 3867 3836 3816 3808 4398 4430 4433 4407 
2324 3903 2229 2228 95 1770 2144 1766 2023 
2024 4360 4362 1130 3876 1146 3878 4402 4406 
1809 4405 3503 596 595 587 3969 3930 1181 
3954 3995 1258 1275 1274 3503 3917 595 596 
3721 3753 3720 3713 1451 4137 1450 4118 3782 
956 940 3785 464 3404 3403 2767 3270 3269 
3226 3262 2807 3835 1040 2806 4070 2514 2502 
2559 1156 1155 1171 3926 3317 326 3265 327 
2807 1056 1040 3835 3301 328 311 312 3908 
3432 3484 3433 4434 1464 2633 2634 2634 2635 
4431 1463 2930 4310 2928 4312 3439 3428 3440 
3353 4456 793 792 4455 4456 809 792 793 
2089 1594 1600 1926 3428 3432 3175 3006 4456 
3563 792 809 2720 228 1755 2723 4409 4407 
4408 4412 3145 3099 3143 3426 3798 3797 3804 
3768 3947 2612 3202 3207 3256 3249 3246 3272 
2894 2809 1073 4460 3773 3774 3772 3714 372 
3316 3326 373 911 2244 2243 14 483 500 
484 3353 3365 3340 3367 3370 3561 3584 709 
710 3486 579 603 580 2993 2727 2724 4371 
2244 911 2243 3758 1947 4264 1948 1625 3601 
3588 3573 3589 866 867 892 3740 3728 3731 
4118 3732 675 692 676 3532 4456 4455 792 
3563 3731 3738 3732 3737 3735 3741 3782 3737 
3503 3509 595 3917 4117 4118 1451 868 3721 
3781 3730 3737 680 3538 697 681 3492 3471 
3488 3473 1151 3903 3884 3901 2229 1151 3884 
1135 755 3620 738 754 3770 3714 3774 3775 
2570 2610 2572 3447 2029 1767 2724 1771 2628 
3211 2605 3214 4264 1947 1948 4277 3793 3777 
969 968 3647 3669 3283 3223 4086 3709 4089 
3213 3210 3124 2580 4078 3669 3647 3283 3648 
842 3668 859 843 4076 3214 3211 3183 1549 
2104 1899 1553 2577 2616 3226 3286 3182 4078 
3124 3190 842 858 859 3668 3670 828 845 
844 4423 4427 4398 4401 4310 3823 4311 3809 
2231 2230 1119 27 828 3672 845 829 4305 
4315 4311 4313 2125 2260 103 1470 2002 1715 
2003 4323 2577 3268 3226 2616 3531 660 3472 
3534 4422 1831 4421 4423 2192 847 2193 65 
2577 3227 3226 3268 2577 3286 3226 3227 847 
2192 2193 3675 671 3547 3546 687 2268 4145 
4398 4147 4264 1624 4262 1943 401 3336 384 
400 634 3507 650 651 1624 4264 4262 4271 
2127 2260 1844 1466 3994 2622 3998 2583 3032 
3761 3206 3067 3667 3666 857 3682 2777 2950 
2778 3480 4024 2581 2604 2518 3345 3361 3208 
3411 4285 2933 2927 3071 4043 4023 1304 1320 
4280 4272 2460 2079 4242 3184 3078 4251 4241 
2092 4239 4238 3553 690 3529 3530 4321 2709 
1722 2708 3740 3741 3756 3742 2867 2833 4187 
2649 4241 1917 4239 2092 4330 3701 4332 4337 
3563 807 791 808 3679 3251 3657 3240 528 
2771 512 192 3631 3633 3630 3610 2039 2140 
1783 2139 3771 3714 3770 3775 425 442 3387 
441 3457 3458 3908 3907 98 2138 1787 2135 
3304 3268 3217 3269 3204 3298 3201 3189 3457 
3440 3908 3458 3277 3270 2442 2562 3571 3601 
3564 3525 3457 3906 3908 3440 890 869 3731 
868 3475 3507 3509 3510 3531 3470 3472 660 
3699 3709 3695 3711 3731 869 4118 868 3538 
681 665 3540 3794 3755 3766 3796 830 3672 
813 829 3242 3170 3233 3135 3458 3909 3459 
3910 3353 3445 3440 3443 3531 3481 3472 3470 
4241 4238 4239 4233 1789 2137 2043 2138 3170 
3242 3233 3261 4215 2917 4223 3039 668 3476 
3510 3507 812 3672 828 829 3997 3998 2519 
3952 4230 1911 1571 2095 1575 1576 4230 4233 
97 2039 1781 2140 1949 4279 4280 4272 2917 
4215 4223 4224 813 3672 812 829 2256 2257 
1 1295 3325 3360 3328 3312 3199 3158 3323 
3345 4393 2736 4386 1801 3202 2612 2536 2619 
3331 3218 3368 3369 3531 3534 3472 3481 2719 
2935 4346 2716 1042 1058 4459 1041 2935 2719 
4346 4354 1042 3838 4459 1058 1905 1559 2099 
1561 2426 4316 3823 2348 841 3668 858 842 
841 857 858 3668 1879 1519 4179 1518 284 
317 3308 316 4033 1294 1278 4036 3716 3715 
3719 3699 3997 2552 2519 3998 3282 2524 3277 
3283 3284 3285 3281 3271 1880 1519 1518 4179 
401 385 384 3336 3708 3716 4123 3717 3715 
3716 3719 3751 3823 4316 4311 2348 3277 2529 
2524 2562 3533 693 3561 3558 2415 2497 4424 
2452 3458 548 3459 564 821 3643 820 3659 
3997 2394 2519 2552 2497 2415 4424 4410 2191 
863 2192 66 613 614 582 3491 863 2191 
2192 3686 565 601 3911 602 1042 3837 4459 
3838 4232 4233 4231 4238 1042 1041 4459 3837 
2208 3923 2209 49 2119 1496 108 1502 3910 
3445 3460 3440 775 3563 792 4455 3997 3952 
2519 2394 3660 852 3658 3659 3836 3841 3856 
3867 3564 3601 3631 3599 852 3660 3658 3679 
1870 1496 2119 1502 1321 4058 1337 4060 4140 
1846 1845 1468 4108 4117 1452 4109 286 3688 
285 3291 153 2810 152 1104 290 3689 3684 
291 1696 1989 1700 2702 3836 3868 3856 3841 
3196 3991 4000 3187 1846 4140 1845 4143 1298 
4039 1297 1314 1329 4048 1328 1345 3836 3855 
3856 3868 680 696 697 3538 2281 2194 3675 
3651 3836 3867 3856 3855 4312 1989 1696 2702 
2532 2453 3508 2482 2281 2193 3675 2194 3557 
3522 3597 3625 573 3466 556 572 1545 4203 
4197 4202 2973 4200 2653 2974 2902 3933 3973 
3972 4000 3991 4005 4011 126 1926 1598 2090 
4350 4353 4349 4352 4070 2471 4094 2514 2902 
3120 3973 3933 2486 2440 3287 2592 4241 1924 
1592 1593 1664 1654 245 2691 1238 1222 1221 
3940 4005 3991 3993 4011 3200 3991 3196 3154 
2272 2136 4383 2313 2281 2266 3675 2193 2281 
3651 3675 2266 1715 4328 2006 1716 4282 4284 
4278 4276 3557 3523 3597 3522 3557 3598 3597 
3523 3557 3625 3597 3598 3884 1135 1118 1119 
3853 3854 3833 3852 972 3782 3796 3755 3859 
3877 2607 3880 2538 2578 3113 3127 2902 3133 
3973 3120 2022 4364 4357 4361 4267 4279 1948 
1626 3113 2578 3186 3162 2569 2470 2448 3725 
4384 2943 4385 3009 1783 1775 2039 2139 3075 
3478 2879 3906 2806 3835 2895 2807 976 2802 
161 160 1088 2810 153 1104 3816 1111 3821 
3871 3404 2768 2874 2767 1330 1347 4051 1346 
1967 4289 1968 1655 759 3627 775 4451 2849 
2772 3456 2773 1805 1796 4386 2052 2902 3972 
3973 3133 976 960 161 2802 3616 3092 2887 
3640 4051 1347 1331 1348 1332 4051 1331 1348 
3115 2888 4096 3063 3115 4083 4096 2888 3393 
3394 3402 3373 3170 3233 3227 3261 3356 3362 
423 3355 3630 743 3564 744 3416 3383 3417 
3385 3257 3646 3622 3644 1796 1805 4386 2737 
1906 2660 1568 4223 3115 3697 4096 4083 1905 
1558 1904 4220 3770 3709 3774 3711 3255 300 
3694 3679 4273 2682 3022 2981 2683 2682 4274 
2981 931 3772 948 932 2683 4274 2970 2981 
3115 3063 4096 3697 4139 2246 11 2247 3625 
3549 3548 3617 3616 3121 2887 3092 3766 3755 
3794 3726 4220 1558 1904 1557 4004 4042 4041 
3992 1563 1564 1904 4225 3816 3841 3821 3822 
3549 3625 3548 3621 432 2766 2765 197 2766 
432 2765 3397 3330 3217 3303 3304 3968 1180 
3969 1196 1365 1381 4075 1380 4206 2403 4213 
2104 3639 2198 3638 2283 3616 3548 2887 3121 
2653 2652 1548 1894 3613 3571 3614 3602 3609 
3584 3597 3598 3616 3640 2887 3548 3836 3864 
3886 3861 1788 2731 2730 4374 3217 3330 3303 
3332 2051 4391 2050 1799 4384 4386 4385 2943 
1891 2651 4193 1532 2029 1768 2030 4368 3489 
3493 646 630 1935 2675 4256 2979 4256 4244 
1935 2979 2144 1770 2141 2422 4369 1770 2141 
4372 3836 3855 3886 3864 2130 1815 2271 102 
4256 2979 2675 2923 1607 2675 1935 2979 1935 
4244 1607 2979 3836 3119 3886 3855 1629 1946 
2081 1622 1815 2130 2271 4418 439 3356 3382 
3384 1672 4300 2694 2697 638 3514 639 622 
3944 3952 3951 3209 4282 4284 4283 1638 4072 
3183 3110 3190 398 3342 414 415 3836 3861 
3886 3119 879 1440 4128 4127 399 3342 398 
415 2215 479 3424 2216 266 2651 1532 2648 
667 3539 3540 3542 2202 2307 2203 3547 4213 
2101 4214 1553 3919 572 571 3465 931 947 
948 3772 3292 3294 3293 3295 3286 2562 3282 
2586 2805 2860 2806 3806 879 168 4128 1440 
3110 3190 3169 4072 4279 1632 1631 1948 1632 
4279 1631 4278 4230 2096 2095 2401 1541 1537 
1893 2108 879 2795 4128 168 2353 2096 4230 
2401 879 4127 4128 2795 1532 2651 4193 2648 
438 439 3356 3382 266 2651 1542 1532 453 
470 3410 469 470 453 3410 3412 3891 3941 
3928 3893 1003 3830 3802 1019 1179 1196 3968 
1195 3830 1003 3802 3803 3919 595 571 572 
2625 2617 3361 3369 3934 1170 1154 3935 2579 
2617 2625 3369 3393 3395 430 3372 431 3372 
430 3395 1875 4171 1876 1506 3156 3192 3170 
3267 3113 2588 2536 3186 3649 2549 2576 2586 
2536 2588 2612 3186 629 3489 646 630 2412 
4166 2117 4173 3919 3917 571 595 3489 645 
646 662 4171 1875 1876 4170 3514 3511 622 
638 3990 4038 2905 4003 4341 3050 2968 2934 
3770 3034 3700 3117 3698 3700 3770 3034 3021 
3034 3698 3177 3050 4341 2968 3701 3698 3034 
3770 3177 3233 3641 3089 3243 2388 2150 2147 
4364 1110 3871 1127 1111 3258 3223 3275 3646 
2816 2817 3972 2862 4336 4341 1732 4342 2084 
2349 2083 4258 3277 2524 3282 2562 4180 3274 
2582 3273 3221 3274 3243 3644 1577 1911 4230 
2096 3622 3221 3628 3623 3548 3642 804 3556 
3628 3221 3629 3623 3498 4219 4218 3501 3417 
3413 3416 456 3493 613 614 630 3361 2617 
2631 2620 2625 3333 2631 2585 3343 3397 3346 
3376 3871 1110 1127 3870 790 3556 789 806 
4132 1445 4100 1429 3331 3372 3392 3371 495 
43 42 2215 3919 3465 571 3917 4426 4429 
1461 4428 190 2773 189 560 3456 561 544 
545 2852 2949 2786 3619 3978 1223 1207 3979 
3392 3391 3393 3331 438 422 3356 439 3380 
3409 436 437 4132 1429 4100 4085 541 540 
3452 4450 4089 3710 3699 3709 874 3716 3707 
885 371 3315 3324 372 3276 3245 4191 3222 
438 3381 3356 422 2630 2632 2629 3268 3395 
3374 431 3372 3593 3582 706 3581 3918 3917 
3465 3919 438 3382 3356 3381 3354 404 3350 
3337 4261 1619 2679 2676 418 3349 402 3347 
3563 3631 3629 3634 1619 4261 2679 4262 3564 
3635 3629 3571 4089 3724 3699 3710 2586 3224 
3267 3273 3567 3573 3539 3525 4089 3713 3699 
3724 335 351 70 2187 877 3696 878 881 
3525 3638 3571 3602 3562 3599 3567 3524 4067 
3164 3142 3188 879 166 880 2796 3800 3762 
3818 3791 914 931 3772 930 3568 3635 3564 
3525 3539 3521 3518 3525 3722 3712 3709 3711 
495 2215 42 479 3774 3712 3778 3711 1719 
4326 2005 4324 3822 3880 3850 2557 3725 3737 
3756 3741 1300 4040 1299 1316 3359 3356 3351 
3338 2867 3085 4186 3102 2813 2814 3932 2861 
2296 3743 2444 2333 4183 4178 4189 4192 1148 
3881 3898 3899 3900 3902 3930 3899 3221 3646 
3649 3274 2261 2114 4179 2337 3983 3877 3951 
3985 4361 2025 1751 4364 3896 3881 3897 3898 
1147 3898 1148 3881 2365 2165 4308 2428 3930 
3902 3931 3901 3859 3900 3897 3882 2542 2465 
2505 3877 4055 1351 1335 4056 3359 3325 3351 
3356 4056 4018 4059 4058 3127 2578 3113 3162 
3111 3090 3079 4304 2835 4312 2928 2898 3938 
3939 3209 3162 4002 4055 1366 4053 2813 1152 
3932 2814 4053 1349 1333 1350 1334 4053 1333 
1350 4021 4035 4064 4032 3359 3311 3351 3325 
1422 4093 4111 4094 828 812 811 3648 4399 
1808 2068 1807 4404 2633 4437 1819 3359 3338 
3351 3311 4438 2634 4404 1820 4055 4057 1335 
4042 4082 4028 4070 2502 2813 3924 3932 1152 
1784 4375 2733 2044 2813 2861 3932 3924 4082 
4081 4070 4028 4163 3042 4164 2946 891 3732 
867 868 4217 4219 4210 4218 2970 4274 4273 
2981 3633 745 3611 746 3732 891 867 3738 
3279 3319 3285 3269 3356 3362 3355 3338 3589 
3575 3590 3576 671 687 2203 3547 757 3624 
740 756 2307 2308 2203 3547 4318 2003 2162 
4328 4393 2065 1802 4394 671 3514 2204 655 
3918 3919 3466 3920 2301 2279 2189 3294 3201 
3248 3173 3189 3483 610 578 579 3689 3669 
3684 3690 1209 1193 1192 3980 1396 1380 1379 
4074 3684 3669 3683 3690 3840 1043 1027 1044 
2713 2968 4335 2710 3794 986 969 970 3972 
3133 2902 2862 3681 3246 3680 3692 4067 3710 
3697 4084 4318 2161 2162 2003 4219 4222 4211 
3501 1179 3929 1178 3967 3999 4071 1362 4074 
2902 2816 3972 2862 3541 3519 2477 3501 2358 
2344 4160 2408 4155 3000 4158 4149 216 1467 
2745 1475 4408 4407 4409 4394 4155 1854 1478 
1855 4280 1954 4284 1953 2688 2966 2691 4288 
3213 3712 3723 3153 2968 2713 4335 4334 4432 
4140 1840 1836 4423 4426 4147 4427 3877 3857 
3880 3859 4318 2407 2162 2161 3472 3534 660 
661 3857 3877 3880 3872 3665 3258 3275 3246 
3173 3239 3018 3073 3665 3667 3275 3258 1874 
4168 1511 1875 4393 1801 1802 2065 1456 1840 
4435 2743 2752 1504 2643 270 3736 2498 3755 
3785 3665 3645 3275 3667 2234 2327 2235 3854 
4393 4388 1802 1801 1456 1839 4435 1840 2095 
4226 2401 2386 4226 2095 2401 4230 2234 3854 
23 24 1055 3854 3833 3853 1456 2838 4435 
1839 2395 2527 4268 4276 2541 3267 2606 3192 
2538 2997 3113 3071 3710 3709 4089 4086 1456 
2743 4435 2838 1809 4404 1808 2069 4404 1809 
1808 4402 3993 3996 3994 4015 2841 2751 211 
1493 1301 4041 1302 4017 525 3453 542 526 
3525 2573 3635 2485 4005 4011 3993 3992 1128 
1112 1111 3871 1607 4250 2672 2979 4257 1935 
4256 4244 2573 3525 3635 3519 2541 2606 2545 
3192 3171 3310 2994 3004 1516 2644 1520 269 
3481 3531 3552 3527 4393 4394 1802 4388 3392 
3372 429 3371 3481 3528 3080 3522 398 382 
3334 3335 459 3421 3420 460 3359 3384 3356 
3362 1903 1566 4216 1556 2654 1550 2657 263 
3509 589 3511 621 587 588 3509 620 586 
3502 618 3503 2784 179 736 178 3481 3522 
3552 3531 3007 3321 3150 3344 3912 3491 3911 
601 188 3904 607 189 3947 2563 2583 3946 
3026 3060 3165 3617 3649 3274 3646 3224 3112 
3042 4158 3161 1193 3966 3981 1194 3892 1141 
3890 3869 3926 3891 3927 3890 3817 3824 3816 
3789 3481 3080 3552 3522 2907 2829 2644 4174 
3947 2611 2583 2563 3822 3216 3816 3809 1238 
3940 1221 1237 429 3372 3392 3393 2600 2496 
2445 4029 3112 3161 4158 3146 4063 4061 4027 
4062 1279 2258 2257 0 522 3451 539 523 
1745 2018 4351 2019 1217 2817 1200 1216 33 
2225 32 3989 1311 4037 4046 4036 4158 4159 
4157 4160 2022 2150 1752 1748 3075 3478 3108 
2850 3402 3395 3393 3373 3112 3001 4158 2963 
4158 3000 3112 3146 3612 3601 3613 3588 2359 
2122 4157 2121 3341 3372 414 3342 1725 4336 
4334 2011 1739 2015 4349 2016 4231 3043 4232 
3008 2031 1764 2143 1766 3947 3994 2583 2611 
3429 3428 3432 3442 3531 3532 659 660 3418 
3328 3417 3413 3429 3440 3432 3428 573 3919 
3466 572 93 2148 1754 1758 3530 3532 659 
3531 213 1485 2746 1481 573 557 556 3466 
3947 3946 2583 3994 2940 2036 4374 2728 1733 
2016 1734 4344 4414 4442 4412 4441 1541 4198 
1540 4199 3440 3432 3908 3433 3884 1119 2230 
1135 3445 3433 3430 3429 913 2890 3769 3703 
2960 4243 4251 4249 1702 2705 1996 237 3683 
3667 3682 3691 3649 3221 3283 3646 2960 3081 
4251 4243 4163 3273 2551 2408 3450 522 521 
4447 675 659 3530 3532 3483 579 3486 611 
3429 3433 3432 3440 604 3486 3483 579 12 
895 13 2245 3884 2229 2230 3885 3884 1135 
2230 2229 4278 4281 1951 1637 12 2245 4115 
864 4281 4278 1951 4273 2960 2978 4251 3081 
3483 578 604 579 2960 4249 4251 2978 2766 
448 3403 2767 3244 3622 3257 3643 3429 3442 
3432 3433 298 3692 3680 3693 467 3408 466 
3407 4140 2743 4435 1840 3240 3246 3225 3242 
4140 4433 4435 2743 1948 4279 1949 1626 4140 
4432 4435 4433 331 3305 3307 315 69 2188 
335 70 4381 3124 3094 3013 4093 4082 1422 
4081 1141 1157 1158 3892 4005 4015 4009 4018 
1246 2222 1247 2223 3769 2890 913 2799 3954 
3930 1181 1165 69 319 335 2188 1419 1420 
4108 1436 4180 3273 4175 3274 2179 1651 4287 
2182 4043 4014 4022 4018 4381 2480 3094 3124 
4140 1840 4435 4432 4192 1528 4189 1887 1513 
2116 1509 1876 1203 3975 1220 1204 1888 1527 
4188 1889 3305 331 3307 3285 3236 3482 3235 
3535 828 3648 811 827 1934 1612 2086 128 
1149 1133 1132 3881 1203 1219 1220 3975 1418 
4091 1419 4079 1418 4079 4090 4091 4112 1422 
4111 4094 3057 3242 3240 2983 4188 1527 4190 
1889 4285 2276 2508 4286 4260 2334 4258 4269 
1888 1889 4188 1533 3908 3483 3478 3906 2756 
207 303 206 3242 3057 3240 3238 3302 328 
3301 312 3908 3484 3478 3483 765 3636 748 
764 3908 3432 3478 3484 2936 3091 4359 2937 
4351 1745 1744 2018 3051 3083 3111 4304 2898 
4310 2928 3051 4180 2523 4169 3273 4348 4351 
4349 4350 4265 4266 4261 4267 3167 4266 3046 
3140 328 3302 3301 3266 765 749 748 3636 
399 415 37 2220 1902 4220 1901 1558 3685 
3689 290 3688 3908 3906 3478 3432 3667 3271 
3258 3691 3909 3910 3908 3484 3908 3486 3909 
3484 2460 4272 2082 2079 2080 1950 1635 133 
3616 3556 3548 3617 4220 1902 1901 4212 707 
3555 3596 708 3100 4175 4167 3273 1907 1570 
4229 1569 4267 1625 1944 1626 4381 4373 3094 
2480 1907 4226 4229 1570 1030 3818 3815 3819 
1240 1224 3945 1241 3725 3741 3756 3740 4273 
4277 4274 4275 576 3477 608 609 996 3800 
1013 997 2927 4289 4286 2997 1907 4223 4229 
4226 1159 3893 3928 3941 1907 1569 4229 4223 
3376 3347 3346 3343 4134 3724 4135 4104 3800 
996 1013 3814 4091 3734 4109 4093 2870 3346 
3336 3343 3437 3438 2848 2872 1996 4312 1993 
1696 1993 4313 1994 1697 734 3590 3614 3603 
1547 4203 4205 4206 3543 3575 3574 3576 3764 
3829 3767 3215 3970 1182 1181 3930 2214 2315 
510 527 3483 3477 577 609 1547 1546 4205 
4203 4283 2371 2183 2370 2183 2371 4283 2184 
4166 1500 1873 1499 1639 1954 4284 2078 1547 
1899 4205 1546 1547 4206 4205 1899 2535 2523 
4180 2582 2325 2469 2327 3852 2780 2781 182 
672 3417 3328 3418 3419 1332 4052 1331 4051 
3551 3580 705 3581 3212 3725 3739 3734 4024 
4015 3998 4030 3258 3272 3262 3270 3212 3732 
3739 3725 3212 4107 3739 3732 727 3585 710 
726 583 600 3913 599 4381 3013 3094 4373 
1396 4074 1379 1395 4180 2523 2535 4169 3560 
3528 3523 3557 804 3643 805 3556 3605 3619 
2852 3618 1880 4179 1518 1883 3663 856 3682 
295 3675 831 3651 2194 3680 3661 853 3660 
3457 561 3905 3456 4310 3051 2898 3809 3212 
3734 3739 4107 3486 628 611 612 567 568 
3913 599 3801 3762 3820 3764 2848 2771 2770 
3437 3956 3988 2322 2465 1364 1348 4051 4053 
1391 7 6 2251 895 3758 911 2244 2115 
4172 2413 4173 4423 2260 2268 4147 4423 2415 
2268 2260 4095 4097 1425 1409 4423 4398 2268 
2415 1286 4016 1303 1287 4268 4279 4267 4272 
434 3398 3378 3376 170 1408 2792 2793 1149 
3881 1132 1148 3666 3668 857 841 4280 4268 
2395 2460 4436 2742 2633 1830 434 435 3378 
3398 1839 1456 2838 217 820 3642 803 819 
3214 4076 3211 4080 2204 2308 3514 671 2944 
4400 4399 4403 2999 2947 4141 2945 4019 4070 
4028 4080 3236 3088 3235 3082 4020 4080 4029 
3211 1809 4404 2069 4406 4069 4019 3210 4070 
3666 840 824 841 3088 3236 3235 3528 4135 
3724 4090 4104 3724 4135 4090 4105 3804 1021 
1004 1005 820 804 803 3642 1021 3804 1004 
3830 3887 3889 3863 3864 3889 3887 3863 3888 
1874 1504 4168 1505 4160 1490 4157 2122 3210 
4078 3169 3124 3998 4015 3996 4030 4423 4147 
2268 4398 4410 2553 3182 2497 3772 3790 3747 
3788 2686 1959 2933 1648 3849 1049 3827 1050 
3942 3943 3980 3966 412 3340 411 3371 1963 
2689 2927 4285 1626 4272 4279 1949 3860 3861 
2897 2900 3932 3960 3959 1169 1184 1168 2815 
3959 3160 3133 3973 3132 3396 3394 3425 2318 
3816 3836 3229 3808 2902 3933 2901 3120 977 
2802 960 976 3209 2578 3186 2588 1120 2811 
151 2812 3367 3370 3340 3371 4185 4193 2867 
2648 4272 1626 4279 4267 3276 4178 3245 3274 
3281 3669 3277 3689 977 961 960 2802 3485 
659 643 660 2308 2204 3514 2373 434 418 
3378 435 1894 1895 1539 4197 2226 2227 3956 
2291 731 3587 3612 3588 1541 2108 2105 116 
3276 4191 2476 3222 3539 3569 3538 3540 3588 
715 3574 716 4187 4189 4181 3023 3539 3573 
3567 3569 2227 2226 3956 3957 528 529 3437 
3456 2475 2485 2539 3635 528 512 3437 529 
2671 2920 2960 4243 1923 4240 1924 1592 3771 
3011 3050 3775 3899 3882 3883 3881 3772 3715 
3773 916 3751 3716 3719 902 434 3376 3378 
418 4013 4023 4022 4018 4240 1923 1924 4245 
3948 1162 1177 1161 3778 3735 3721 3712 3721 
3735 3722 3712 3894 1162 3948 1161 4110 4094 
4113 4138 3675 2193 831 2194 1455 4138 4116 
4139 2790 832 173 816 4112 1438 1422 1439 
2444 3725 2601 3734 4410 3044 4397 4424 4413 
4396 4409 4416 1641 2077 1954 2078 3378 3348 
3376 3398 2080 2395 4280 2077 2241 959 16 
17 3721 3735 3778 3781 3745 3741 3725 3743 
639 3514 623 622 3705 3715 3695 3706 3822 
2457 4306 2618 727 711 710 3585 4013 4016 
4022 4023 2444 2470 2569 3725 3749 3715 3750 
3707 857 841 840 3666 3233 3089 3135 3100 
3896 3879 3895 3897 1146 3876 3896 3878 2361 
4401 4410 4389 3873 1145 3894 1144 3888 3926 
1156 3890 4013 3992 4022 4016 980 3788 963 
979 4255 1603 4254 1604 127 1606 1930 2088 
4242 2495 3176 3185 2085 1604 4255 2088 4254 
1604 1930 2088 4255 1604 4254 2088 4013 4018 
4022 3992 3888 1155 1156 3926 3463 3430 3462 
3914 3888 1139 1156 1155 2761 201 368 2762 
3805 3767 3768 3804 3827 1049 1033 1050 980 
964 963 3788 1126 1143 1127 3870 1034 3827 
1033 1050 3805 2478 3768 3767 4006 4040 1299 
4012 583 600 582 3491 4368 4366 4363 4367 
309 3299 277 3297 4025 1306 4044 4026 929 
3769 946 930 3805 3798 3768 2478 697 681 
3538 3540 1306 4025 4044 4031 3651 2194 814 
2303 3258 3665 3682 3263 4368 3116 4363 4366 
762 3633 745 761 3280 3284 3305 282 4006 
3990 4000 3991 4032 4036 4024 4035 4024 4036 
4032 4033 929 945 946 3769 4190 1528 4192 
1890 3796 3804 3797 3755 4191 4192 2356 4196 
2110 4196 2356 4192 4191 4195 4190 4196 4190 
4192 4191 4196 3805 3804 3768 3798 1781 2039 
2038 2140 1208 3979 1207 1223 4379 2138 2043 
2137 44 527 2213 2214 1934 1604 2085 1612 
4230 2093 1577 2096 2056 1808 4402 1807 4368 
4369 4363 3116 2633 2742 1818 1830 1813 2074 
4415 4414 3138 3013 3124 4381 3651 2194 2303 
2281 3623 3556 3563 3628 3623 3564 3563 3556 
4368 4367 4363 4369 3394 2318 2317 3425 3394 
2400 2317 2318 3964 1189 1188 1172 4010 4061 
4079 4059 762 746 745 3633 4086 3710 4068 
4069 3797 990 1005 989 3623 3629 3563 3564 
3805 3833 2328 2493 3964 3976 1188 1189 3474 
3219 3500 3476 3552 3531 3553 3529 3964 3962 
1188 3976 4375 4376 2733 2044 3399 3348 3378 
3398 3623 3628 3563 3629 3964 1172 1188 3962 
3337 388 3326 389 2448 3735 2598 2569 4415 
1814 2063 4418 4236 3125 3052 3176 3394 3425 
2317 3424 1521 4176 1881 1884 4415 2062 2063 
1814 4102 4123 4132 4122 4415 2066 2063 2062 
4415 4418 2063 2066 1521 1522 1881 4176 1605 
2671 2670 4243 3293 3688 3292 3687 3377 3398 
3399 3409 2520 2455 3723 4363 3304 3312 3327 
3330 2520 2561 3723 2455 3139 3159 3487 3479 
3552 3531 3522 3554 2822 2905 4038 4003 3979 
3942 3941 3943 125 1594 1600 2089 2238 20 
2237 1007 2520 3712 3723 2561 2822 2823 4038 
2905 3556 3624 3548 3625 2822 1296 4038 2823 
2520 4363 3723 3712 4218 4225 3498 4215 725 
742 3609 741 4225 4218 3498 4219 1521 4176 
1884 2829 3594 723 3607 722 4181 4176 1521 
2829 4337 3760 4330 3701 4193 1538 3550 2974 
4353 2019 1742 1746 3772 3700 3770 3698 2152 
4353 1742 1746 687 2203 54 671 1538 4200 
2653 1894 2895 3036 3786 3807 1737 231 2714 
1741 2021 4355 2020 4360 3945 1226 1242 1225 
3933 3925 3934 3924 429 446 3393 445 3948 
3942 3894 1161 1538 4193 3550 4194 192 191 
528 2771 4258 4259 4257 4260 4277 4278 1631 
4279 2822 4003 4038 1296 2653 1548 1538 1894 
4351 4353 1745 2019 3402 3423 3393 446 3453 
543 526 527 2052 1802 4388 1801 3453 3455 
543 527 4394 1802 4395 2067 3732 3731 4118 
868 636 653 637 3510 3615 2199 2198 59 
4173 2115 1876 1507 687 55 54 2203 4144 
4140 4143 4145 2822 1296 140 141 4136 4106 
4137 1434 2115 4173 1876 4172 751 3615 58 
735 1384 4077 1401 1385 3696 4127 4096 4126 
4372 1775 2038 1774 116 1537 1541 2108 751 
59 58 3615 1787 2042 4379 2043 3448 537 
521 3450 2385 4381 4379 2273 4115 3743 4113 
4116 1541 2108 4199 2105 3448 520 521 537 
3577 3603 718 719 3352 3413 3353 3410 4198 
2107 4196 2405 3861 3808 3864 1106 303 206 
272 2756 3459 3440 3460 3443 3448 4447 521 
520 3489 613 3486 3491 499 3353 516 500 
3816 3811 3817 3789 1384 1400 1401 4077 499 
515 516 3353 515 3439 498 514 3831 3853 
3851 1053 450 3408 467 451 450 466 467 
3408 938 955 3782 954 1124 1141 1125 3866 
1893 1537 2107 2108 3523 3598 3562 3524 3860 
1105 3861 3862 2107 1537 1893 1535 3863 3866 
1124 1108 3448 3450 521 4447 2544 4080 4028 
4070 1304 1288 4022 4026 1164 3899 1148 3898 
3453 2312 3455 527 2905 4038 2865 2823 2476 
2463 2265 4191 1573 1911 1577 2096 4329 4327 
4328 4325 4336 2012 4338 1732 1872 1498 4164 
4165 1340 1324 1323 4062 1498 1868 4165 1499 
4144 1846 4143 4140 1489 1488 4159 1859 4102 
4103 4133 1431 1993 4312 1996 1702 1872 1498 
4165 1499 4330 4337 4335 4319 1967 1654 1664 
2691 1872 1498 1871 4164 4144 4146 4143 1846 
4144 4145 4143 4146 2003 1709 4317 4318 4336 
4334 4335 1725 4087 4103 4102 1431 1489 1863 
4159 1488 3932 3924 3934 1153 2159 4328 2162 
1716 3791 3801 3793 3763 1601 1927 1605 2670 
3793 3801 3766 3763 3838 3786 3837 4459 4240 
1923 2669 1591 1751 2025 1752 4364 1725 1729 
4335 2008 2025 1754 1752 2147 1489 4160 4159 
1863 2269 4153 2126 2259 2007 1716 2006 4328 
3267 3192 3170 3268 4324 4326 4323 4327 4371 
2036 2940 2729 4336 4330 4335 4334 4319 3760 
4322 4321 3173 3248 3151 3189 3857 3871 3841 
3874 1919 1588 4241 1920 2433 3902 3859 2441 
133 2077 1633 1641 2451 4416 2419 2346 3083 
3090 3111 4304 1429 1412 4085 1413 1412 1429 
4085 4100 4325 4326 4324 4327 3822 3880 3841 
3850 388 3337 405 389 388 404 405 3337 
3679 852 851 3658 2130 2131 4420 2076 3417 
440 3385 441 3325 3360 3345 3411 662 3537 
679 663 132 1954 1639 2078 4322 3760 3810 
2834 785 769 768 2787 3783 3784 3736 2565 
3537 662 679 3536 4152 1472 1473 1850 4336 
4337 4335 4330 3559 3598 3597 3584 785 2787 
768 784 3542 3543 700 684 893 3742 894 
865 3698 3706 3769 3703 1472 4152 1473 4146 
4119 4105 4135 4120 3696 4098 3695 3705 1816 
2738 2056 2065 4217 1900 1901 1557 1900 4217 
1901 4210 4028 4010 4019 4080 3697 3152 4086 
3142 3721 3713 3722 3735 1801 2738 2736 220 
3944 3872 3943 3979 2738 1801 2736 4393 1816 
1801 220 2738 2667 1590 1580 1915 4323 4322 
4324 4327 2031 2143 2422 2144 2750 2751 4161 
1867 4393 1801 2065 2738 2143 2031 2422 4370 
2065 1801 1816 2738 4397 2832 4385 4403 11 
2247 1455 4139 2436 2599 3521 3578 4411 2072 
1812 4414 4199 2108 2405 2105 3944 3877 3943 
3872 2108 4199 2405 4198 2436 2603 3521 2599 
2084 4257 2083 1938 1360 2826 137 136 1695 
1685 2701 1986 4230 4226 3498 2401 3349 402 
386 403 3399 3398 3378 435 3663 3662 3664 
839 400 2763 199 2764 3027 2847 2871 3343 
3349 3336 386 402 3733 3712 2598 2561 3649 
2406 2576 2549 2436 3544 3521 2603 3677 3654 
3678 849 3349 3310 386 3336 3077 3104 3080 
3522 289 3685 288 862 2447 3294 2301 2290 
3592 3104 2883 2884 1360 1344 137 2826 3865 
3118 3973 3160 3349 403 386 3310 3273 2586 
3274 2582 3266 3303 3318 329 2436 3578 3521 
3544 2586 3273 3274 3224 3677 3653 3654 849 
3353 3440 3441 3443 2843 3238 2844 3247 3445 
3430 3462 3446 3418 3357 489 490 3676 3653 
3677 848 3630 3564 3610 744 3244 3622 3616 
3644 2026 1762 4367 4368 2536 2570 3202 2619 
1039 2236 3833 2235 3538 3569 3539 3567 729 
746 3611 745 2205 2305 3514 2373 4247 4253 
4254 4252 2236 1039 3833 3834 73 2221 399 
37 907 3738 3754 3756 4348 4351 4355 4347 
2026 2027 4367 1762 3861 2811 2955 1105 1123 
3863 1122 1139 4351 4348 4355 4350 739 3624 
756 740 4238 2521 2572 2495 1417 1416 4088 
4077 4047 4049 3990 4048 2026 4366 4367 2027 
1467 2745 2743 216 4096 4129 4127 4095 1565 
4227 1564 4226 2026 4368 4367 4366 2745 1467 
2743 4140 4208 4210 4207 3482 2570 2515 3174 
3185 2993 4368 2992 3116 3791 3762 3801 3763 
3091 3712 3780 3011 2025 2148 1754 2147 4336 
1731 4334 2011 4406 1809 1810 2070 4312 2703 
2930 4303 3174 3176 2570 3185 4282 1637 4278 
1638 1964 1649 1963 4285 1689 1678 2699 1983 
3401 3367 3400 3388 2508 2276 2537 4286 3387 
3367 3400 3389 4285 1649 1960 1650 3400 3367 
3387 3365 739 755 756 3624 3636 3570 3633 
4454 73 383 399 2221 3633 3570 3563 4453 
2423 2548 2389 4343 3944 3979 3943 3980 3400 
3367 3328 3388 3514 2305 2206 2309 3511 3514 
3512 3513 3942 1192 1191 1175 3537 3524 3562 
3567 3942 3979 1191 1192 3412 3379 3382 3381 
4201 3516 4200 2975 3328 3367 3400 3365 1121 
1105 3860 3862 3568 3524 3535 3525 3535 3519 
3568 3525 3535 3524 3518 3525 3518 3521 3535 
3525 3708 3715 3705 3707 3801 3762 3764 3763 
3153 3712 3091 3011 3735 3741 3745 3785 1809 
4406 1810 4405 3564 3630 3610 3631 3744 894 
864 895 3744 865 864 894 3514 3512 3515 
623 4357 2022 2021 1745 288 2191 67 863 
3465 3452 3466 540 3412 3410 3382 3379 3799 
3790 3761 3762 3416 439 3384 440 3457 3439 
3458 530 3949 3877 3897 3943 3744 895 864 
3743 3422 3357 3420 4444 3766 3801 3764 3763 
3452 3451 3357 4450 2662 2665 4228 2830 2420 
2454 2480 4373 3701 3727 3775 4343 289 3688 
3685 290 2995 2942 3086 4375 3293 3687 3292 
3295 1755 228 2720 1759 794 795 4454 3570 
2421 2455 2422 4369 3729 889 3753 888 3929 
3898 3896 3897 3942 3941 1191 3979 3808 1108 
3864 1107 1394 4071 1377 1393 794 778 4454 
795 1903 4217 1904 1557 1394 1378 1377 4071 
3674 3686 2302 3687 2302 3292 3674 3687 4045 
4031 1323 4027 1163 1164 1147 3898 1163 3896 
3929 3898 1899 4206 4205 4213 794 4456 4454 
778 1546 1895 1545 4203 3942 1175 1191 3941 
3546 2308 3476 3544 4409 4414 4413 4417 1132 
1133 1116 3881 3546 670 3476 2308 2735 2048 
1790 4376 3893 3871 3857 3874 3896 3881 3878 
3879 4155 1850 1478 1849 2036 1772 2729 4371 
794 3570 4454 4456 3172 4076 4073 4009 4020 
3211 3994 4009 4397 3010 3040 3044 3172 4005 
3994 4009 474 457 3419 458 4000 4009 3172 
4001 4171 1506 1873 4173 2646 267 1526 2649 
3704 3748 3749 3706 4246 1929 4253 1928 2117 
4166 1873 4173 4442 2639 2638 1824 2874 3404 
2873 3005 3683 3271 3667 3691 2639 4442 2638 
4425 4281 2982 1642 1643 1966 1651 1965 4287 
1873 4173 4165 4171 1667 1972 1971 4294 4163 
4173 4165 4166 464 2767 196 195 2537 2369 
4290 2368 4169 4173 4170 4171 3546 3545 3476 
670 2755 208 3676 207 2485 3571 2539 3635 
2573 2434 2485 3525 2205 53 2204 655 3951 
3209 3952 4473 591 49 2208 50 2206 639 
2205 3514 2413 4173 2412 2118 1513 4172 2116 
1876 2152 1742 91 1746 464 448 196 2767 
166 2796 879 167 3704 899 3749 3748 3839 
3808 1075 1076 3952 3209 3946 4473 3839 1075 
3838 3840 3379 3321 3351 3348 386 3310 403 
387 2020 2719 4359 4354 4109 1436 1420 1437 
2346 2396 4420 2130 1417 4079 1401 4077 2403 
4204 3501 2477 3894 3942 3948 3943 2994 3321 
3336 3310 2346 4416 4420 2396 4303 1692 1691 
1986 4181 1530 1521 1885 3234 3137 3550 3055 
3336 3321 3343 3348 3375 3397 3343 3376 1781 
2137 97 2140 1734 2156 4339 4344 3325 3321 
3351 3379 4259 4260 4258 4269 2086 128 2083 
1610 1935 1608 4257 1936 3502 597 3917 3503 
1671 78 2176 1974 4282 4278 4281 4273 1679 
1984 4307 1983 392 3363 3327 391 4358 4364 
4357 2022 3546 3544 3476 3545 1752 4364 2147 
2150 2418 4364 4358 2388 4366 3116 4363 3012 
4160 1496 1869 1495 2346 4418 4420 4416 586 
597 3502 3503 1847 4148 4146 1473 4162 3101 
3054 3042 596 597 586 3503 3917 597 596 
3503 4363 2455 2387 2362 4112 1423 1422 4094 
2444 2601 2443 3734 4204 2403 3501 4211 2160 
1721 4333 4328 3651 3672 3650 830 3668 842 
826 843 4363 3116 4369 3723 3748 915 3749 
3706 4067 3115 3142 3164 3115 4067 3142 3697 
4349 2019 1739 4352 4164 1497 2750 1867 3932 
3924 3933 3934 3684 3670 859 3669 2761 3314 
2869 3322 3324 387 371 388 4443 4422 2640 
4421 859 3670 3684 860 196 448 2766 2767 
3500 3472 3517 3490 3328 3383 3325 3359 423 
3356 422 439 2328 3833 2292 2493 703 3546 
686 702 668 3539 667 3542 3472 3500 3517 
3537 702 3577 3576 718 4437 2633 2742 1818 
3611 3600 3610 3599 2760 352 2761 202 3999 
4053 4074 4051 1448 871 4120 4121 2633 4437 
2742 4436 3326 390 374 391 4306 3111 3079 
4304 2328 3833 2236 2292 3887 3864 3886 3889 
2493 3833 2292 2469 2346 2130 4420 4418 2867 
4186 4185 4187 3767 2493 2575 2469 2935 2969 
2719 4354 2292 3833 2327 2469 4161 4164 2750 
1867 4344 2016 2153 4352 815 63 62 2195 
4110 3739 4116 3743 2716 4346 2717 4345 374 
375 3326 391 3169 3094 3153 3723 3661 837 
821 838 3153 3094 3116 3723 3970 3987 3971 
3988 1726 4337 1727 2009 815 2195 62 799 
3326 391 3327 3338 1719 4326 1720 2005 3487 
3434 3442 3496 3327 391 3326 375 3886 3936 
3889 3855 3975 1204 1187 1188 3833 2328 2236 
3834 1060 3840 1059 1076 3869 1142 1126 3870 
1063 1047 3843 3845 999 1016 3825 1015 4002 
4008 4077 4010 4074 1379 1364 1380 2639 4443 
2640 1825 1389 1406 1390 4081 4443 2639 2640 
4422 3263 3264 296 279 3849 3851 1067 1051 
3971 3956 3970 3988 1603 4253 1602 4252 867 
3740 3732 3738 2160 2157 4333 1721 2928 4312 
2835 2702 2226 3989 3971 1199 4075 1414 4087 
4085 3740 867 3732 4117 3945 1257 1240 1241 
422 438 3381 421 3945 1257 3995 1256 2160 
2390 4333 2157 2160 4328 4333 2390 1946 4272 
1945 1627 2748 2841 4159 2910 2269 4148 2126 
4153 4140 4144 1846 1468 4272 1946 1945 4270 
4140 1468 1845 1467 4075 4068 4087 4077 1006 
1007 3798 3805 3697 3710 4098 4084 1840 1468 
4140 1467 1850 4152 1851 1473 4075 4085 4087 
4068 2043 4379 1781 2042 777 4453 4456 778 
734 3615 3614 750 4453 777 4456 4455 4379 
2043 1781 2137 3562 3599 3524 3598 4098 4130 
3697 4084 4276 2508 4283 2370 1983 1984 4307 
1686 1873 4166 2117 1500 2757 2756 3241 272 
2508 4276 4283 4282 2517 3783 3785 2500 4306 
3079 3111 2528 4158 3042 3112 3101 4161 2912 
2841 2751 4259 1615 1940 1614 2757 2840 3241 
2756 3783 2517 3785 3735 3442 3435 3496 3447 
1950 2079 4272 4280 3252 3248 3239 3298 3323 
3204 3201 3203 1950 1627 4272 2079 2757 3247 
3241 2840 4085 1413 4075 1414 1364 4053 4074 
4075 423 3384 424 3362 3767 3829 3852 2469 
3254 323 3315 322 3325 3382 3381 3356 4312 
1989 2702 2703 1413 4085 1430 1414 3513 3514 
2206 2309 703 687 686 3546 2206 3514 3513 
3515 3511 593 3512 590 4054 4040 4052 4004 
4317 3810 2988 4322 3404 3007 2873 3005 298 
3693 852 299 273 3241 3247 3250 273 3694 
274 301 1413 1429 1430 4085 3473 3497 3505 
3496 3815 3843 1029 1030 251 2679 1619 2676 
1950 1949 4272 1627 4101 4131 4098 4084 3840 
1075 1059 1076 4334 1725 2713 4335 1950 4280 
4272 1949 4373 4381 4374 4379 4336 2012 1726 
4338 2757 272 3241 3247 1517 1882 4176 1881 
3258 3271 3667 3669 417 433 3397 416 409 
3366 410 3339 3333 2585 2625 2547 3353 482 
498 3074 4009 4015 4020 4018 4341 4348 2989 
4345 3337 3324 387 3310 3337 388 387 3324 
3467 3922 3920 3921 589 593 3511 590 2209 
2286 2210 3923 2207 2285 3513 2309 3337 404 
387 388 2310 3455 3468 3454 2208 592 3515 
3923 3719 3716 3718 902 2774 3904 188 189 
3354 3381 3380 421 705 706 3593 722 3535 
3521 3541 3525 2220 2221 399 3342 460 3422 
461 3421 3418 3357 3414 3358 3384 3382 3416 
3383 1517 4174 4176 4177 3460 3912 3910 3911 
3608 740 724 741 585 3502 617 618 417 
3376 3397 433 3520 3472 3537 3474 4221 2102 
2099 1559 4191 4194 4195 4198 4213 2402 4214 
2101 1933 1603 1932 4252 3520 663 3537 3472 
2731 4374 2728 2980 4374 2980 2942 4375 1933 
1609 4255 4252 1465 4436 1464 2633 3771 3775 
3232 3763 4436 1465 1464 4435 1784 2730 223 
2733 974 3797 989 990 223 1794 1784 2733 
217 2741 2838 1465 3965 1174 3928 1175 3857 
3943 3872 3941 974 973 989 3797 4399 1807 
2837 4402 4412 4427 4401 4407 4133 4121 1448 
4134 4116 866 1453 865 3768 3784 2602 3736 
417 3346 3397 3376 307 324 3254 323 2537 
2368 4290 2367 324 307 3254 3297 1932 4252 
1608 1609 4426 4429 4427 4425 1637 1952 4278 
1638 2255 2254 1327 3 4163 2523 4169 4173 
2941 3009 2996 4377 4169 4179 4180 4177 4167 
2946 4164 4168 3520 664 3537 663 2944 4399 
4437 2739 4399 2739 2944 2740 2254 2255 1327 
4046 1006 1023 3832 1022 3520 3474 3537 664 
4092 4070 2593 2574 3517 3472 3537 3534 2449 
3368 3394 3424 3229 3178 3126 3064 1006 1023 
1007 3832 4115 2246 2333 2245 1439 2247 4139 
1455 4045 1325 4063 1324 2449 2400 3394 3368 
2851 3527 3031 3072 429 446 430 3393 3385 
3365 3328 3386 3088 3077 3528 3235 2449 2317 
3394 2400 3229 3111 3126 3178 3082 3134 3236 
3088 1780 2038 2037 4373 3229 3809 3126 3111 
4255 1603 1933 4252 3707 4124 874 875 4383 
1793 2050 1792 3487 3159 3469 3479 2449 3424 
3394 2317 4414 2074 4415 4419 3234 3528 3077 
3235 2955 3808 2894 3029 3626 3608 740 3624 
2898 2705 4310 2931 703 56 55 2202 4439 
4406 4438 4407 4067 3697 4086 3142 417 416 
3397 3346 4068 4077 4072 4019 3854 24 1087 
1071 3393 3391 3392 3423 3363 3339 3359 3364 
3144 3064 3230 3126 634 3499 633 650 2848 
3437 2872 2771 3006 3070 2877 3906 396 413 
397 3341 3353 3344 3407 3074 24 3854 1087 
2233 3373 3372 3342 3374 336 3314 2760 352 
306 307 275 3296 1272 1271 4022 3995 3676 
3653 3652 3654 2219 3374 39 3396 1272 1288 
4022 1271 3276 3623 3629 3221 1000 3801 999 
3825 3077 3055 3137 3234 3818 3791 998 3800 
1032 3825 1031 3820 1272 1289 4022 1288 4434 
4407 4404 4400 3816 1109 1092 1093 3503 3507 
3509 3504 3626 741 740 3608 3500 3501 3508 
3219 3137 3055 3085 3550 3973 1202 1185 1186 
4118 4107 3728 3732 3246 3657 3693 3251 3626 
757 740 741 4428 4430 4427 4429 3508 3219 
2532 3506 1419 4106 4108 4091 3111 3051 3809 
3126 3657 3246 3693 3660 4320 2707 2001 2706 
1886 1887 4189 1528 2487 3795 2458 3216 1128 
1112 3871 3873 1887 1886 4189 4183 826 827 
3648 3668 4311 4315 4308 2365 1272 3995 4022 
1289 3918 3449 3916 3436 3172 4009 4000 4005 
3442 3435 3176 3096 2488 2308 3514 2373 4167 
2946 2958 3100 4158 2963 4159 3112 3626 3624 
740 757 857 3668 3666 3667 2541 2551 2577 
3267 346 3319 3279 3303 4163 4169 4167 4171 
3248 3268 3228 3189 2145 1760 2146 2028 1751 
4364 2022 4361 3248 3228 3268 3249 4442 1824 
4441 2073 346 330 3279 3319 2989 4341 3050 
4343 346 329 3279 330 2602 2587 3768 2468 
2292 3833 2235 2327 4260 1941 4259 1615 4387 
2049 1797 2048 4369 4371 4368 4372 1733 2012 
4338 2013 2022 4364 1751 1752 876 3704 882 
883 2084 1938 129 1616 3049 3020 3036 3811 
2815 1168 3932 3959 2458 2348 4311 2481 4303 
1987 1986 1686 3144 3020 3049 3811 2458 3823 
4311 2348 2432 4298 4286 4299 3949 3967 3929 
3953 2145 4365 2148 1758 3659 3661 821 3643 
3548 2887 3121 2885 3248 3298 3268 3189 3704 
898 883 899 3426 3429 3442 3428 2262 4260 
2084 1616 2084 129 2262 1616 4434 4407 4433 
4430 3909 3486 603 602 302 3678 3694 301 
547 564 3458 563 3987 3988 3986 1230 346 
3303 3279 329 823 3664 824 3645 1244 1227 
3952 1228 3767 3830 3804 3831 1214 3986 1213 
1229 3248 3268 3298 3249 3116 3012 3153 4363 
4059 1354 1355 1371 3137 3102 4186 3085 3803 
3830 3767 3828 2125 4148 2268 4147 1012 3814 
1029 1013 4059 1338 1355 1354 1333 1317 4054 
4042 3102 3137 4186 3245 4391 2313 2473 2347 
4257 4259 4256 1614 4064 1341 4063 1325 1369 
4077 1368 1384 2003 4317 2002 4323 3082 2975 
3088 3235 4337 4324 4319 4325 3909 602 3911 
3491 2458 3822 4311 3823 4401 4394 4409 4407 
4321 4324 4331 1718 4391 2133 2272 2347 2068 
1807 1827 2740 2732 4376 2941 2735 2360 2375 
4157 2526 1167 3903 29 1151 4383 2136 1793 
2047 2313 4391 2473 4382 1844 2260 4147 1470 
1841 1470 1844 4147 1841 4426 4423 1832 2458 
2481 4311 3822 667 3507 3474 3539 3079 3090 
4307 4304 667 666 3474 3507 3169 3213 3723 
3153 4379 4381 4374 4380 403 420 3350 419 
3354 420 404 421 3355 3381 3354 421 3380 
420 3354 421 2691 4288 1967 1654 244 2690 
1660 1664 4059 1371 1355 4061 3941 3965 3928 
1175 3008 4238 4232 4231 3890 3867 3889 3891 
815 2195 798 814 667 3540 3474 666 3545 
669 3476 670 3404 466 3408 3407 3545 3543 
3476 669 3106 2497 4410 3182 4238 3008 4232 
4236 3088 2975 3077 3235 2516 3274 4180 4178 
3545 3544 3476 3543 3586 3562 712 728 2632 
2606 2629 3268 4200 3516 2973 2975 4045 1325 
1308 1309 3227 3261 3233 3224 3288 3689 3289 
3291 1905 4227 1564 1565 972 956 955 3782 
2570 2619 2624 3427 1935 2674 4256 2675 4209 
3482 4211 4204 730 3600 3611 3587 2605 2594 
4029 2600 3629 3631 3563 3564 4074 4053 1364 
4051 667 3539 3474 3540 1619 1623 251 2676 
857 3666 840 856 3613 3588 3601 3589 896 
3746 913 897 3668 843 827 3670 896 912 
913 3746 3550 2973 3516 3235 3552 2882 3072 
3527 3721 3699 3719 3711 3310 386 3324 387 
3552 3080 3072 2882 2240 18 2239 975 3324 
386 370 387 2505 3951 2567 3877 370 371 
3324 387 1178 3929 1179 1163 3205 3207 3947 
3200 3205 2620 3947 3207 1177 3966 3948 3942 
3859 3850 3885 3882 3205 3994 3947 2620 1191 
3965 3979 3941 1147 3896 1163 3898 3205 3200 
3947 3994 3552 3481 3072 3080 2594 2605 4029 
4080 4268 4276 3141 3114 815 799 798 2195 
1373 1374 4021 4081 2547 2467 2509 3313 4196 
1535 2110 2107 37 2221 399 2220 3466 3919 
573 3920 2538 3113 3141 3071 4268 2527 3141 
4276 3917 571 596 570 2490 2437 2286 3922 
3921 3923 3468 3922 574 593 592 3921 1969 
4290 4289 4299 3552 3527 3072 3481 3272 3223 
3258 3646 2690 4293 2691 2966 1075 3808 1092 
1076 3530 3532 3553 691 3597 3595 3621 3522 
674 3529 673 690 4259 1940 4256 1614 1006 
3832 1007 3805 4268 3114 3141 4266 2241 959 
943 16 893 866 892 3740 3597 3608 3621 
3595 1000 1017 3826 1016 785 2788 784 801 
3055 2973 2974 3550 3579 2202 2284 2201 3676 
2755 2754 208 999 1016 1000 3825 1032 1016 
3825 3826 3647 810 3648 826 1279 2258 36 
1263 1242 1226 3945 3952 2575 2469 2484 3829 
3945 1226 3980 3983 3981 3983 3980 1226 2083 
1610 128 1618 1582 1914 4233 4239 2179 4287 
1966 2180 2959 4235 4232 4236 3221 3622 3616 
3623 3982 3983 3981 1226 1210 3982 3981 1226 
3315 356 340 3316 4193 1891 1533 4194 2808 
1056 1073 1072 2202 3579 2284 3547 3597 3625 
3621 3608 565 566 3911 601 366 365 381 
3306 3484 3489 3486 3491 614 615 582 3491 
3769 3034 3021 2891 1423 2248 4114 1439 544 
2773 2772 190 3663 3664 3662 3645 10 2248 
9 1439 340 357 341 3316 4319 2962 3760 
2926 4111 1437 1421 1438 2773 544 2772 3456 
3013 2940 3094 4373 3819 3844 3843 3845 2332 
3785 2294 2500 3901 3903 3884 3902 3537 3500 
3539 3474 1340 4062 1323 1339 3883 3902 3884 
3885 3899 3902 3930 3901 1642 2982 2687 1959 
3933 3961 3934 3936 4366 2938 3116 3012 3500 
3537 3539 3518 2319 3396 3374 2219 1963 1649 
2689 4285 1299 4007 1298 1315 2689 1649 1963 
1648 4242 4245 4240 4246 3804 3832 3830 1021 
3396 2319 3374 3373 2666 4240 2909 2831 2188 
3294 319 335 4193 1532 1533 1891 1037 1021 
3830 3832 3294 2188 319 2189 4157 1860 1489 
1859 869 3731 889 890 4412 4429 4427 4407 
3597 3522 3621 3625 3731 869 889 3728 2023 
1756 4362 4366 4193 4188 1533 1532 2720 2721 
2023 1759 4193 4194 1533 4188 2374 2519 4473 
3952 3683 857 3668 858 4429 4430 4427 4407 
857 3683 3668 3667 4405 4406 4408 4407 1893 
1535 4196 2107 2374 2513 4473 2519 3418 3388 
3420 3419 3424 2316 2492 2288 3632 2464 3283 
3570 1056 2808 1073 3835 1131 3878 1147 3881 
1035 1052 3851 1051 1568 1906 1572 2660 3468 
2286 3923 2210 2286 3468 3923 3922 3912 3445 
3910 3433 2374 3951 4473 2513 2374 3952 4473 
3951 4115 4139 11 1455 4157 2124 2360 2121 
3336 384 400 2763 2994 3310 3336 3004 4416 
4396 4409 4401 3082 3482 3235 3236 4206 2104 
1899 1549 4139 4115 11 2246 581 602 3486 
3491 2486 2483 3217 3306 2215 2316 3424 2288 
1279 0 36 2258 3277 2529 2442 3292 3759 
3807 2893 3787 3335 383 367 2185 3420 3357 
3418 490 3442 3432 3487 3195 4427 4429 4426 
4428 3498 3043 3039 4223 3438 3002 3028 3428 
3028 3002 3179 3428 2486 2595 3217 2483 2930 
2703 2700 4303 3137 3617 3165 3060 3759 3067 
2893 3069 2938 4366 2936 3012 2601 2574 2443 
3734 3335 366 367 383 3335 3320 367 366 
2038 1774 2037 4372 3772 3700 3747 3714 1990 
1989 1697 4313 2486 3287 3217 2595 2607 2433 
2542 3877 3970 3931 3930 3956 3100 4167 3024 
2958 2486 3306 3217 3287 3969 1180 3968 3954 
4167 3100 3024 4175 3724 4105 4090 4107 2488 
2459 3508 3476 1269 3963 1252 1268 4092 3734 
2601 3733 2598 2561 2569 3733 3729 870 3728 
889 2488 2540 3508 2459 1215 1231 3987 1230 
3728 4107 4118 4105 2226 1199 32 3989 3980 
1193 1192 3942 2662 2914 4228 2663 3987 3988 
1230 1231 2718 2937 4354 2969 3987 3989 3971 
3988 2570 3427 3447 3191 2937 2718 4354 4359 
1035 1052 1036 3851 4437 1819 1818 2068 3179 
3193 3175 3428 3335 2185 367 3320 1000 3826 
3825 1016 2794 4128 4095 2888 3864 1108 3863 
1107 4071 4074 4067 4084 3109 3062 4071 2855 
1075 1091 1092 3808 1372 1356 1355 4061 961 
2801 960 2802 339 356 3315 355 3570 813 
3650 812 368 385 369 3322 1131 1115 3878 
3881 3931 3957 1183 1167 3876 3879 3896 3878 
3957 2227 3903 3902 370 3315 3324 371 2988 
2931 3087 3810 3884 1134 3883 1118 1117 3882 
1118 2376 1117 1134 3883 1133 1117 3795 1116 
3882 1372 4061 1355 1371 1101 3795 1084 1100 
4097 1443 1427 4099 3487 3435 3442 3096 4126 
1442 1441 4129 3821 1111 3816 1095 2986 3079 
4307 2984 2843 3247 2844 2758 4458 3663 3660 
3680 3408 3398 3377 3409 3473 3219 3474 3506 
972 3782 955 971 2488 2482 3508 2540 3810 
3230 2931 3049 901 3751 918 902 3422 477 
461 3423 901 917 918 3751 4458 3662 3660 
3663 3176 3447 2572 3435 3564 743 3627 3609 
4029 4010 4028 4080 3278 281 3280 3305 698 
3572 3569 714 4029 4021 4028 4010 3695 3715 
3705 3708 4458 3661 3660 3662 3826 1000 3825 
3801 2164 4318 2000 1710 909 3742 3756 3757 
3087 2931 3049 3810 4029 4080 4028 2594 3571 
3637 3614 3638 2033 1774 4372 1773 747 3636 
764 748 3021 2890 3016 3703 62 2196 799 
2195 4458 3680 3660 3661 3525 3638 3604 2434 
3799 3762 3761 3759 4229 1910 1575 1909 3317 
3252 3327 3318 1568 4229 4228 1909 2931 3230 
3809 3126 3317 3326 3327 3252 225 1772 2726 
2729 4318 2164 2000 4316 3853 1085 3795 3851 
3317 375 3327 3326 1101 1085 1084 3795 4315 
2365 4311 2348 1219 1235 1236 3940 3282 3646 
3283 3223 1707 236 2704 1711 3932 3960 3933 
3959 3933 3960 3932 3934 747 763 764 3636 
3933 3960 3972 3959 3646 3282 3283 3649 3973 
3960 3972 3933 3972 3960 1185 3959 3972 3960 
3973 1185 986 3796 1003 987 2636 2635 4439 
1821 3853 1086 3795 1085 4413 4415 1813 2061 
2962 2926 3047 3760 4375 3013 3095 4381 986 
1002 1003 3796 4409 4417 4416 4401 4431 1463 
2635 1462 2387 4370 4369 4363 2387 2422 4369 
4370 3331 3388 3328 3367 3096 3191 3442 3193 
875 4125 876 3707 2547 2584 3333 2585 3708 
4125 4101 4124 2750 4164 2753 1497 4098 4125 
4101 3708 3751 3715 917 918 2387 2455 4369 
2422 2178 1970 1663 4299 4289 4297 1969 4299 
3853 3852 3795 1086 3750 916 3749 900 1668 
4301 1977 4302 4163 3273 4167 4169 1674 1976 
1673 4301 2387 4363 4369 2455 3284 3271 3281 
3690 3292 3270 3289 3294 3419 441 3400 442 
3262 3258 3263 3249 488 3413 487 3357 1666 
4291 2695 4300 3561 3534 3559 3562 2694 4300 
2985 2697 1675 4302 2174 1978 3514 2488 2305 
3476 2391 2431 2456 4302 3615 3638 3637 3639 
3568 3222 3635 3519 3698 3711 3772 3715 2729 
1772 2726 4371 2635 2636 4439 4431 4367 4370 
2028 4365 3459 3910 3909 3911 3460 3910 3459 
3911 582 601 581 3491 1669 4302 2173 4298 
910 3758 911 3744 4132 4087 4085 3710 3732 
3739 4117 4107 4309 1680 1981 1681 1689 2699 
2698 1983 4088 4068 4087 3710 1447 871 1448 
4121 4309 4307 1981 1680 4067 3710 4086 3697 
3212 3733 3725 3734 4309 2431 1981 4307 4309 
1681 1981 2431 2669 2831 4240 1591 1580 1590 
2667 258 2149 2152 91 1746 4233 1576 4230 
4234 3868 3872 3856 3875 3853 3851 3795 3852 
4393 4394 4385 4403 4411 4414 4408 4412 3245 
4178 3023 3274 4408 4414 4409 4412 3055 2916 
3085 3550 2916 3055 2974 3550 1787 1795 98 
2135 3957 2226 31 2227 4234 2352 2094 2380 
3262 3271 3263 3258 4145 4153 4146 4148 4156 
2342 2123 2259 2267 1866 1490 107 4418 4419 
1814 2075 2352 4234 2094 4239 3486 602 3909 
3491 1815 4418 1814 2075 3100 3273 3243 4175 
4167 2645 4168 4174 4419 2074 1814 2075 3353 
515 498 499 2126 4148 1848 1474 1373 4021 
1358 1357 69 2189 319 2188 104 2126 1848 
1474 3682 295 294 3691 3632 2554 3283 2464 
4358 2149 2022 1746 3308 316 3307 284 1689 
1685 2698 240 3537 680 679 663 2490 2311 
2503 3922 996 3800 997 3790 3912 3913 3462 
3914 3325 3410 3352 3237 2208 3923 49 592 
3809 2898 2931 3126 3030 3404 2874 3005 2311 
3922 2490 2286 515 3353 498 3439 2102 4214 
4222 2402 3262 3266 3263 3271 1645 1957 4283 
1958 3913 600 567 599 1291 4030 1308 1292 
4283 1958 2184 1645 615 3493 614 631 1373 
1374 1358 4021 4214 2102 4222 4221 3980 1226 
3945 1225 699 3574 3572 715 3683 292 858 
859 1281 1298 4003 1297 881 3704 3696 3702 
3262 3249 3263 3266 916 3715 3749 3706 3695 
3014 3152 3063 801 817 818 3640 3553 3531 
3552 3554 947 964 3772 963 2600 4029 2604 
2496 4046 2255 1327 1311 3973 1217 3972 1201 
366 382 3335 3334 1091 1108 1092 3808 2820 
1264 1248 1265 2898 3809 3051 3126 3083 4303 
2930 2967 4067 4083 4071 4084 3888 1139 1140 
1156 1543 2105 1541 1896 366 383 3335 382 
3888 3863 1140 1139 1729 2710 4335 2711 1893 
2107 4198 2108 3679 300 3694 301 4191 4198 
4196 2405 3759 3787 3747 3788 3888 3890 1140 
3863 2023 1756 2024 4362 336 353 3314 352 
1740 90 2151 1742 2270 2276 1961 2182 1104 
3860 1121 1105 4283 1644 4282 1957 2173 4302 
2174 2391 4035 2340 2339 4066 2177 1970 1665 
2178 4240 4245 3078 2919 4164 1498 1871 1497 
3907 563 604 562 1752 2150 92 1748 4035 
2496 2339 2340 546 563 3458 562 4035 4065 
2339 2496 3458 563 546 547 2908 4240 3078 
2919 1738 2015 4348 4349 1035 1019 1018 3802 
4046 4035 4066 2340 2954 3808 2894 1073 3888 
1156 1140 3890 4240 1923 4245 2919 4245 1923 
4243 2919 3860 2811 3861 1105 3555 3558 708 
692 952 3777 969 953 4035 4066 2339 4065 
789 3556 805 806 4263 4277 4273 4275 4268 
2527 2357 2409 1055 3833 2235 1039 4030 1291 
1308 4031 3794 986 970 3796 2989 4341 2715 
2934 1053 1036 3831 1037 1104 1120 1121 3860 
952 968 969 3777 3422 3368 3357 2466 1036 
1053 3831 3851 2899 3122 2863 4462 3419 3421 
3401 3388 801 3640 3548 2887 1545 1898 4205 
4202 4206 4204 2403 2404 3030 3344 3005 3130 
2444 3725 2569 2601 4322 2834 4321 3760 3143 
3344 3030 3130 850 300 3679 301 1002 986 
3794 3796 3470 658 3529 657 2814 3932 2901 
2815 3968 1196 1179 1180 3470 3531 3529 658 
3935 3925 3936 3926 3405 3344 3352 3130 3470 
3527 3529 3531 4064 4066 1327 4046 2623 2630 
2629 3268 3335 2584 2467 2410 3352 3344 3143 
3130 4024 2604 2627 4029 1195 1196 3968 3984 
3565 4198 4191 2405 4188 1889 4190 1533 4211 
4213 4209 4204 3822 3880 2557 2618 348 349 
332 3306 4145 4398 4141 4424 3087 3049 2834 
3810 3776 967 3793 3791 24 2233 1087 25 
3776 3777 3793 967 4158 3000 3146 4149 3776 
3714 3793 3777 4419 2074 1825 4442 4419 2075 
1825 2074 3332 380 379 3319 4416 2132 2419 
2346 1845 4142 4140 1467 3658 3643 820 3642 
379 380 363 3319 3776 3791 3793 3714 2187 
3320 2186 2278 3833 1055 2235 3854 2778 2878 
2779 3480 2879 3478 2850 3477 4419 4443 1825 
2075 313 330 3279 329 785 769 2787 3548 
3217 3335 3306 2483 4419 4442 1825 4443 3421 
443 3390 444 2879 3478 3075 2850 99 2136 
1795 2047 3428 3432 3006 3906 4065 2299 2297 
2252 7 2251 1391 2250 4281 2682 2685 3022 
2584 3335 2467 3313 3420 3421 459 3419 3421 
3391 3422 3423 1640 1951 1630 4274 4438 2635 
2634 1820 2790 2789 3652 816 3285 3319 332 
3306 3474 3219 3476 3506 2849 3456 3438 3906 
2635 4438 2634 4431 4371 1772 2032 1773 4146 
1847 1469 4147 4146 1846 1469 1847 4019 4077 
4079 4069 981 3790 998 982 3746 896 912 
2798 972 3785 3797 973 544 2773 190 560 
981 997 998 3790 4146 4144 1469 1846 2902 
3959 2901 3933 3657 3643 3225 3660 4070 2471 
2574 3734 4070 2559 2593 2574 1240 1257 3945 
1256 2593 4070 2544 2559 4146 4147 1469 4144 
4044 4060 4043 1321 4381 2473 4410 4389 4381 
2553 4410 2473 4381 3138 4410 2553 3505 2532 
3219 3506 3505 3497 3219 2532 4070 2471 2514 
2559 4335 1729 4331 2008 1727 4337 1726 4338 
4094 2471 4070 3734 905 922 3730 921 2977 
2979 2672 4250 4338 4340 4332 4339 4244 2979 
2977 4250 3267 3233 3170 3156 3505 3473 3219 
3497 3505 3506 3219 3473 4254 4247 2472 4242 
1601 2670 254 2673 254 1611 1601 2673 3605 
2884 2784 2852 3233 3267 3170 3227 3592 2884 
3605 2852 3580 2884 3592 2883 2783 2884 3580 
2883 1872 1506 4171 1505 3580 2884 2783 2784 
3605 2884 3580 2784 4159 1858 4158 1859 3329 
3217 3304 3268 1318 1302 4017 1319 2412 4163 
2414 4166 2117 1503 1873 1500 4243 1923 4245 
1595 2091 4239 2094 1583 3580 2884 3605 3592 
925 926 909 3757 2731 2980 2942 4374 1318 
4041 4017 1302 3032 3771 3232 3761 1318 4042 
4017 4041 4240 1921 1586 1918 1318 1319 4017 
4042 887 904 3752 903 3060 3549 3077 3234 
3032 3047 3232 3035 4092 2574 2601 3734 3657 
3643 3658 3642 1025 3807 3806 1024 677 3533 
694 678 2488 2482 3506 3508 2722 1761 2026 
4368 4360 2936 4362 3091 2027 4367 1762 1763 
3289 3294 3291 3292 2150 2022 4358 2149 3289 
3294 3290 3291 3291 3293 3292 3294 3309 3293 
3291 3294 2771 2770 3437 512 400 3346 2764 
416 3310 3322 3336 3004 402 3349 418 419 
403 419 3350 3349 3032 3761 3232 3047 3453 
2438 3452 3454 2488 2305 3506 2482 400 2763 
200 199 3540 681 665 682 3572 3574 3540 
3573 3562 3567 3586 3566 3590 3577 3576 3578 
2022 2150 4358 4364 3770 3774 3772 3711 3021 
3698 3769 3703 2857 2797 3746 2798 4006 1299 
1282 1283 3910 3491 3912 3492 3016 3698 3021 
3703 3860 1104 2811 1105 707 3596 3594 723 
3658 3643 3657 3660 3608 3596 724 723 3860 
3862 3886 3887 3886 3862 3860 3861 1343 2253 
4 2254 3447 3430 3442 3427 2962 2711 2926 
4319 1303 4023 1319 1320 3357 3430 3449 3427 
1299 4006 1282 4007 4183 1886 1523 1887 4179 
1880 4184 1883 3920 3436 3922 3454 2786 3618 
2852 3619 3548 3619 3618 2853 3827 1050 1051 
3849 4361 4362 2025 4365 2025 4364 4361 4365 
4357 4355 4361 4356 3549 3619 3548 2853 3491 
3910 3912 3911 2749 1858 2748 1491 4404 4437 
2068 1819 2231 1103 2232 26 3606 3595 3592 
3621 755 3620 771 3624 756 3624 772 773 
2685 1646 248 1636 3113 2997 2538 3127 162 
2801 161 960 3186 2578 3209 3162 4113 2462 
2443 2336 2251 2378 2297 4082 2249 2250 8 
1407 4437 4404 2068 4399 400 384 200 2763 
3782 3736 3781 3755 3806 3807 2806 1024 1818 
1827 218 2739 2517 3735 3745 3785 3727 3736 
3778 3784 4417 4427 4423 4401 3787 3812 3799 
3759 3782 955 939 956 2488 3476 3506 2305 
2834 2926 2708 4321 2266 2281 3283 2406 3340 
3370 411 3371 460 477 461 3422 2281 2266 
3283 3651 371 355 354 3315 2145 2148 93 
1758 3857 3880 3859 3850 3857 3880 3841 3875 
4200 2973 2655 2975 3857 3880 3875 3872 371 
3315 354 370 3056 4292 2997 3127 1312 2824 
2823 139 2488 3508 3506 3476 3950 3880 3877 
3872 2824 1312 2823 4038 2843 2757 2840 3247 
3827 1034 1051 1050 3778 3736 3783 3784 2655 
4201 4200 2975 3816 3216 3230 3809 3570 3651 
3283 3650 3154 3200 3947 3186 4043 1305 1304 
4026 3695 4098 3697 3710 3827 3849 1051 3828 
3154 3991 3947 3200 4473 2567 3950 2558 1849 
4154 4155 4150 1477 2747 214 1485 3154 3946 
3947 3991 4473 3951 3950 2567 4473 3209 3950 
3951 4133 4102 4121 3724 2702 1989 1700 2703 
3154 3186 3947 3946 323 339 340 3315 435 
3409 3399 3398 4262 1624 1628 1943 3673 863 
3685 862 4271 1624 1947 4275 4295 4294 4292 
4289 4473 2558 3950 3209 2655 2654 4201 2975 
2602 3736 2565 2501 2082 1627 131 2079 3807 
1009 3787 3812 4089 3734 3733 3212 1269 1253 
1252 3963 4306 3111 2618 2528 3559 3523 3597 
3598 4198 2107 2405 2108 3734 4089 3733 4092 
1570 4230 1571 4226 4162 1867 1494 1868 4052 
1315 4050 4040 3540 665 3474 666 4295 4300 
4292 4294 3957 1167 3903 30 3540 3538 3474 
665 3540 3539 3474 3538 4360 3091 4359 2936 
4295 4296 4292 4300 304 3247 272 2757 2843 
2758 2757 3247 3571 3629 3570 3632 3629 3571 
3570 3634 2991 2889 3703 2857 4295 4289 4292 
4296 4329 4318 2162 4328 3736 2602 2565 3784 
4329 2407 2162 4318 1925 1924 4241 1593 3351 
3381 3379 3380 3351 3380 3354 3381 3402 3396 
3395 3373 2205 3514 2204 2373 1924 1925 4241 
4246 4242 3176 4236 3052 4329 2364 2162 2407 
1007 3798 990 1006 3176 4242 4236 4238 298 
299 276 3693 3717 3716 873 3718 4329 4328 
2162 2364 3415 3368 3369 2550 3368 3415 3369 
3218 2637 2636 4440 1822 2636 2637 4440 4429 
3866 1109 3867 3869 2794 4128 168 1440 1128 
1145 3873 1144 1360 1376 4071 2827 168 4128 
2794 2795 1007 991 990 3798 2617 2550 3415 
3369 74 1958 2184 1647 4050 4052 1331 1315 
2131 1826 4420 2076 2985 4300 3079 2984 4163 
4164 4162 4165 1826 2131 4420 4443 3765 2591 
3727 2425 3994 3205 3196 3172 2617 2619 3415 
2550 1304 4023 1303 1320 2591 2589 2602 3784 
2989 2934 3050 4341 1639 2183 132 2078 4058 
1320 4057 4023 1159 3928 1174 1175 2617 3361 
3415 2619 2418 4356 4358 4364 2882 3527 3551 
3526 4281 1951 1636 2682 2617 3369 3415 3361 
1159 1158 1174 3928 2789 800 2788 801 3375 
3404 3403 3406 4241 4246 4248 4242 3695 3697 
4086 3710 4241 1925 4248 4246 2657 1550 4208 
1560 337 2759 320 336 337 321 320 2759 
2578 2588 3209 2558 4041 4017 4011 3992 2418 
4356 4364 4365 3210 2580 3723 2560 1236 1235 
1252 3940 3871 1144 1128 3873 182 672 2781 
688 3611 746 3612 3633 761 745 3630 3633 
3695 3152 4086 3697 3630 745 3610 3633 2900 
2812 3860 2813 3261 3272 3256 3224 3610 745 
3611 3633 3933 3936 3886 3855 3353 3428 3426 
3099 3695 3709 4086 3152 4230 4226 4229 3498 
940 3782 939 956 332 3319 348 3306 2068 
2740 1827 2739 3091 4363 3153 3012 3270 2590 
3287 2440 2509 3313 3333 2547 4363 3091 3153 
3712 2056 1808 2057 4402 3457 562 3458 3907 
3062 2951 4071 2855 3884 3901 1150 1151 3893 
3873 3894 1144 3884 3903 3885 3902 3893 1143 
3871 1144 4185 1536 1526 1888 2567 2578 2608 
3950 3871 3873 3893 1144 3994 2611 3947 2620 
2546 2552 3998 2613 3997 4033 1278 4036 3695 
3710 4086 3709 677 693 694 3533 4071 2951 
3062 3123 1210 3981 1209 1225 2486 2440 2278 
3320 2431 4301 2456 4302 2691 4293 1967 4288 
4307 4300 3079 4301 833 3655 3640 3653 1360 
1377 4071 1376 1360 1377 1361 4071 3135 3156 
3233 3100 1605 1595 4243 1927 4168 4174 1877 
4177 4257 1615 4259 1614 3770 3177 3168 3698 
3770 3011 3168 3177 255 1595 2668 4243 1940 
1615 4259 1941 3770 3709 3168 3011 2335 4082 
2514 2379 3245 3023 3243 3274 2272 4391 2051 
1799 4065 1375 1359 2252 2446 2297 4065 2299 
3770 3698 3168 3709 100 2272 2051 1799 1182 
3931 3971 1183 417 3347 401 3346 3945 3980 
3944 3983 4014 4018 4015 3992 2050 1798 4387 
2049 401 3347 417 418 3984 1227 1212 1228 
833 817 3640 3655 3591 719 703 56 4359 
2721 1749 2023 797 3570 814 798 3815 3762 
3799 3813 399 383 3335 2221 797 813 814 
3570 833 3652 3640 817 999 983 982 3791 
345 3318 328 344 3346 3347 3376 417 72 
2185 367 383 2903 4048 2957 2826 3378 3349 
3376 3348 3496 3435 3505 2610 3350 3349 3378 
3348 1508 1504 2752 270 3356 3383 3382 3384 
2220 3342 399 415 3815 3800 3799 3762 3946 
3209 2563 4473 3815 3814 3799 3800 3186 2578 
3113 2588 3335 2410 2483 2584 2626 2616 3287 
3268 605 561 3905 562 3815 3813 3799 3814 
2779 640 2778 3480 999 3791 982 998 2386 
4226 2355 2097 3449 3434 3916 3436 137 1344 
138 2825 1368 4056 1351 1367 3723 2561 3210 
2560 3686 863 3673 3675 3591 3577 703 719 
3240 3242 3225 3641 1368 1352 1351 4056 345 
329 328 3318 833 3653 3640 3652 2458 3823 
2348 2426 4067 2854 4071 4083 4097 4083 4095 
4129 4097 1409 4095 4083 3686 3685 3673 863 
3411 3208 3207 3361 3411 3198 3207 3208 4095 
4083 4096 4129 3411 3202 3207 3198 3686 3674 
3673 3685 3591 3579 703 3577 2097 1567 1565 
120 4116 3739 4117 866 1328 2825 4047 2824 
4108 4106 4137 4107 3733 3713 3725 3735 3686 
3675 3673 3674 2593 2560 2615 3210 4312 2702 
2928 2703 3591 56 703 3579 3695 2889 3696 
3703 4406 2071 4411 4439 2793 2953 4083 2964 
1221 1222 3977 3940 3637 2283 2304 3639 3035 
3047 3760 2962 2817 146 2816 1200 2114 112 
2261 1880 3035 3232 3760 3047 1216 146 2817 
1200 2953 2793 4083 4095 2452 4424 4398 4145 
3204 3192 3268 3189 3754 3737 923 3756 3704 
876 3707 883 2626 3287 3217 3268 2817 146 
1216 145 876 3704 3707 3705 3714 3763 3747 
3790 4004 4007 4006 4040 2615 2560 2580 3210 
3496 3434 3442 3447 4406 4407 4411 4408 2849 
3456 2877 2773 3517 3523 3537 3524 800 174 
2788 175 3763 3765 3727 3701 3035 3701 3760 
3232 4406 4439 4411 4407 2975 3516 3482 4201 
3457 3440 3438 3906 464 481 2768 480 2561 
2560 2593 3210 3468 2286 2210 2310 2588 2558 
2563 3209 3035 2962 3760 3701 3375 3376 3343 
3321 2609 2591 3215 2575 294 295 280 3691 
1350 4055 1367 1351 2975 2976 3482 3082 2975 
4201 3482 2976 3262 3271 3258 3270 3848 1081 
1065 1082 2329 2239 2326 3798 3803 3830 3828 
3802 3831 3830 3804 3832 3562 3598 728 3586 
3333 2579 2509 2547 3745 926 3757 910 835 
3658 852 836 2567 3951 2505 2510 2579 3333 
2509 3369 3841 3880 3822 3875 4028 2499 2594 
2544 1350 1366 1367 4055 2609 3768 3215 2591 
4384 2737 2943 2734 3754 3738 907 3731 2181 
1653 1962 1645 908 891 907 3738 4275 3136 
4271 2961 2241 2242 943 3785 3136 4275 4271 
4263 2167 1988 4309 1688 1988 2167 4309 4308 
4144 1469 1846 1468 4071 2957 1360 2827 104 
1476 1848 2126 1514 1504 4168 1874 1504 1514 
4168 2643 4412 4414 4409 4417 3785 926 925 
3741 3848 3847 1065 1081 4436 1830 1465 2741 
3848 3849 1065 3847 103 2260 1844 1470 574 
592 575 3921 597 598 3915 569 2609 3767 
3215 3768 2358 2344 2119 4160 4157 2375 2360 
2124 835 851 852 3658 2507 2571 2564 3505 
3848 1082 1065 3849 2507 3436 3475 3505 2507 
3505 2564 3436 4359 4354 3091 4355 1357 1373 
4021 1356 3143 3426 3197 3145 1963 2688 1658 
1654 3426 3143 3197 3352 839 856 3663 855 
2589 2548 2602 3784 856 839 3663 3664 2593 
3214 3210 4078 1220 1204 3976 1221 887 4121 
871 872 2602 2548 2565 3784 2668 2920 4243 
2919 3462 568 3913 567 3636 3613 3614 749 
1601 4250 1611 1931 2927 2966 2688 4288 256 
2669 1599 1591 1669 1974 1973 4298 3415 3218 
3360 3369 3913 568 3462 3914 962 3788 979 
963 3448 3449 3464 3450 962 978 979 3788 
1000 3793 983 999 4250 1601 1611 2673 3495 
3504 3916 3436 4092 2574 2593 2561 665 3474 
666 3499 3611 3600 3599 3601 4249 1927 4243 
4251 3500 3501 3490 3535 3485 3479 3484 3469 
2609 2575 3215 3767 2294 2500 3785 2501 2326 
2239 2238 3798 1000 984 983 3793 3797 1004 
3796 988 1315 4007 4050 4040 1920 1922 4241 
1594 3858 3111 2578 2618 3899 1165 3954 1164 
3567 3573 3587 3569 1667 4300 1975 1976 3260 
3252 3239 3316 4443 4425 4422 4423 4426 4427 
4423 4425 1427 4097 1410 1426 3721 921 3777 
920 2608 2542 2567 3950 4110 4138 4113 4116 
1460 4426 1459 4425 3745 3735 3725 3741 3569 
3573 3587 3572 1968 4297 1969 4289 2690 2693 
1660 4293 4442 2639 4443 4425 3213 3709 3722 
3712 3329 3298 3204 3268 3298 3329 3204 3323 
3260 3248 3239 3252 2478 3805 2328 2493 2564 
3436 2503 2507 1427 1411 1410 4097 2607 3950 
2542 2608 3636 3571 3614 3613 2390 2364 4329 
2525 3636 3637 3614 3571 2387 4370 2143 2422 
3685 3688 3674 3671 4238 2495 4242 2343 4465 
1265 1249 4468 4238 2343 2330 2495 975 18 
2239 991 3636 780 764 781 1129 3876 1146 
1130 3540 3573 3539 3569 3260 3254 3239 3248 
2580 2615 4078 2553 18 19 2239 991 3260 
3316 3239 3254 1044 1045 3815 3840 1903 1562 
2658 1566 3111 3822 4306 2618 4447 522 506 
4448 4138 1438 4111 4112 2607 3877 3950 3880 
2237 3834 2328 3805 1045 1028 3815 1029 3973 
1218 1217 1201 788 772 771 3624 2237 3834 
2236 2328 2572 2495 3176 4238 1044 1028 3815 
1045 3973 1202 3974 1218 3974 1202 3973 1186 
2097 2098 1908 1567 3540 3573 3569 3572 2084 
1938 2083 1618 1185 1202 3973 1201 2927 1963 
2688 2689 1963 2927 2688 4288 4101 3710 4085 
4084 4447 505 506 522 520 3448 3446 536 
853 3661 3659 3660 4155 1482 1481 1854 4155 
3001 1481 1482 3783 2530 2598 3712 517 534 
3443 533 4447 3357 506 505 4074 4075 4067 
4084 2997 2538 3127 4296 4447 4448 506 3357 
1129 1145 1146 3876 4175 3274 3023 4178 3447 
2610 3496 3436 2237 3805 1007 3834 3778 3783 
3779 3784 618 3503 635 619 1366 1350 1349 
4053 4155 2746 1481 3001 1064 1081 3847 1080 
3669 3271 3683 3690 4003 3990 3958 3003 4155 
1854 1481 2746 1044 1027 3815 1028 1057 3835 
1056 1073 3055 3077 3235 3234 3932 2861 3933 
3924 876 4125 3705 3707 1815 4420 4418 2075 
3055 2973 3235 3077 3302 3305 3278 3271 4286 
2537 2538 2533 2601 2574 4092 2561 1044 3840 
3815 1027 3055 3550 3235 2973 4231 4239 4234 
2351 3145 3099 3426 3129 1901 4220 4217 1557 
2536 3174 2570 2515 4056 4018 4010 4059 3404 
3007 3005 3344 2052 4388 2053 1797 1834 1835 
1843 4428 486 503 3353 502 2861 3932 2901 
2814 1813 4415 4413 4414 101 2134 2055 1804 
3353 503 486 487 4003 4007 4006 3990 3573 
3602 3601 3589 2422 4370 2031 4369 3574 715 
699 716 3783 2530 3779 3784 3932 2861 2901 
3933 2548 2530 2565 3784 3055 3234 3235 3550 
1969 4290 1970 1657 3904 2775 188 607 2329 
3785 3798 2498 1366 4053 1349 1365 2292 2236 
2235 3833 2775 3904 188 2774 1257 1273 1274 
3995 3752 3720 3699 3721 908 3756 924 925 
3512 3923 3513 3515 3565 4199 4198 2405 1327 
4046 4066 2254 909 3756 908 925 2332 2242 
2241 3785 1901 1558 4220 1557 4218 3482 3236 
3501 3860 2812 1120 1136 2813 149 1152 2814 
2871 3397 2847 2765 4091 4070 4069 3734 4091 
4079 4069 4070 3860 2813 2812 1136 4091 4090 
4069 4079 903 3752 920 904 544 2773 560 
3456 1786 4380 1785 2045 1996 238 2835 1696 
3779 2530 2548 3784 4003 4039 4007 3990 4146 
4152 1473 4153 3286 2590 3287 3270 4310 3809 
4311 4304 3651 3671 3650 3672 832 3653 833 
3652 2413 4173 4169 2523 3649 2524 3282 3283 
832 4457 833 3653 903 919 920 3752 3461 
3446 3444 3445 3752 3717 3699 3720 3209 3162 
3858 3938 2762 2761 3322 368 3608 3584 725 
3583 2034 1769 4372 1770 3599 3600 3567 3601 
3077 3234 3549 3528 3695 3704 3705 3706 3162 
3209 3858 2578 560 2773 189 3904 2598 2530 
3783 2565 2761 2762 3322 2845 2618 2578 2528 
3111 4266 3084 3114 3167 2530 2520 2561 3712 
2144 95 2141 1770 1181 1165 3930 1166 2249 
4082 2250 1407 471 454 3382 455 4019 3214 
3210 4070 1369 1385 1370 4079 1404 4079 1420 
4081 4090 4069 4088 3724 3084 4266 3114 4263 
3438 2848 2872 3002 3752 3719 3699 3717 4256 
4261 3046 2839 3752 3721 3699 3719 4433 4435 
2743 2911 3479 3471 3489 3484 3471 3479 3489 
3488 2126 4153 4148 1474 3342 2314 3335 2467 
3453 510 2315 527 2342 4153 2269 2259 3335 
2277 2483 2410 627 3485 644 628 847 831 
3675 2193 330 3319 347 331 4029 4021 4035 
2496 4029 4032 4035 4021 4029 4024 4035 4032 
2598 2517 2565 3783 1366 1350 4053 4055 67 
2191 66 863 3453 2461 2315 510 4151 4152 
4145 4153 4307 2987 3090 2986 2159 1716 2007 
4328 2987 4307 3090 4304 4272 1627 2082 2079 
542 526 3453 543 471 470 3382 454 820 
3643 804 3642 696 3566 3562 712 1628 2679 
4262 1619 560 2773 3904 3456 2519 3952 3946 
4473 3265 3318 3317 327 3823 4318 4329 4327 
3628 3645 3622 3556 4245 4246 4242 4253 2543 
2564 3436 2437 2534 2554 3632 2464 471 3413 
3382 470 732 749 733 3613 2023 2936 2721 
2720 2936 2023 2721 4359 3588 3573 3589 3574 
471 455 3382 3413 3742 3740 866 893 3740 
3742 866 3739 2240 3785 2241 959 2555 2543 
3454 2435 1120 1137 3860 1136 3860 1137 1120 
1121 2543 2555 3454 3431 4234 2094 1914 2093 
1362 1378 4071 1377 4067 3164 2964 3115 1331 
4050 1330 4051 2094 4234 1914 4239 4127 2888 
4096 4128 4323 4327 4317 4322 4048 1345 1329 
1346 4230 2093 4234 1577 1581 1913 4233 1582 
4372 1768 4368 2030 4208 1556 2656 1560 4231 
4230 2353 4234 3823 4322 4317 4327 1768 4372 
4368 4371 2420 2140 2385 4373 1787 2138 4379 
2135 2543 2610 3436 2564 2543 3431 3436 2610 
2185 2275 3335 2277 3990 4047 2865 4038 2275 
2185 3335 3320 3453 2312 2315 2461 1999 1709 
4317 1708 2208 49 591 592 1328 139 138 
2824 1312 139 1328 2824 4047 1312 1328 2824 
1690 2167 1688 1988 1577 2093 122 2096 627 
643 644 3485 3453 527 2315 2312 2513 2558 
2567 4473 3702 2889 3746 3703 2962 2968 3701 
3035 2421 4372 2142 2139 2036 4371 2940 4373 
1726 1725 4335 2008 1726 4336 4335 1725 284 
291 283 3689 2582 2586 2551 3273 1811 1812 
4411 2072 470 3382 3410 3413 1812 1811 4411 
4408 3407 3408 3377 3409 3135 3156 3170 3233 
3377 3409 3399 3379 1726 4337 4335 4336 702 
3545 701 3576 1726 2008 4335 4337 3590 717 
3576 718 1055 23 22 2235 4320 1722 235 
1713 2201 3579 3591 2306 3346 3397 2871 2765 
4213 2402 4211 4214 3497 3043 4231 3008 3576 
3577 3545 3578 1722 4320 235 2709 330 346 
347 3319 4373 2037 1773 4372 3260 3297 3254 
3251 3657 3225 3244 3240 4163 2523 2551 3273 
3242 3248 3249 3228 1348 4053 1365 1349 3352 
3358 3325 3411 3150 3321 3027 3158 3150 3158 
3199 3345 3657 3643 3244 3225 3248 3242 3249 
3238 4373 2036 1773 2037 471 472 455 3413 
4441 2638 2637 1823 2638 4441 2637 4425 3727 
3784 3766 3736 3726 3727 3766 3736 3560 3623 
3568 3222 3766 3784 3768 3736 3748 3703 914 
3706 3699 3715 3695 3708 4085 3710 4068 4084 
737 3620 754 738 3768 3755 3766 3736 3873 
3876 1129 1113 3776 951 950 934 3460 3912 
3911 566 3486 581 580 602 3486 580 603 
602 737 753 754 3620 73 2185 72 383 
4206 1547 1549 1899 4373 4371 1773 2036 3756 
3738 3725 3740 1547 4206 1549 2103 2627 4029 
2605 3211 2711 4335 4319 2962 3100 3273 2946 
3042 3951 2513 2567 4473 4235 2667 2959 2664 
880 2797 166 896 1810 2058 4408 2059 4408 
1811 1810 2059 1055 2235 22 1039 3657 3642 
3244 3643 2683 2680 2970 4274 3947 3186 2588 
3209 4335 2711 4319 4331 3977 3940 1220 1221 
1286 4016 1270 3963 3736 2500 3783 2565 3947 
2612 2588 3186 2594 4080 2597 2605 3282 3270 
3277 2562 3290 3294 3309 3291 1348 1364 1365 
4053 4373 4372 1773 4371 2302 3687 3686 2191 
3358 3357 3352 3413 3520 3499 3473 3474 3736 
2501 2500 2565 3947 2563 2588 2612 3357 3358 
3352 3414 2774 2773 2877 3904 2935 4343 4348 
2989 2500 2565 2517 3783 821 3661 822 3643 
3911 565 3460 566 3449 3452 3465 3451 2475 
4204 3519 3222 3520 649 648 632 3915 3917 
3464 3916 3426 3430 3442 3429 3947 3209 2588 
2563 3496 3435 3487 3497 3543 668 3476 669 
2560 2480 2580 3723 3543 3539 3476 668 3648 
3283 3650 3570 3543 3544 3476 3539 702 686 
701 3545 2099 1559 1905 4221 912 2799 928 
929 3709 3153 3168 3011 4087 1414 1398 1415 
4220 1558 1902 4221 4087 4075 1398 1414 3709 
3131 3168 3153 3728 4120 870 3729 3868 3855 
3856 3938 3934 3961 3933 3960 4120 3728 870 
4119 4399 2740 2068 2739 3999 4053 4002 4075 
771 788 3548 787 788 771 3548 3624 4045 
1308 1307 4031 308 309 277 3297 3513 2206 
2207 2309 3254 323 322 3296 322 323 306 
3296 275 3296 274 306 4087 4077 1398 4075 
3253 3296 274 275 4362 1756 2024 1757 4087 
1415 1398 4077 3468 542 3467 3453 4362 1757 
2025 4365 4361 4365 4364 4356 2206 3513 2207 
3515 3823 4327 3765 4322 2211 2287 2212 3455 
3467 542 3468 558 2418 4365 4363 4356 4266 
4268 4265 4269 1077 3816 1094 1078 1900 1556 
4208 1560 2656 1560 2657 4208 1077 1093 1094 
3816 1572 261 2661 1562 3709 3698 3168 3131 
3515 50 2207 51 1970 4290 2177 1657 1669 
4298 1668 4302 1238 1255 3945 3940 2206 3515 
2207 51 2658 1562 261 1566 2387 4365 2145 
4370 1238 1239 3945 1255 1216 2818 2817 145 
3063 3695 4096 3697 4373 2421 2480 2420 3860 
2811 1120 2812 2897 2811 3860 2812 3860 2900 
2897 2812 3063 2856 4096 3695 3616 3641 3244 
3644 2785 752 177 178 1238 1222 3945 1239 
4186 2833 2867 3102 2421 4373 2480 4369 1238 
3940 3945 1222 3156 3273 3100 3042 1423 4082 
1422 4094 1038 1055 3853 1054 3063 2888 4096 
2856 2852 2949 3619 3104 1055 1038 3853 3833 
3221 3616 3165 3617 4216 262 2656 1556 3256 
3272 3246 3646 3638 3632 2539 3571 2659 262 
2656 4216 3693 852 853 298 3638 2392 2539 
3632 3279 3303 3266 329 325 3316 342 326 
730 3600 729 3611 3539 3575 3543 3544 3404 
481 2875 2768 2548 2479 4343 2589 3537 3562 
696 3566 696 3538 3537 3566 3695 3709 3698 
3711 3766 3755 3726 3736 3781 3782 938 922 
3638 2485 2539 2392 3693 3660 853 852 3793 
968 967 3777 3693 3680 853 3660 2474 3765 
3216 4471 3693 298 853 3680 880 4127 878 
879 3866 1141 3890 1140 3862 3864 3887 3863 
4343 2935 4348 4350 3886 3925 3889 3936 1122 
1106 3862 3863 3861 3864 3886 3862 3422 2466 
3357 4445 4127 880 878 3702 4035 2340 2518 
2496 1371 4079 1372 4061 456 457 3417 473 
2466 2461 3357 4445 4068 4072 3210 4019 2404 
4199 3565 2405 3537 3500 3517 3518 3638 3571 
2539 2485 1423 4082 4094 2335 4385 4394 4397 
4403 4097 1411 1410 4084 3526 2881 2779 2780 
3452 3357 2461 4445 2066 4418 2064 2132 3418 
3413 3417 473 1719 1720 4337 2009 3542 683 
667 684 4159 1859 1488 1858 3526 657 2779 
2881 668 3542 667 684 212 1865 2748 2841 
1720 1719 4337 4326 666 3507 3499 3474 2245 
3743 3758 2296 791 3556 3563 775 4235 1584 
2664 2665 2245 895 3758 3743 2668 2920 2671 
4243 2458 2487 3216 2531 1127 3871 3870 1143 
2595 2486 3287 2592 463 3425 2216 2217 2219 
3396 2218 2319 446 447 430 3395 3787 992 
2804 2803 4280 2395 2080 2460 325 341 342 
3316 3241 3251 3247 3250 1629 131 2082 1946 
1148 1132 1131 3881 3495 3507 3473 3499 330 
313 3305 314 1690 2168 2167 1988 3342 2289 
2220 2314 313 330 3305 3279 3206 3032 3047 
3761 3391 3368 3422 3394 2245 2244 3758 895 
3861 3864 3862 1106 3799 3790 3788 3761 3772 
916 915 3706 3702 3704 3696 3703 2474 2531 
3216 2487 3526 656 2779 657 3748 898 3704 
899 4101 4102 4132 3710 1429 4100 1412 1428 
2167 2168 4308 1988 4165 1868 1869 1499 2245 
2296 3758 2244 3865 3937 3856 3941 3526 2780 
2779 656 849 3653 848 3677 1206 1222 3978 
1205 3843 3844 3842 3789 3815 3843 1030 3819 
1323 1307 1306 4031 2531 2474 3216 4471 3995 
4025 1273 1274 4162 1868 1869 4165 3249 3268 
3226 3261 4043 4026 4044 1305 4057 4023 4013 
4018 2907 3041 3023 4175 4306 2618 2457 2528 
3268 3249 3226 3269 4340 2425 4332 2155 1547 
1896 4203 2106 1547 1546 4203 1896 1719 2009 
4337 2008 3765 4325 4329 2390 3653 849 848 
4457 4255 2350 2085 2088 3506 3514 2305 3476 
4257 1609 4255 1610 2578 2533 2456 4472 2083 
1610 4255 2086 3603 2200 2306 3604 2084 4260 
4257 1938 4349 4353 4350 4351 2388 2150 4358 
2149 2561 2455 2560 3723 3506 2482 2305 2417 
3603 3591 2306 2200 277 297 3264 278 4146 
1473 4148 4153 4195 1893 1892 1534 297 277 
3264 3692 1841 1470 4147 1469 3489 3493 3484 
3471 3251 3246 3242 3249 3799 3788 3759 3761 
3251 3240 3242 3246 3308 3309 333 317 1576 
1577 4234 1914 3863 3866 3890 1140 2779 656 
640 657 3251 3238 3242 3240 3226 3272 3286 
3270 3606 721 3605 3593 3652 2754 3676 2948 
3142 3152 4086 3153 4280 2460 2080 2079 1950 
2079 1635 1627 1547 2106 4203 4206 4280 1950 
2080 1633 2722 2723 2026 1765 3457 545 529 
546 4276 4278 4277 4279 3251 3249 3242 3238 
2480 2560 2455 3723 3988 3989 2224 1231 2173 
4298 2176 1669 3325 3379 3351 3381 4286 4296 
2432 2533 4100 4131 4101 4084 3708 3710 3699 
3717 1448 870 4120 871 3603 3578 2306 3591 
4101 3717 4123 4102 545 3457 529 3456 3841 
3868 3229 3836 3868 3855 3128 3836 3868 3149 
3128 3855 4329 2407 2427 2525 2955 3064 3015 
3836 3868 3178 3128 3149 2537 4286 2432 2533 
3309 3308 333 3290 4186 4191 4188 4189 3603 
3604 2306 3578 3856 3872 3865 3941 4183 1522 
4182 4176 1757 1758 2025 4365 2144 2031 2143 
1766 3603 57 3591 2200 4362 3780 4363 4356 
3473 3504 3507 3495 1192 1193 1176 3942 3868 
3836 3128 3178 1722 1718 4321 234 4424 3146 
4151 2504 4295 4301 1668 4302 1660 1971 1661 
4294 4402 4394 4393 4403 2345 4157 2526 2359 
4157 2345 2526 4158 3857 3872 3856 3941 3856 
3893 3857 3941 1177 3942 3948 1161 2933 1649 
1648 1959 1193 3966 1177 3942 1836 4428 4140 
1843 332 3307 315 331 548 532 531 3458 
2247 1439 4139 4114 4402 2065 4393 4394 4424 
4141 4151 3146 4363 4365 4362 4356 2457 2430 
4306 2528 3734 2462 4094 2471 4424 4145 4151 
4141 2456 2528 2578 4472 4108 4107 4137 4118 
4428 1836 4140 4432 4402 2738 4393 2065 4108 
4117 4109 4107 4397 3040 4424 3044 4402 4403 
4393 2738 4413 2060 4408 2067 3040 4397 4424 
4398 2970 2680 2961 4275 3365 3339 3328 3340 
3359 3311 3325 3312 3469 3108 3103 3155 3853 
1054 1069 1053 3389 443 427 3390 1630 4277 
1947 4275 3703 2889 3746 2857 4424 2504 4151 
4145 3096 3435 3176 3008 1353 4059 1370 1354 
1353 1369 1370 4059 2857 2889 3746 2797 1631 
1952 1632 4278 3197 3130 3405 3352 1632 4279 
4280 1949 3108 3469 3103 3478 4122 872 4121 
3717 4415 1814 4419 2074 1814 4415 4419 4418 
1148 3881 1131 1147 3766 3215 3764 3767 4263 
4277 4268 4276 4068 4075 4085 4084 4273 4277 
4263 4276 3983 1227 3984 1228 1369 4079 1370 
4059 3242 3644 3246 3225 4035 2518 2450 4024 
3644 3242 3246 3256 4035 2300 2450 2518 3766 
3215 3768 3727 3768 3215 3766 3767 4291 1660 
4294 1971 3423 3394 3424 3425 3341 3342 3313 
3373 1851 4153 1853 1474 1848 1476 2125 2126 
1990 4313 1697 1698 4035 4036 2450 2300 1660 
4291 4294 4293 2962 3760 4330 4319 3700 2892 
3076 3065 1697 4313 1994 1698 3393 446 430 
3395 2282 2199 3604 2200 3877 2465 2433 2542 
3341 3372 3331 3371 2449 2316 3424 2317 4357 
4364 4358 4356 704 3580 705 3551 1515 1519 
2114 1879 4190 4195 4188 1533 4162 4166 4163 
4165 2429 4306 2430 2528 3529 3530 674 658 
673 3526 672 689 2353 2521 4231 4234 1579 
2094 2093 1914 3734 4107 4110 3739 3462 3430 
3912 3914 4121 3724 4102 3717 4035 4024 2450 
4036 3859 3877 3900 3902 3736 2501 2602 2498 
1880 1524 4184 1883 2119 2344 2267 4160 1346 
4051 1363 1347 3329 2630 2623 3268 3821 1113 
3874 1112 3931 1166 3930 3901 1165 1166 1149 
3899 1071 3853 1055 1054 4168 2642 2958 2643 
3896 3898 1147 3881 3954 3900 3955 3930 2465 
3877 2433 3956 2535 2582 4180 2516 3811 3762 
3759 3761 3329 2585 2623 2630 2749 3001 2963 
1858 3838 1074 3808 3786 3762 3811 3759 3813 
3550 3245 3234 3222 4159 2963 2748 2910 3901 
3902 3931 3903 3838 1075 3808 1074 3838 3839 
3808 1075 3502 633 3494 617 3197 3191 3426 
3427 3469 3478 3075 3432 3174 2515 3140 3185 
3442 3096 3176 3191 3892 3871 3893 1143 3462 
3446 3461 3445 3148 3469 3075 3432 4205 4203 
1545 4202 4191 3550 3565 3222 3461 3444 3460 
3445 3460 3443 3440 3445 3353 3443 518 3444 
3513 2285 2507 2309 49 3923 575 592 3512 
592 3515 591 3546 3547 703 687 1346 1362 
1363 4051 3838 3786 3808 3839 3791 3790 3763 
3714 3329 3217 2623 2585 4065 1375 4082 1374 
3329 3268 2623 3217 466 3404 449 465 1061 
3843 3840 1077 3840 3843 3842 1077 115 1537 
2107 1535 1375 4065 4082 2297 3829 3767 3828 
3764 1061 1078 3843 1077 4337 4331 4324 1719 
332 316 315 3307 4051 4053 1332 4054 4331 
4337 4324 4319 3829 3852 3828 3767 3829 3848 
3828 3852 3829 3764 3828 3848 13 2244 911 
14 3623 3564 3625 3557 4339 4340 4332 2155 
4387 4377 4385 4389 4385 4387 4384 4377 2363 
2156 2153 4344 3296 3251 3253 3250 4445 525 
4449 509 2786 2949 2853 3619 4268 4264 4266 
4267 4258 2334 2084 2349 13 895 911 2244 
2944 4403 2837 2738 4445 4449 525 3452 2334 
4258 2084 4260 3426 3191 3145 3129 3632 3635 
3629 3222 4033 4034 4030 1292 3377 3408 3375 
3398 2173 4298 2366 2176 3823 2427 2426 2531 
4445 3453 525 509 3999 4009 4001 4073 2479 
2589 2425 4343 3403 3406 433 3397 1754 2148 
2025 1758 3918 3504 3917 3919 2478 3805 2293 
2328 3375 3406 3403 3397 3323 3312 3311 3298 
282 3690 283 292 2783 180 720 179 302 
3694 273 301 3563 3556 3627 775 736 179 
2784 720 1541 2105 1543 116 4378 4381 4382 
4383 2538 3141 2508 3071 3401 443 3389 3390 
3627 3563 3564 3556 774 775 3627 3556 3246 
3249 3258 3272 3623 3556 3625 3564 4298 2173 
2366 4302 3798 3785 3755 2498 1001 1002 3794 
3802 3231 3762 3817 3811 4445 525 3453 3452 
3209 3938 3858 3872 3623 3617 3625 3556 3994 
3998 3946 2583 1096 1113 3821 1112 4445 2461 
3453 509 2997 3127 4292 4296 4445 3453 2461 
3452 2745 4142 2744 1475 4283 2270 4285 1961 
3623 3557 3625 3617 3036 3761 3231 3811 1963 
4289 2927 4288 633 3502 3494 3499 3318 3303 
345 329 242 1672 2694 2697 3036 3047 3231 
3761 4189 3245 4186 4191 2113 1879 4179 4172 
4283 2508 4285 2270 2114 1519 1515 112 3363 
391 392 408 4188 4195 4190 4191 3036 3049 
3231 3047 3450 538 3464 537 4254 2350 4255 
2088 3247 3251 3254 3296 1004 3803 1003 3830 
3465 538 3464 3451 1908 1564 1907 4226 3368 
3394 2511 2400 4065 2339 2445 2299 3036 3811 
3231 3049 4283 4282 4285 2508 2563 2583 3946 
2519 3464 538 3465 554 898 3748 915 899 
898 914 915 3748 2310 3454 3468 2286 463 
2216 41 2217 3464 538 3450 3451 3912 600 
3491 601 1083 3795 1100 1084 4283 1961 4285 
4282 1050 3849 1067 1051 1050 1066 1067 3849 
1292 1308 1309 4034 4367 4369 4368 4372 4410 
3138 4377 4385 1083 1099 1100 3795 3394 3368 
2511 3331 3676 2756 207 303 327 3318 344 
328 3118 3933 3886 3855 669 654 3510 670 
637 654 3510 653 2329 2501 3785 2498 3217 
2584 2623 2585 2119 2120 4166 1870 3911 601 
3491 602 3489 661 3472 660 413 3341 398 
397 4332 2416 2155 2425 2950 3103 3059 3480 
3155 3159 3059 3479 4410 4381 4377 3138 3678 
3656 850 3655 3678 3656 3679 850 2119 2358 
4166 2120 413 414 398 3341 2756 3676 207 
2755 3680 298 297 3692 4345 2716 2935 2989 
2532 2417 3505 2571 2591 2424 2425 3765 2204 
3514 2205 655 2417 2532 3505 3506 326 3260 
309 325 2847 2766 2765 3397 639 655 2205 
3514 1454 864 4116 865 2327 2469 3833 3852 
3260 326 309 3299 2474 2424 2591 3765 4054 
4040 4004 4041 2955 3064 3808 3029 3886 3855 
3889 3864 3890 3867 3891 3869 3867 3836 3864 
3855 2119 4160 4166 2358 4410 4389 4377 4381 
3728 4105 4119 4120 1455 4138 1454 4116 2443 
2333 4113 2336 2444 2470 3725 3743 1453 4116 
1454 4138 4317 1707 1998 1708 3823 3810 4317 
4322 4410 4385 4377 4389 3543 3575 3539 3574 
1991 4315 4305 4313 4054 4004 4042 4041 327 
343 344 3318 3759 3067 2886 2893 670 687 
3546 686 3973 3936 3933 3855 3759 3747 2886 
3067 1268 3963 1252 3958 3958 3963 1252 3940 
3759 3787 2886 3747 960 961 944 2801 3759 
2893 2886 3787 1869 4166 4165 1499 3650 813 
814 830 2751 1501 1493 1867 2097 1565 2100 
120 3113 2578 2538 2588 4295 4302 4296 4301 
2416 4332 2155 4339 3243 3274 3023 4175 3956 
2227 3957 3902 4363 2418 4356 3780 3769 2892 
3747 3700 1948 4267 4264 4279 2716 4345 2935 
4346 3772 3790 3773 3714 977 3787 976 993 
3927 3962 3926 1172 3721 919 3752 920 1370 
4079 1387 1371 3926 1172 3962 1171 3614 3602 
3571 3638 4241 1588 1917 1589 4108 4137 1435 
1451 3092 3244 2965 3640 1370 1386 1387 4079 
3064 2955 3808 3836 2092 1585 124 1589 978 
3788 995 979 2092 1917 1585 1589 978 994 
995 3788 4241 1917 2092 1589 3609 742 3626 
741 2724 2725 4368 2029 2474 2390 2424 3765 
4241 1925 1593 1594 4456 3648 3647 810 1995 
1994 4313 1698 2263 1594 2089 4241 287 3687 
286 3293 1994 1995 4313 4314 1423 4082 1406 
1422 1423 1407 1406 4082 3049 3811 3231 3230 
4155 4158 4157 4151 4141 4151 3146 4149 4149 
4150 4141 4151 2089 1926 2090 4248 2126 4153 
1474 2259 4137 4108 1435 4106 2724 2992 4368 
2725 3724 3710 4089 4069 2724 2993 4368 2992 
3046 3045 4244 4256 1286 4016 4011 4017 3049 
3760 3231 3047 3022 2981 3105 4273 4156 1480 
1479 1851 1480 2123 1486 105 3046 3140 4244 
3045 3046 4258 4244 3140 4438 4406 4404 4407 
1843 1469 1841 4144 3457 3456 3438 3437 4456 
3647 3648 3570 347 3319 364 348 3046 4256 
4244 4258 541 3467 3453 3452 2151 4352 2154 
1740 4456 811 3648 810 1740 1742 2151 4353 
4456 3648 811 3570 2080 2077 1633 133 4283 
1958 2183 2184 1680 1681 4309 1985 4208 3482 
2918 4218 2329 2501 2294 3785 1995 4313 4314 
4315 1698 4313 1995 4315 3885 2376 2384 2230 
2231 2376 2321 1103 1991 4313 1698 4315 2654 
2657 4207 2976 1698 1699 1991 4315 1540 4197 
1539 1895 4290 1657 1969 1656 4200 1894 1538 
4197 243 2692 1666 1670 541 542 3453 3467 
4454 763 762 3633 2536 3174 3113 3186 3202 
3174 2536 3186 1248 1232 2819 2863 3438 3439 
3457 3437 137 2826 1344 2825 900 3750 917 
901 1123 1140 3863 1139 541 525 3453 542 
4261 4263 3084 4262 541 3452 3453 525 3389 
3367 3390 3371 3401 442 3389 443 72 2186 
367 2185 2566 2400 2449 3368 4454 779 762 
763 900 916 917 3750 4454 778 762 779 
367 3320 2186 351 3303 3332 3306 3217 4456 
794 811 810 3424 3368 3422 2492 2067 2066 
4413 2061 3461 3912 3462 3445 2568 3368 2566 
2492 2066 2067 4413 4395 3564 3599 3610 3598 
3245 3623 3276 3221 3282 2562 2549 2586 3550 
4204 3235 3516 3276 3274 3245 3221 4204 3550 
3235 3560 3759 3067 3206 3761 3759 3069 3206 
3067 2882 3552 3080 2883 3593 705 3580 3581 
3481 3534 3517 3523 3592 2884 2852 3104 2881 
3527 3031 2851 4011 3993 4016 3963 3592 3580 
2883 3552 1247 2222 35 2223 3993 4011 4016 
3992 347 363 364 3319 2531 2525 2390 4471 
3526 688 672 689 3732 868 4117 867 1453 
4109 1452 4117 4108 4118 1451 4117 3782 923 
922 3737 4287 2276 2179 2182 3856 3872 3868 
3938 289 3688 286 3687 285 3688 286 289 
980 3790 997 981 490 491 4444 507 3291 
3688 3292 3293 490 3420 4444 491 3457 3437 
529 3456 1098 1082 3821 3795 2783 180 704 
720 4456 811 794 3570 3570 3637 2304 798 
980 996 997 3790 2531 2390 2474 4471 490 
3357 4444 3420 3999 4009 4073 4008 2456 2366 
4296 2533 3483 3477 609 3480 2432 4296 2366 
2533 4179 4172 2383 2113 490 507 4444 3357 
305 3296 322 306 3296 305 322 3247 3795 
1083 3851 1084 4351 1744 4347 2018 3502 3507 
3503 3504 2323 2227 3956 3902 3969 3985 3984 
3986 3457 3437 3439 529 53 2204 671 54 
1083 3795 3851 3848 886 874 885 3716 3899 
3900 3954 3930 3325 3360 3358 3328 2082 4272 
1946 1627 4363 2362 2418 2520 4185 1532 4193 
2648 4193 2916 2867 2648 2916 2648 4193 2651 
2875 482 3404 3074 3100 3041 3024 4175 3759 
3036 3206 3069 2455 2520 2362 4363 4309 1681 
2431 2169 3537 680 664 3538 3354 3380 3350 
420 274 3694 273 3250 1446 1445 4123 4132 
3759 3761 3206 3036 1446 873 4123 1445 3360 
3325 3358 3411 4386 2736 4393 2832 3296 3251 
3254 3297 2456 4307 2431 2429 4386 2832 4385 
2943 3699 3716 3708 3717 2899 3972 2817 2862 
1722 1718 2004 4321 4358 1746 2152 2149 695 
679 678 3536 3524 3601 3564 3599 4385 2832 
4386 4393 3317 3318 343 327 727 3585 3609 
3598 1446 4122 4123 873 3754 922 906 923 
1446 4132 4123 4122 4228 4223 2914 3043 4089 
3713 3724 3212 159 2803 2804 992 944 2801 
162 960 1332 4053 1333 4054 4132 4124 4100 
1445 4048 4051 4001 3999 3976 1220 3975 1204 
4051 1348 1332 4053 4307 2456 2431 4301 160 
2803 159 992 2087 2399 4254 2397 3442 3427 
3426 3191 3904 3906 3905 3456 1746 4358 2152 
4353 4025 1274 1275 1291 4244 2921 3045 2978 
1936 1609 4257 1937 4025 3995 1275 1274 3908 
3432 3440 3906 2399 2087 4254 4248 3432 3478 
3075 3906 4077 4075 4072 4008 2877 3070 2879 
3906 4075 4077 4072 4068 4051 4074 1362 1363 
4074 4051 1362 3999 3254 3248 3260 3249 3704 
881 877 882 2448 2470 3745 3725 1216 1232 
2818 145 429 3372 430 414 881 3704 877 
3696 3334 3342 3313 3341 398 3335 3334 3342 
2776 608 576 3477 2324 2323 3903 2228 4418 
2132 4416 2346 4025 4030 1275 3995 2323 2324 
3903 3902 3052 3125 4236 2909 4256 4258 4257 
4244 3470 2881 2878 3480 4239 1914 2094 1583 
2711 2926 4321 2708 4048 3990 4001 4051 402 
3347 401 418 3324 3315 370 3322 3415 3360 
3358 3411 2777 624 186 608 2777 624 185 
186 2868 4261 2839 3084 2839 4261 3046 3084 
3302 329 3279 3266 819 3658 3656 835 3257 
3646 3275 3622 3262 3249 3226 3272 3656 3658 
851 835 1405 4081 1422 1406 332 3290 333 
3308 3463 568 3462 552 3495 3507 3499 3502 
1405 1421 1422 4081 819 3656 818 835 1172 
3927 1157 1156 4223 3039 2972 3043 1172 1173 
1157 3927 1045 3843 1062 1046 1045 1061 1062 
3843 2424 2157 2158 4333 4025 1291 1275 4030 
1047 3845 1064 1048 2926 2711 4321 4319 3447 
3434 3442 3430 3488 3500 3490 3472 1402 4079 
1419 1403 4293 1660 1664 1967 1660 4293 1664 
2690 1812 1813 4414 2073 2715 2712 1731 232 
3778 3712 3721 3711 1243 3952 1242 1259 1150 
3899 1166 3901 3899 3881 3897 3882 3969 3930 
3970 1181 1047 1063 1064 3845 1150 3901 1166 
1167 1423 4094 4112 4114 1813 1812 4414 4413 
3732 3738 3725 3737 3114 4263 3136 3084 4136 
1450 4118 4119 4199 4203 4206 4204 3604 3638 
3525 3602 1941 4269 4259 4265 3575 3525 3573 
3602 3822 2481 4306 2457 3114 4276 4263 4268 
2145 4365 2028 4370 3237 3407 3352 3344 3407 
3237 3352 3410 1841 4147 4144 1469 4436 4400 
4437 2911 2506 3525 3604 2434 1688 1988 4309 
1687 4296 4298 2366 4302 4405 4394 4402 4407 
4397 4403 4400 3010 1669 1978 2173 4302 1979 
1679 2696 1678 4048 3017 4001 3990 1402 1418 
1419 4079 3817 3823 3765 3760 3488 3500 3472 
3474 2112 1887 1525 1529 3525 2506 3604 3578 
3972 2816 1184 1200 4048 3999 4001 3017 3418 
3368 3388 3218 3945 1240 1239 1223 4192 1528 
1887 1529 4362 4363 3012 4366 3368 3418 3388 
3420 1630 1947 1634 4275 4199 2106 4206 4203 
4392 1798 4391 1799 2053 1797 4390 1798 2055 
1799 2054 4392 255 4243 1605 1595 2054 1798 
4392 1799 4199 2404 4206 2106 2864 4003 2904 
2821 822 3662 823 3645 4206 4203 4205 4204 
4243 255 1605 2671 4362 3091 3012 4363 3257 
3643 3225 3244 3919 572 594 595 4221 4222 
2354 2102 4362 2936 3012 3091 3463 569 3464 
3915 1559 2102 2099 119 4053 1366 4075 1365 
4362 4366 3012 2936 3059 3470 2878 3480 3590 
717 3589 3576 1366 4053 4075 4002 882 898 
883 3704 4199 4204 4206 2404 967 951 3776 
3777 1342 4065 1359 1343 3772 964 3773 3790 
1342 1358 1359 4065 362 3303 3332 3319 3863 
1108 3864 3867 3927 3891 3926 3937 3934 3925 
1154 3924 2914 4223 2972 3043 1005 3797 988 
1004 1025 1009 1008 3806 2145 2028 2146 4370 
4137 1450 4136 1434 4133 1447 4102 1431 4022 
4018 4014 3992 4100 1412 4099 4084 1788 1778 
4374 2040 1778 1788 4374 2731 362 378 3332 
3303 1447 4133 1448 1431 121 1567 1571 2098 
1577 1579 122 2093 362 379 3332 378 3427 
2621 3431 2555 1911 2096 1573 2095 2624 3427 
2596 2555 3914 3434 3430 3433 3373 2509 2511 
2319 1972 4297 1973 1662 362 3319 3332 379 
1784 2730 1788 223 3373 3331 2511 2509 2310 
3454 2286 2437 4297 1972 1973 4295 362 3303 
345 361 2161 1712 2003 1710 2159 4328 2364 
2162 4329 4318 3823 2427 4246 1596 1924 1597 
4102 1447 4122 1446 3373 3394 2511 3331 2535 
2411 4169 2523 3509 3504 3917 3503 1518 4179 
1882 1883 3351 3325 3311 3321 3509 595 3917 
3919 2127 1844 4423 1831 3886 3925 3887 3889 
1796 1800 221 2734 1844 2127 4423 2260 4367 
4370 2031 1763 2310 3454 2435 2287 2026 2723 
1755 1765 2143 1764 2031 4370 3329 3204 2631 
2632 3329 3268 3204 2632 3329 2631 2630 2632 
3228 3249 3261 3268 2666 1915 4237 4240 684 
3543 701 685 3351 3337 3311 3338 2547 2467 
3313 2584 2435 3454 2310 2437 2503 3513 2507 
3436 3242 3098 3135 2983 4079 4070 4081 4028 
3678 3241 3694 3240 3057 3098 2998 3238 4289 
4290 1969 1656 3351 3321 3311 3337 1851 4153 
4156 1853 1471 4150 1849 1472 2945 2947 4141 
2828 2606 3267 2541 2577 3165 3616 3221 3097 
1366 1382 4075 1381 575 48 2210 3923 3446 
502 503 519 1435 1434 1451 4137 3201 3248 
3166 3173 3950 2578 2558 2567 2666 4235 4237 
1915 3657 3246 3225 3240 2208 3923 3515 2311 
684 700 701 3543 1005 989 988 3797 1451 
1434 1450 4137 4292 3127 3079 4296 455 456 
3416 3413 425 442 426 3387 3400 442 3401 
3419 4164 2913 2752 2946 3446 503 502 3353 
3950 3209 2558 2578 2545 2497 3106 2556 643 
627 626 3485 1214 1198 1197 3986 3313 3331 
3340 3341 3260 325 324 3297 725 3583 724 
3608 3505 2417 2507 2571 3036 3761 3811 3759 
3814 3800 3815 3818 998 3800 997 3818 2417 
3505 2507 3475 786 770 769 3548 2497 2545 
3106 4424 3446 518 502 519 3422 3394 3423 
3391 3446 502 518 3353 3656 3658 819 3642 
2666 4236 4237 4235 1450 1434 1433 4136 4134 
1433 4104 4135 2627 2628 3994 3211 3917 3504 
3509 3919 4021 4065 2445 2494 1317 1318 1301 
4041 3214 4070 4019 4080 4065 2494 2446 2299 
2445 2494 4065 2299 4009 4010 4002 4056 2627 
2604 2600 4029 586 3502 585 618 4240 1586 
2666 1915 3463 569 552 553 587 619 3509 
3503 282 3690 292 293 2666 4240 4237 4236 
2415 4401 4417 4423 3279 3271 3302 3266 786 
803 787 3548 2744 1471 215 1475 3647 3668 
825 826 4197 4203 4199 4204 2655 264 1544 
1554 3275 3646 3628 3622 1477 2747 1852 214 
292 3690 3683 293 3396 3425 3402 447 827 
3668 826 843 1433 4134 1432 1449 2262 1942 
129 130 2747 1477 1852 4154 4253 1927 4249 
4251 4263 4266 3114 4268 1940 4261 1939 1620 
4133 4103 1432 1431 3828 3830 1035 3802 1036 
3830 1035 3828 4253 1602 4249 1927 1002 1019 
3802 1018 3485 660 3470 659 3830 1019 1003 
1020 1199 3987 1215 3989 4452 777 761 4453 
3721 3711 3719 3777 4452 760 761 777 1432 
1431 1448 4133 3969 3949 3968 3984 1430 4087 
4102 1431 2473 4381 2385 2273 4253 4252 4249 
1602 2473 2454 2385 4381 3968 1196 3969 3984 
3897 3881 3879 3882 3793 3764 3766 3801 3446 
518 3444 3353 1336 4056 1335 1352 3995 1289 
1273 4025 1002 3794 985 1001 4008 4010 4002 
4009 1388 4081 1389 1373 4184 2338 2261 2337 
4452 3630 761 760 4337 2009 1726 2008 1002 
986 985 3794 2001 4323 4317 4322 4333 4340 
4337 2010 1727 2009 4337 2010 4452 4453 761 
3630 4146 4153 4145 4152 4019 4076 3214 4080 
253 1617 1607 2675 3593 721 3580 705 2480 
3124 4381 2580 1447 1430 1446 4102 1430 4102 
4132 1446 2269 4148 2268 2126 4145 4151 4150 
4152 2268 4148 2269 4145 4253 4251 4249 4252 
2715 4341 1731 2712 4383 2135 2273 2136 1813 
2061 1812 4413 1823 1824 4441 2638 4417 4420 
4416 2396 1731 4341 4334 2712 2004 4324 4320 
4321 4410 4389 2473 2361 3526 689 673 3529 
4321 4322 4319 4324 3725 3740 3742 3741 1602 
4253 1603 1928 1540 4194 1539 4197 1735 232 
1731 2712 2788 800 784 801 3173 3248 3239 
3073 3375 3408 3406 3398 3725 3739 3742 3740 
3265 3264 3246 3263 2303 798 2304 2195 2511 
3369 3331 3368 3200 3207 3947 3202 3329 3361 
3323 3360 3994 2620 2628 2611 2572 4238 3176 
3008 1446 1429 1445 4132 3384 3383 3416 3385 
3386 3387 425 3366 3264 3265 3246 3299 3527 
3531 3552 3529 714 3600 3569 713 3608 3625 
3621 3624 3283 3221 3649 2576 3474 3500 3539 
3476 3544 3575 3543 3576 3234 3623 3617 3557 
2447 3270 3294 2440 897 3746 3703 3702 3600 
714 3569 3587 3777 3714 3726 3778 4161 2912 
2751 2842 3725 3743 3742 3739 3774 3714 3777 
3778 4249 4251 4244 4252 3936 3925 3889 3926 
4132 1429 1430 1446 251 2679 1628 1619 3867 
1110 3869 1109 3725 3741 3742 3743 897 913 
3703 3746 897 3748 3703 913 298 277 3259 
276 643 3485 626 642 4045 1307 1323 4031 
4044 1306 1305 4026 4044 4026 4014 4025 4044 
4026 4043 4014 3259 3264 3299 277 3259 3299 
3264 3246 4221 1902 2102 1559 298 3692 3259 
277 2111 1524 2261 113 2935 4355 4348 4350 
3780 4355 2935 4350 3259 3692 3264 277 4244 
2921 2978 4249 4226 4227 1564 4225 3259 3264 
3692 3246 298 3693 3259 3692 919 903 902 
3719 3116 2939 4366 4368 4261 2679 2839 2676 
4427 4430 4398 4407 3259 3692 3693 3246 4401 
4427 4398 4407 2157 87 1721 2160 1902 4221 
2102 4214 298 276 3259 3693 2985 2984 2697 
4300 2697 2984 1979 4300 1422 4082 1406 4081 
2443 2333 2444 4113 3639 59 2198 60 4112 
1439 1423 4114 894 3744 865 3742 4423 4427 
4417 4425 4386 4388 2052 1796 4159 4162 4158 
3101 2066 1803 4395 4396 4182 1886 4183 4189 
4441 4442 4412 4425 4417 4427 4412 4425 4412 
4442 4417 4425 2746 1477 4155 1854 943 3785 
926 942 3310 3348 3336 3349 539 3465 555 
556 432 449 3403 448 4456 809 793 810 
53 655 671 2204 322 3315 339 323 1477 
2746 4155 4154 1418 4090 1417 4470 3509 594 
3511 589 3496 3505 3473 3436 2759 2760 336 
3314 396 380 3332 3334 1969 1656 1968 4289 
3466 3918 3465 3919 1434 1417 1433 4470 455 
3413 3416 3382 3922 3436 2437 3454 919 3719 
902 918 3918 3452 3449 3436 3257 3622 3275 
3645 473 3413 456 472 322 338 339 3315 
3482 3235 4204 3516 165 2798 912 896 4021 
4010 4029 4061 3235 3482 4204 3535 4456 3647 
809 810 1449 1448 4120 4134 1449 870 4120 
1448 1002 3802 1001 1018 3826 1017 1001 3802 
1033 1017 3826 3802 1000 1017 1001 3826 1990 
1991 4305 4313 3982 1227 1211 3984 1569 1910 
4229 1909 2353 2093 4230 2096 4456 809 3647 
3563 4228 1909 1574 2662 4334 1735 1731 2712 
1211 1227 1212 3984 2291 3956 2322 2465 2393 
1230 3985 3988 2393 2320 2224 3988 4160 1866 
1496 1864 1449 4134 4120 4135 3660 3275 3257 
3246 12 895 2245 864 3899 3930 3954 1165 
2324 3902 2323 2441 165 164 912 2798 3660 
3257 3275 3645 1873 2118 2117 4173 786 3548 
769 785 4456 3647 3570 3563 1275 1292 4030 
1291 4161 4164 4162 3054 4160 1866 2267 1496 
2694 1975 2695 4300 1434 1418 1417 4470 3695 
4098 3696 4096 1490 1866 4160 1864 3141 2409 
2536 2527 3719 3711 3699 3715 3699 3715 3708 
3716 3660 3665 3275 3246 3660 3275 3665 3645 
3660 3663 3665 3246 1430 1431 1414 4087 4087 
4103 4088 3724 4085 4084 4100 4101 4036 2255 
1311 2256 3217 3332 3306 3334 2933 2982 1960 
1959 2267 1866 4160 1490 3660 3665 3663 3645 
2255 4036 1311 4046 431 3374 3395 3396 660 
3534 3532 3533 455 3382 3416 439 1965 1650 
4285 4287 3488 3220 3139 3479 1964 1649 4285 
1650 4482 3074 2876 498 3564 3625 3627 3556 
727 3609 726 743 4159 1493 2841 1865 1279 
1278 2258 4467 1961 4285 1960 1650 4456 794 
810 793 1493 4159 2841 4161 311 327 3301 
3265 1277 3997 1278 4469 4482 2876 3074 2875 
1265 3958 1266 4468 3716 3719 3717 3699 3815 
3843 3819 3844 3887 3925 3886 3924 3793 3764 
3801 3802 1483 1860 4157 1859 942 926 925 
3785 4157 1860 1483 1484 1335 4057 4055 4056 
2820 3958 1265 4465 4071 4083 1409 1410 4482 
482 3074 498 2258 1263 1279 4467 3994 4015 
3996 3998 3719 3716 3717 3718 4189 1885 1886 
1527 1633 1954 1641 2077 1885 4189 1886 4182 
4482 3074 482 2875 2576 3274 2516 2463 2644 
2645 3024 4174 4160 2345 4158 2408 2412 2523 
4163 4173 2122 1490 4157 1861 4349 2015 4342 
2016 2122 1861 2121 1492 1369 4077 4056 1368 
3073 2844 3238 3239 2962 2968 4330 3701 3073 
2998 3238 2844 4155 1855 1478 1479 4280 1954 
1633 2077 4441 1823 4440 2072 1822 2071 4411 
2072 1954 2077 4284 2078 1262 1278 4467 4469 
1262 1277 1278 4469 4482 481 482 498 4414 
4441 4411 2072 1694 2168 4308 2165 4411 4441 
4440 2072 1659 2180 1966 76 3073 3248 3238 
2998 4077 1369 4056 4010 3603 58 57 2200 
2202 2284 2307 3547 4092 3213 4089 3733 314 
331 3305 330 3553 690 3530 691 3605 721 
3606 737 3413 473 456 3417 3073 3239 3238 
3248 2520 2530 3780 3712 4482 482 481 2875 
819 3658 820 3642 695 3536 678 694 2978 
3185 4247 4251 735 58 3603 3615 498 482 
3353 499 3595 3555 3554 3583 2978 3140 4247 
3185 3595 3554 3597 3583 942 3785 925 941 
2520 2418 3780 2530 2520 4363 3780 2418 1441 
1440 4095 1424 3318 328 3266 329 2988 2704 
2931 4317 3674 2280 2302 3686 3489 3491 3484 
3493 633 3499 649 650 694 678 3533 3536 
132 2078 1641 1954 2867 2833 4186 4187 3301 
311 279 312 3305 331 314 315 3301 280 
3302 312 1279 1262 1278 4467 4064 4037 4046 
1327 4329 2364 2390 4328 1279 1263 1262 4467 
2073 2074 4442 1824 3846 3848 3792 3847 3858 
3868 3822 3875 2639 4422 4443 4425 1532 1536 
266 2648 1522 1523 4183 1886 2074 2073 4442 
4414 585 3502 3915 3494 2642 271 1510 2645 
2929 4300 2695 4291 1672 4300 2697 1979 2520 
3712 3780 4363 585 597 3915 3502 2113 1515 
2114 1879 2113 2114 4179 1879 3326 374 373 
3316 3316 357 341 358 4381 2273 4383 4379 
585 598 3915 597 2978 4244 4247 3140 349 
3306 366 350 4245 1595 1923 1596 1600 1926 
126 2090 2978 4251 4247 4244 3252 3317 3326 
3316 1409 1392 4071 1393 1392 1409 4071 2792 
366 3320 350 3306 889 3730 3728 3729 3508 
2459 3544 3476 3730 889 3728 3731 1704 1705 
4316 2000 3509 3507 3475 3504 1704 1995 4316 
1705 3887 3925 3888 3889 1538 4194 4197 1539 
1704 4314 4316 1995 2392 2283 2534 3638 3903 
2227 2323 3902 2721 2936 4359 2937 1704 2000 
4316 4314 3344 3007 3375 3404 1761 227 2722 
1765 2026 2723 2722 4366 1755 2723 2026 4366 
2026 1761 2722 1765 3532 692 676 3533 3765 
3760 4337 3701 3424 2492 3422 2288 2806 2860 
2895 3807 4194 1538 4197 3550 1733 4342 1732 
2015 3487 3434 3496 3473 3934 3925 3933 3936 
711 3562 728 712 4096 4098 3696 4126 3696 
3704 877 4126 1912 2665 4232 1574 3331 3218 
3328 3388 1442 4130 4126 1443 3359 3365 3328 
3385 3331 3367 3390 3388 2665 1912 4232 4235 
3421 444 3392 445 3703 3698 2991 3016 3568 
3535 3560 3519 3344 3321 3375 3007 4102 4103 
4087 3724 711 727 728 3562 3698 3703 2991 
3695 3758 3744 3757 3743 3536 678 3533 662 
3344 3404 3375 3407 876 4125 875 1443 3255 
3251 3253 3297 1266 1250 1249 4468 2998 3248 
3173 3073 878 3696 877 4126 3225 3641 3242 
3644 349 365 366 3306 2739 2068 4437 1818 
3758 910 3757 3744 4311 4314 4310 4313 1662 
1968 1661 4297 1991 1699 1992 4315 3758 3745 
3757 910 2176 1974 1669 4298 3758 3743 3757 
3745 3324 3316 3252 3326 2068 2739 4437 4399 
1668 1977 1669 4302 1193 3981 1210 1194 2901 
3959 3932 3933 1265 1266 1249 4468 4111 4094 
4093 4138 4093 4094 4110 4138 3541 2603 3508 
2453 4109 4138 4111 4093 2603 3541 3508 3521 
4316 2348 2426 2163 1995 4315 1997 1699 1999 
1703 1998 4314 1993 4314 1994 4313 1994 4314 
1993 1703 1598 1597 4248 1925 4305 4315 1991 
4308 4305 4315 4308 4311 3324 3239 3252 3316 
3079 4300 4292 4296 766 750 765 3637 1972 
4297 4294 4295 4140 4142 2745 1467 3324 3298 
3252 3239 3215 2474 2575 2591 3324 3326 3252 
3298 1661 4294 1972 4297 4437 4399 2944 4400 
1661 1972 1662 4297 4294 4297 4289 4295 3215 
3829 2575 2474 3215 3767 2575 3829 1263 1246 
1262 4467 3987 1231 1215 3989 2595 3287 2626 
2592 3799 3813 3762 3759 4165 4173 1873 4166 
1375 2251 6 2252 2804 3787 3806 992 2896 
2807 2895 3835 2991 2889 3695 3703 2297 1375 
4065 2252 1193 1209 1210 3981 2315 510 2466 
2288 3659 3643 3660 3661 4069 3734 4092 4089 
4119 870 4120 1449 402 386 385 3336 1263 
2222 1246 4467 4069 4070 4092 3734 2190 3687 
287 3295 363 3319 346 362 3293 318 286 
319 4069 3210 4092 4070 3912 3492 3913 3914 
2486 2278 2275 3320 1246 1245 1261 4464 4119 
1449 4120 4135 2819 143 1248 2820 3741 3743 
3757 3742 363 347 346 3319 4201 4207 2976 
2654 3971 3988 2226 3956 919 3777 936 920 
3551 3581 3552 3580 4069 4089 4092 3210 3988 
3971 2226 3989 3316 358 342 3317 31 30 
3957 2227 919 935 936 3777 4406 1821 1820 
2070 1070 1054 1069 3853 3909 564 3459 565 
1821 4406 1820 4438 3460 3911 3459 565 4207 
4201 2976 3482 548 549 3459 565 3932 1169 
3959 1168 625 3480 642 626 4126 1443 876 
1442 897 3703 3704 3702 3703 897 3704 3748 
1292 4033 1309 1293 4051 4009 4053 4004 4033 
1292 1309 4034 4096 4130 4126 4129 2184 1958 
2183 1647 1885 4187 2646 1526 3459 549 3460 
565 4287 2180 2179 2367 4256 2677 2839 2923 
1099 1083 1082 3795 4256 2839 3046 2923 4141 
2947 4142 2828 1473 4152 1851 4153 4472 3111 
2528 2578 1251 1235 1234 4465 4187 1885 2646 
4181 4155 1479 1478 1850 1250 1234 1233 4465 
1811 2059 4408 2060 1811 4408 1812 2060 1809 
4402 2057 1808 1250 1251 1234 4465 2054 1798 
2053 4390 4472 2528 3111 3079 4141 3146 4424 
2999 4392 1803 2054 1804 2451 4401 2361 4416 
4443 2641 2128 4421 1826 2641 135 2128 4136 
4105 4118 4107 4413 2061 1812 2060 4395 1802 
4390 1803 494 3424 3422 2288 1995 1997 4316 
1705 671 2308 670 3546 3916 3434 3495 3436 
3546 3547 671 2308 1374 4082 1390 1375 3796 
988 971 972 970 987 3796 986 3850 2512 
2458 2491 970 987 971 3796 971 988 3796 
987 4472 3162 3111 2578 4285 4286 2508 3071 
335 319 318 3294 4049 4039 3990 4050 913 
930 3769 929 1196 1197 3969 3984 3769 930 
913 914 402 3336 385 401 142 143 2820 
1264 3969 1196 1180 1197 1180 1181 3969 1197 
3870 1143 3892 1142 1374 4082 4021 4081 3745 
3743 3757 3741 4074 4075 1396 1380 1409 4083 
4097 1410 911 895 894 3744 2888 4083 4096 
4095 1995 4315 4316 1997 1995 4314 4316 4315 
3485 659 642 643 2005 1714 2004 4323 4472 
3111 3162 3079 4472 3127 3162 2578 487 504 
488 3357 2307 2308 3544 2459 733 3590 717 
3589 4472 3162 3127 3079 2512 3850 2458 3795 
671 3514 670 2308 1649 2933 1960 1959 3601 
3602 3613 3589 2695 1676 1666 1975 2933 1649 
1960 4285 448 3403 465 449 3396 3374 3395 
3373 1085 3795 3851 1084 3945 3996 3995 3952 
1404 4081 1421 1405 3407 482 3353 3074 4264 
4267 1944 1620 3870 3871 3892 1143 3979 3941 
3865 3872 518 3446 535 519 3782 924 923 
3737 3446 518 535 3444 4261 4262 1943 4264 
3447 2570 2621 3427 4291 4293 2966 4292 3447 
2610 2621 2570 4436 1830 2633 1465 3447 3431 
2621 2610 3447 3427 2621 3431 2177 4290 1970 
4299 4285 4286 2927 4289 1818 2739 218 2742 
1007 3834 3832 1023 4314 2705 2931 4310 4437 
2742 4436 2741 3031 2881 2878 3470 448 464 
465 3403 3356 439 423 3384 4335 2710 1729 
233 1404 1420 1421 4081 2940 4374 2036 4373 
4314 4317 2931 2705 1061 1045 1044 3840 4314 
3823 2931 4317 1337 1354 4059 1353 4065 2253 
1359 1343 2003 1712 2161 2162 4314 4310 2931 
3823 3824 3829 3764 3215 4189 3023 3245 4178 
3649 3274 2576 3221 4261 1619 1943 4262 1613 
2677 4256 2674 2266 2406 3283 2524 2576 2554 
3276 2463 4261 1620 1943 1619 2925 2678 4271 
2681 4254 4248 1930 1929 1763 4370 2031 1764 
1245 1246 1229 4464 1613 1617 252 2674 488 
3357 489 3413 4007 1299 4006 4040 2713 2710 
4335 233 2905 3990 3003 3038 3990 2905 3003 
4003 3081 4243 2960 2920 889 3730 3753 905 
2962 2710 4335 2968 3573 3575 3589 3574 4221 
4227 2354 4222 3570 3636 3633 3634 729 3610 
728 745 975 3785 2240 959 1401 4079 1418 
1402 2241 16 943 2242 252 2677 1613 2674 
4217 4219 4218 4225 935 3776 918 934 3783 
3736 3735 3785 2814 1168 1152 3932 3974 3975 
3973 1219 3974 1203 1219 1202 3730 889 3753 
3729 60 783 3639 767 3334 3341 398 3342 
2038 2139 2039 1775 4098 4131 4101 4125 1395 
1412 4074 1411 96 1775 2142 2035 4261 4264 
1943 1620 1997 4315 4316 2274 1382 1367 4002 
4077 1382 1366 4002 1367 783 60 3639 2197 
2658 1566 4216 1903 4372 2139 2038 1775 1457 
4421 2127 2129 3031 3527 3481 3072 3497 3435 
3096 3008 1382 4075 4002 1366 2040 4374 1785 
2041 2993 4371 2932 2727 1401 1417 1418 4079 
3781 3735 3782 3737 3735 3736 3782 3785 3139 
3497 3487 3096 1566 2658 4216 2659 2112 4192 
1887 1529 3745 2243 2242 927 4223 2917 2972 
3039 2959 4236 4232 3008 2452 4145 2504 4424 
4002 4010 4077 4056 2421 4373 4372 2139 1587 
4241 4237 4240 1382 4077 4002 4075 3293 3295 
2189 287 1234 1235 1218 4463 3293 3294 2189 
3295 2220 2314 2221 3342 4192 2112 1887 4184 
2543 3454 2435 2437 3210 4072 3214 4019 935 
919 918 3776 1234 1217 1233 4463 3473 3504 
3495 3436 4072 3210 3214 4078 1587 1916 4237 
4241 464 2767 195 2768 1587 1915 4237 1916 
1587 4240 4237 1915 3550 4200 2973 2974 3565 
3550 4191 4194 2532 3497 2571 3505 3080 3088 
3077 3528 4188 4191 4186 4194 3349 3310 3337 
403 1087 3853 1070 1086 3349 3348 3337 3310 
285 3288 3308 3291 3235 3535 3560 3528 4339 
2013 1730 1734 284 3288 3308 285 3307 3285 
332 3308 3284 283 3305 282 3813 1043 1026 
1027 922 3782 939 923 3491 3493 615 3492 
1234 1218 1217 4463 615 3520 3493 631 3501 
4219 2522 3498 1817 2064 2271 2132 3631 3633 
3610 3611 3562 3599 3598 3586 922 938 939 
3782 1012 1028 1029 3814 620 3509 637 621 
3560 3528 3234 3235 1323 1324 4045 4062 4330 
3760 4337 4319 3768 3755 3797 3804 3797 974 
973 3785 3232 3761 3771 3763 4337 4325 4319 
3760 1043 3813 1026 3838 4163 4164 4167 2946 
3781 3782 970 954 766 3637 781 782 937 
3777 936 953 4164 4163 4167 4171 3368 3418 
3357 3414 3418 3368 3357 3420 362 346 345 
3303 1392 171 2791 172 620 636 637 3509 
3934 1169 3932 1153 3887 1154 3924 1137 2326 
2498 2329 3798 3003 3990 4000 3038 2979 4256 
3045 2923 2124 1857 1486 106 4261 1620 4265 
4267 4219 3501 2522 4222 3114 2970 3136 4263 
1632 4278 4280 4279 1628 1624 4262 2678 4403 
2832 4393 2738 2052 1802 2053 4388 4256 2979 
3045 4244 887 3752 3720 3717 3349 3350 3337 
3348 887 3717 3720 4121 4394 2067 2065 1802 
2576 3276 3274 2463 4156 1856 1480 1857 4122 
873 872 3717 3349 403 3337 3350 3718 3752 
887 3717 3882 2376 1101 2512 3015 3119 2897 
3861 2960 2921 2670 4249 4157 1484 1483 1856 
1946 4272 2082 4270 3276 2576 3274 3221 2357 
4272 2082 2460 876 4126 877 3704 875 1443 
4125 1444 876 4126 3705 4125 625 641 642 
3480 1428 4099 1411 1427 1158 3892 3928 1159 
4440 4429 4412 4407 766 765 781 3637 4391 
2133 2361 4392 4392 1799 4391 2133 2272 2133 
4391 1799 1799 1806 100 2133 626 609 3483 
610 1428 1412 1411 4099 609 626 3483 3480 
3639 2197 2196 783 3882 1117 1101 2376 4382 
4378 4377 4381 582 615 583 3491 4375 4381 
4378 4380 623 639 2206 3514 4059 4060 4014 
4061 3415 3369 3360 3361 4045 4030 1308 4031 
623 51 2206 639 623 3515 2206 51 4030 
4045 1308 4034 2303 798 3570 2304 752 3618 
769 753 752 768 769 3618 3924 1154 3934 
1153 3724 4120 4135 4105 928 2799 3769 929 
2390 4328 2364 2159 2231 2376 1119 2230 4075 
4077 4002 4008 4065 1374 1358 1375 3705 4126 
4098 4125 449 3404 3403 465 886 3716 3718 
873 3882 3795 1101 1117 1903 1556 4216 4217 
2385 2273 4379 2138 1279 0 2257 1295 3747 
3787 2886 2859 623 3514 2206 3515 3031 3470 
3059 3134 3647 3628 3645 3275 4311 4316 4314 
4315 4314 4318 3823 4317 4155 1856 4156 4157 
3628 3647 3645 3563 3059 3479 3159 3134 2186 
3320 2187 351 3882 2512 1101 3795 4120 3724 
4135 4134 1169 1153 1168 3932 1099 3795 1082 
1098 3404 449 3403 3406 4220 4227 1905 4221 
334 3320 335 3294 3550 1538 4200 2974 334 
3320 350 351 1538 3550 4200 4197 1032 3847 
3845 1048 2032 1772 4371 1776 4363 4366 4362 
4367 938 3781 921 937 2187 3320 335 351 
335 3320 334 351 1099 3795 1116 1100 4426 
1834 1843 4428 4417 4442 4414 4419 634 618 
617 3502 3945 3979 1222 3940 1009 1026 3807 
1025 3018 3025 2869 3314 3147 3157 3203 3310 
3239 3073 2844 3314 2869 2906 3018 3314 1544 
1897 1545 4202 2261 1524 1880 113 3847 1032 
3845 3820 1542 265 1538 2650 4480 1078 3843 
1079 3945 1223 1222 3979 2100 4227 1905 1565 
3303 3269 3304 3217 3173 3248 2998 3151 4180 
3274 4175 4178 3622 3646 3628 3221 310 327 
311 3265 1154 1153 1169 3934 3226 3270 3286 
3287 1061 3840 1044 1060 1152 3932 1168 1153 
3945 1239 1222 1223 3423 3394 3422 3424 463 
3425 3424 2216 428 3390 427 444 3627 3625 
3626 3556 3608 3595 3607 3621 3592 3619 3606 
3621 4124 874 1444 1445 806 3643 822 3645 
3773 933 916 917 4075 1413 4085 1412 4100 
4124 4132 4101 882 898 3704 897 3464 3448 
3463 3449 566 600 3912 601 4480 3844 3843 
3789 3863 1139 3888 3887 1059 1043 1042 3838 
1521 2647 4181 2829 1810 4406 4408 4405 4480 
1079 3843 3844 1026 1009 3807 3812 3647 808 
824 3645 4052 4004 4051 4054 517 534 518 
3443 3172 3183 4073 4076 4097 4083 3697 4084 
4097 4084 1410 4083 3886 3925 3933 3924 4228 
2662 1574 2665 518 3444 3443 534 4443 4420 
1826 2075 806 822 823 3645 3460 3444 3461 
534 4409 4396 4395 4401 1731 1741 2715 232 
799 782 3637 783 3460 533 3443 534 799 
798 3637 782 4238 2351 2092 4239 3888 3863 
3889 3890 3841 3871 3856 3867 3892 3893 1159 
1143 1388 4081 1372 4079 3015 3836 3178 3128 
938 922 921 3781 3443 3444 3460 534 4460 
1104 1088 1105 2713 1725 4334 1735 4460 1088 
1104 2810 4460 2811 1104 1105 3106 4424 2999 
3040 2657 1550 4207 4208 2656 1556 4208 4216 
4209 1552 1901 1551 799 2304 3637 798 2723 
228 1755 1765 941 3785 940 957 4460 1104 
2811 2810 1254 3963 1271 1255 4460 2955 2811 
1105 1661 1967 1660 4294 1137 1153 1154 3924 
3785 956 940 957 4141 4398 2971 3040 3903 
29 2228 30 1870 1502 2120 109 2184 1958 
74 1645 3647 825 824 808 4460 2811 2955 
2810 4285 4287 1961 2276 4078 3190 4072 3169 
2179 75 1659 1651 3647 3666 824 825 3647 
3645 824 3666 2971 2947 4141 3040 4141 2947 
2999 3040 3326 3327 3252 3298 701 685 3543 
3545 3375 3404 2873 3403 1254 1270 1271 3963 
2599 3521 3541 2603 3541 3501 3535 3519 3541 
2453 2599 2603 2540 2453 3508 2603 4168 4164 
1505 1504 3933 2861 3886 3924 1394 1378 4071 
4074 1248 2863 2819 2820 4071 1378 1362 4074 
3151 3098 3170 3242 151 150 1136 2812 3228 
3151 3170 3242 3199 3345 3323 3208 2263 4241 
2092 1589 3375 3007 2873 3404 1214 3986 1197 
1213 2475 3222 2476 3565 3234 3623 3560 3222 
3375 2847 2873 3007 4434 4407 4431 4438 4103 
4104 4088 3724 3860 1137 3887 3924 3565 4191 
2476 2405 4211 2403 4213 4204 3146 3192 2541 
2545 3420 3422 460 3421 4164 4168 1505 4171 
3192 3146 2541 3161 3402 447 446 3395 3313 
3331 3341 3373 1138 1137 1154 3887 4431 4430 
4429 4407 3510 654 669 653 3610 3599 3631 
3611 3375 3403 2873 2847 3541 2573 2477 3519 
3637 783 2196 799 937 921 3777 3781 1187 
3962 3975 1188 3961 1170 3935 1171 4006 4004 
4000 3990 3637 3639 2196 783 3927 1156 3926 
3890 4047 1344 1328 4048 4378 2049 1791 1792 
4326 4333 4337 1720 4333 4326 4337 4325 2957 
4048 3999 4071 3637 2304 2196 3639 3999 4048 
1362 4071 1362 4048 1361 4071 3535 3501 3541 
3500 3977 1222 3978 3979 1079 3821 1096 1080 
4334 2011 1731 1735 1725 2011 4334 1735 4072 
4073 3062 3110 4398 4145 4144 4147 1079 1095 
1096 3821 2059 2067 4408 2060 4073 4072 3062 
3999 3071 3141 4276 3105 3377 3410 3407 3409 
3637 799 2196 2304 4158 1482 4157 1859 1869 
1495 4162 4160 3862 1122 3863 3887 3561 693 
709 3558 4157 4159 4158 1859 1173 3964 1190 
1174 4157 2360 2359 2121 3071 2508 4276 3141 
3071 4282 4276 2508 2959 2667 4235 2666 3071 
3105 4276 4282 4236 2909 2959 2666 3949 3877 
3944 3983 661 662 3472 3534 3530 690 674 
691 3422 3368 3424 3394 3561 3534 3533 3558 
864 2245 3743 895 3949 3943 3944 3877 2291 
2433 3956 2465 3247 3251 3296 3250 1122 1138 
1139 3887 2323 3902 2433 2441 3923 2286 2311 
2209 4117 867 866 3740 2217 2318 3425 2317 
2217 3425 3396 447 2286 3923 2311 3922 3360 
3218 3328 3369 3442 3447 3176 3435 2324 2441 
3885 3902 4397 4401 4398 4407 3111 3809 3822 
3229 2071 1821 4439 4406 3955 3988 3970 3956 
2510 2320 2393 3988 3863 1122 1139 3887 2245 
864 3743 4115 2958 4168 4167 2645 3331 3394 
3393 3373 3949 3980 3944 3943 3809 3111 3822 
4304 464 3404 481 465 3978 1222 3977 1221 
3404 464 481 2768 3827 3848 3847 3849 3394 
3331 3393 3391 3161 3273 2541 3267 3819 3845 
1031 3820 540 3451 3465 3452 3816 3871 3841 
3867 3461 3446 535 3444 3949 3983 3944 3980 
654 3514 671 655 4014 4060 4027 4061 3997 
4024 3998 4030 3446 3461 535 3462 4183 1886 
4182 1522 540 539 3465 3451 2111 1887 2112 
4184 4181 4189 4187 1885 3266 3249 3252 3269 
4168 2642 1510 2645 2958 4167 3024 2645 4113 
3743 4115 2333 4331 1718 1719 2008 873 3717 
4123 3716 2444 3743 4113 2333 1510 2642 1514 
271 4261 1620 1940 4265 3717 873 4123 4122 
2791 2951 4071 2827 3266 3265 3252 3249 4278 
4273 4282 4276 3577 719 3591 3603 4358 2423 
2388 2152 4357 1745 2021 1744 2864 3033 3958 
3066 3745 2517 2295 2448 4439 1821 4438 4406 
4363 4365 2418 2362 2864 3958 2956 3066 2956 
3066 3958 3154 2418 4365 2148 2362 2148 4365 
2145 2362 1961 2181 1962 1645 3629 3634 3631 
3571 3637 783 767 3639 3107 3991 3196 3187 
3106 3192 2545 2556 634 3502 617 633 3900 
3877 3955 3902 2628 3194 2632 3205 3564 3635 
3571 3525 3266 3318 3252 3265 3955 3877 3956 
3902 2545 3192 2606 2556 2943 2832 4385 3009 
1790 2732 222 2735 4159 2910 4161 3101 356 
372 373 3316 3266 3269 3252 3318 3806 2860 
2806 3807 2913 2946 4164 3042 4066 2340 2339 
2254 3786 2896 2895 3835 3837 3807 1025 1041 
3390 3367 3401 3388 3351 3381 3355 3356 1784 
1788 4374 2040 422 3356 3355 3381 1011 3812 
1027 3814 3814 1012 996 1013 3359 3383 3356 
3384 654 670 671 3514 1011 1012 995 3814 
3546 3547 3544 3579 3747 3032 3180 3076 668 
3543 3542 684 4309 1985 1984 1680 1788 1784 
4374 2730 4309 1687 1984 1985 1719 2005 2004 
4324 2924 4322 2834 4320 1440 4095 4127 1441 
3823 3760 3810 4322 3267 3268 2606 3192 3816 
1111 3871 1110 1091 1108 3808 1107 1200 3972 
1217 1201 3863 1106 3864 1107 3816 1109 1093 
1110 4044 4027 1323 4031 4095 1440 4127 4128 
2627 4029 2600 2605 4074 4053 3999 4075 4383 
4381 4379 4380 349 333 3290 350 3972 1200 
1217 2817 3484 3471 3492 3433 349 332 3290 
333 1341 1326 4064 1342 3442 3433 3487 3432 
4170 4179 1879 4172 2958 2642 4168 2645 349 
3306 3290 332 4182 4189 4181 1885 349 350 
3290 3306 2387 4365 4363 2362 2145 4365 2387 
2362 4309 4307 1984 1687 2339 2253 4066 2254 
1074 1073 1090 4461 2028 4365 2145 1758 2809 
1073 2954 2894 2007 87 1723 2160 2935 4355 
3091 4354 3845 1079 3843 1063 4309 1680 1984 
4307 4351 1745 4357 1744 667 651 650 3507 
3567 3600 3587 3601 714 3600 730 3587 733 
3614 734 3590 243 1676 1666 2695 3611 3612 
730 3587 2687 2982 2933 1959 729 3600 3610 
3611 3575 3590 3578 3602 1422 1423 4112 1439 
4115 2245 2333 3743 1059 3838 1042 1058 910 
3744 911 894 4015 4010 4029 4020 4043 4060 
4044 4014 1827 1807 219 2740 3814 3818 1029 
1013 3086 3095 2941 4375 417 3347 3376 418 
3513 3436 2503 3922 575 49 48 3923 573 
594 593 3920 4019 4010 4008 4076 2786 768 
2787 176 1079 3845 3843 3844 4010 4015 4029 
4061 4076 4010 4008 4009 1916 1917 4241 1588 
3214 4080 2597 4070 1817 2132 1804 2066 3485 
626 3483 627 899 3749 916 900 3265 3317 
3260 326 3458 531 3439 3441 1721 1720 4326 
2006 3895 3897 3857 3943 1721 4333 4326 1720 
3829 3216 2474 3215 1063 1080 1064 3845 2960 
4243 2670 2671 4240 1923 1591 1592 4243 2960 
2670 4249 1128 3871 1111 1127 1568 4223 4228 
4229 667 3507 650 666 922 923 3754 3737 
3971 1199 1182 1183 4245 1924 4246 1596 1072 
1073 2809 4460 3282 2549 3649 2586 2399 4248 
4254 2614 1930 4248 4254 2087 1923 2668 2919 
2669 2668 1923 2919 4243 4250 1607 1611 1931 
2481 2457 3822 2557 3146 2545 2504 4424 1569 
1570 4229 1910 2628 2556 4078 2615 1489 1864 
4160 1863 1721 4328 4326 4333 1072 1088 1089 
4460 4215 4223 4224 4225 356 3316 373 357 
4229 3043 3498 4223 1721 2006 4326 4328 2080 
1950 4280 2079 1490 1860 4157 1861 3785 2500 
3736 2501 3498 3039 4215 4223 2294 2240 2329 
3785 4404 4406 4438 1820 3550 4204 3222 3560 
3357 3449 3430 3448 2071 4406 1810 2070 3468 
559 558 542 3453 3455 2312 2438 1607 4250 
1611 2672 784 2788 785 2787 1821 4406 2071 
2070 2965 2952 3092 3640 3735 3736 3781 3782 
4204 3550 3222 3565 941 3785 924 940 3676 
2755 2836 2948 3240 3640 3654 2948 4404 4406 
4402 4407 1681 1684 4309 1985 941 925 924 
3785 2214 495 3424 2215 2057 4402 1809 4405 
4228 3043 4229 4223 1072 2809 1088 4460 1075 
3838 1058 1074 1810 4405 4408 2058 3382 3383 
3325 3413 801 802 785 3548 899 915 916 
3749 978 962 961 3787 3653 3640 3652 3654 
1684 1681 4309 2169 2214 494 3424 495 585 
3502 586 597 4193 4194 4186 3550 2989 4343 
3011 2935 3464 554 3465 570 3278 3271 3280 
3691 293 3690 3683 3280 3666 3668 3647 3667 
4466 1228 1245 1244 2214 2288 3424 494 3473 
3475 3507 3504 2989 3050 3011 4343 3840 1076 
1060 1077 2214 2215 3424 2288 2419 2361 4416 
2451 3842 3843 3815 3844 2361 2419 4416 4396 
4178 2337 2516 2338 4000 4009 4001 4004 2337 
4178 2516 4180 3638 2392 3632 2534 1052 3851 
1069 1053 1052 1068 1069 3851 2267 2345 4160 
2344 4466 1229 1245 1228 4333 4337 1720 2010 
1726 4337 4336 4338 4466 4464 1245 1229 4336 
4337 4332 4338 3475 3473 3507 3506 1057 1074 
1058 4459 1057 1073 1074 4459 4332 3701 3765 
4337 4284 1639 4283 1638 4282 1638 4283 1957 
3693 3246 3680 3660 2933 1649 2689 1648 996 
3800 3799 3814 4285 1649 2689 2933 3811 3813 
3786 3759 4466 1244 1245 4464 1637 1638 4282 
1956 1963 1648 1658 2689 3839 3813 3786 3811 
1658 1648 246 2689 1696 238 2835 2702 3943 
3966 3948 3967 1178 1195 1179 3967 3842 3816 
4480 3789 3278 281 280 3691 3508 2603 2459 
2540 4021 4065 1358 1342 3682 3667 3258 3691 
3246 3693 3680 3692 3842 1077 4480 3816 1041 
1040 1057 3835 1057 1040 1056 3835 3842 3843 
4480 1077 3979 3942 3980 1192 3842 3789 4480 
3843 4069 3734 4107 4091 3517 3472 3481 3490 
334 3309 317 333 4069 3724 4107 3734 3588 
3574 3589 716 700 3574 699 716 2815 147 
1184 2816 3472 3517 3481 3534 1173 1189 1190 
3964 3353 3407 483 482 465 482 3404 481 
4069 4090 4107 3724 1449 1448 4134 1432 893 
3742 865 866 3343 3347 3336 3349 911 14 
2243 927 2994 3336 2870 3004 3325 3321 3379 
3237 664 3520 647 663 3324 386 3310 3322 
2870 3336 2846 3004 4064 4065 4021 1342 664 
648 647 3520 3359 3363 3362 3338 3486 3491 
3909 3484 14 15 2243 927 3515 592 2208 
591 585 3494 584 617 822 3661 821 838 
280 3263 3278 3691 2066 1803 2067 4395 3563 
3645 3628 3556 4069 4091 4107 4090 3604 2199 
3603 2200 4083 1409 1408 2792 4045 4037 4063 
1325 4083 4095 1408 1409 3997 2546 3998 2450 
3997 2546 2450 4036 2029 4371 2724 1767 1446 
872 1447 4122 4322 2001 1707 4317 4322 2707 
1707 2001 4083 2793 1408 4095 4414 4442 4441 
2073 4441 1824 1823 2073 4402 4405 2065 4394 
2834 3760 3049 2926 873 4122 872 1446 1675 
1978 1977 4302 1675 1683 2171 1982 4083 2792 
1408 2793 2175 4298 2176 2432 1357 1342 4021 
1358 2261 4184 4179 1880 3952 4466 1229 3985 
3786 3813 3838 3837 2114 1519 4179 1879 3760 
2834 3049 3810 2929 2985 4292 3056 154 2809 
1088 1072 2985 2929 4292 4300 1817 101 1804 
2132 3685 3672 861 3671 3277 2524 3674 3283 
3674 2529 3277 3292 3277 2529 3674 2524 3813 
3786 3838 3839 3149 3162 3858 3111 2171 2431 
2391 4302 4185 1536 1532 2648 3525 2485 3638 
2434 2462 3734 4113 2443 3949 3985 3983 3984 
2291 2226 2322 3956 3951 3952 3944 3983 2354 
2102 2099 4221 3734 2462 4113 4094 1280 2821 
142 141 2485 3525 3638 3571 4349 2019 4352 
4353 3149 3938 3858 3162 2937 4354 2969 3091 
3241 3654 3676 2836 2031 1770 2422 4369 4142 
2947 2744 2828 4398 4145 4140 4144 4162 4164 
4163 3042 1674 4301 1981 4302 1526 1536 4185 
2649 1688 2167 81 2170 4307 1680 1980 1981 
3149 3868 3858 3938 1280 1264 142 2821 3241 
3677 3676 3654 267 1536 1526 2649 3217 3335 
2483 2584 2623 3217 2595 2584 3402 3394 3396 
3373 410 3366 426 3370 3149 3111 3858 3868 
3910 3491 3909 3911 3909 3491 3910 3484 551 
568 3462 567 4415 4396 4418 2066 2073 4441 
2072 1823 863 2192 3675 3686 3678 3657 3654 
3240 3607 3595 3606 3621 4441 2073 2072 4414 
818 3656 819 3642 3234 3528 3560 3557 847 
863 65 2192 3824 3216 3829 3215 3675 863 
847 2192 3847 3848 3792 1081 3877 3897 3857 
3859 1062 1079 3843 1078 4396 4415 4418 4416 
3889 3891 3926 3890 3975 3977 3976 3962 472 
3413 489 473 3861 3119 2897 2900 3897 3877 
3857 3943 3893 3943 3894 3895 3856 3937 3891 
3941 3512 3923 3921 3922 2171 4302 2174 1675 
3679 300 850 851 1449 869 1450 4119 3663 
295 855 856 4111 4138 4112 4094 2601 2561 
4092 3733 4305 4311 4306 4313 3733 2561 4092 
3213 3712 3779 3011 3774 4314 4313 4311 4315 
3779 3712 3011 3780 279 296 278 3264 2003 
4318 4327 4328 978 3787 961 977 4302 2171 
2174 2391 4072 4075 3999 4008 2003 4317 4327 
4318 2003 4323 4327 4317 2106 2103 4206 1547 
4041 1301 4011 4017 4185 1536 2648 2649 1674 
4302 1977 4301 1674 4302 1675 1977 1449 870 
869 4119 4022 1304 1287 1288 1571 4230 1570 
1911 2003 4328 4327 4323 2227 30 3903 2228 
2654 4201 4207 1897 1447 4121 4122 872 4238 
4242 4241 2343 765 750 3614 3637 4047 1344 
4048 2825 765 749 3614 750 2866 2825 4047 
4048 2903 2825 2866 4048 3815 3762 3819 3818 
3211 3183 3172 4076 472 488 489 3413 160 
2803 976 2802 457 441 3417 3419 4121 1447 
4122 4102 1510 1514 4168 1874 3598 3610 744 
728 3030 3074 3404 3344 4183 4179 4184 1883 
616 3494 633 617 851 299 3679 300 154 
153 1088 2809 3912 3430 3462 3445 3353 3429 
3440 3445 3446 3430 3462 3448 335 3294 318 
334 3610 3598 744 3564 3632 3222 2539 3635 
3629 3623 3276 3222 2197 60 61 783 2511 
2509 3369 2579 2509 2511 3369 3331 3234 3550 
3137 3245 1514 1510 4168 2642 3803 3804 3767 
3830 3446 4447 3448 520 3137 3550 4186 3245 
1184 1201 3972 1200 491 3420 474 490 765 
3636 3614 749 185 2778 640 624 3165 3245 
3221 3617 1428 1412 4099 4100 996 3788 979 
995 905 3730 3753 921 3137 3245 3165 3617 
3234 3245 3137 3617 280 295 279 3263 1644 
1956 4282 1957 773 3556 3626 3624 1845 1471 
4142 1475 2787 3548 2788 785 4142 1471 2744 
1475 4095 2953 2793 2794 3399 3409 435 436 
3604 3590 3614 3602 703 3546 702 3577 4383 
2313 4382 4391 2480 2455 2421 4369 3613 3590 
3589 3602 3548 2787 2788 2885 3357 3449 3431 
3427 2473 4389 4382 4391 703 3547 3546 3579 
412 413 396 3341 491 475 474 3420 3217 
3313 3332 3334 907 890 906 3731 906 3731 
3730 3754 4308 4309 4306 2430 1678 241 2696 
1682 375 359 358 3317 2174 4302 2173 1978 
3358 3218 3418 3328 923 924 3756 3737 3446 
3448 4447 3357 1149 1150 3883 3899 1845 1475 
4142 1467 996 980 979 3788 3680 853 3661 
854 4280 4272 4268 2460 3895 3879 3896 3876 
96 2035 2142 1777 765 3637 3614 3636 3083 
2987 4303 2967 3656 850 3655 834 2728 2036 
1782 2729 3446 504 4447 520 4077 4008 4019 
4010 2987 3083 4303 4304 4011 1301 4040 4012 
857 3667 3682 3683 1301 4011 4040 4041 3288 
3291 3289 3290 3446 4447 504 3357 2249 1407 
1423 4082 3916 3449 3914 3434 3285 3270 3262 
3269 2081 4270 4269 1622 3285 3271 3262 3270 
1001 3793 984 1000 4212 4221 4214 4222 4212 
4222 4211 4219 3812 993 3787 994 1026 3807 
1025 3837 3285 3279 3262 3271 4211 4222 4212 
4214 3446 503 504 520 3285 3269 3262 3279 
3929 3943 3948 3967 3968 1180 1179 3953 1180 
3953 3968 3954 2357 4270 4268 4269 890 3731 
891 868 4120 870 888 871 3676 848 3652 
3653 907 891 890 3731 3510 3507 3506 3475 
1942 4269 1941 1622 4118 868 4117 3732 3507 
3510 3506 3476 1840 4140 1843 1836 4144 4430 
4427 4428 4432 4430 4433 4140 4432 4428 4431 
4430 2633 4404 2634 1819 845 3672 846 829 
2532 2522 3501 2453 4404 2633 2634 4434 4290 
2369 2177 2368 1246 4467 1261 1262 2522 2532 
3501 3498 2383 4172 4169 2411 1076 3816 1093 
1077 3736 3785 3783 2500 375 3317 358 374 
1076 1092 1093 3816 4163 2946 4167 3273 4142 
1475 2745 1467 4467 1246 1261 4464 3946 3952 
3944 3209 883 900 884 3707 2700 2701 1986 
1695 3488 3219 3474 3473 2701 2700 1986 4303 
378 3332 395 379 885 3707 884 900 3672 
845 3670 828 3229 3111 3858 3822 1094 1111 
3816 1110 3414 2619 3415 3411 3219 3488 3474 
3500 1066 1050 1049 3849 3816 1111 1094 1095 
3488 3497 3219 3473 1962 1653 2181 2182 1986 
1685 4303 1686 2656 1560 1556 262 4303 1685 
4307 1686 1001 985 984 3793 340 357 3316 
356 3302 3263 3301 3266 3488 3498 3219 3497 
348 331 347 3319 3463 569 3914 568 1299 
4040 1300 4012 669 653 652 3510 3467 3468 
574 558 1021 3804 1006 1005 463 479 41 
2216 884 874 875 3707 845 844 861 3670 
185 184 640 2778 42 479 2215 2216 3804 
1021 1006 3832 1066 3849 1049 1065 1545 1898 
4202 1897 151 2812 1136 1120 2813 150 1152 
149 3926 3937 3936 3962 3328 3218 3418 3388 
4180 2337 2383 2535 800 2789 817 801 3946 
3945 3944 3952 1937 1609 4257 1610 3946 3940 
3944 3945 1086 1085 1101 3795 861 844 860 
3670 945 962 3769 961 2337 4180 2383 4179 
3470 3479 3059 3134 4440 1822 4411 2072 1705 
84 2274 2163 3747 962 3769 3772 4362 2027 
4366 1756 3866 1108 3863 3867 3310 3157 3239 
3322 1004 3796 987 1003 2027 4362 4366 4367 
2729 2940 2728 2036 2726 4371 2932 2729 1090 
3808 1106 1107 3780 2418 4358 2530 1091 3808 
1090 1107 4043 4023 4058 4018 1335 4056 1336 
4057 2418 3780 4358 4356 1336 1320 4057 4058 
1525 114 2112 1529 2815 148 1184 147 3430 
3353 3429 3426 1321 4060 4043 4058 4348 2015 
1738 2014 4235 1584 2665 1912 4347 1743 4346 
2017 3353 3430 3429 3445 3150 3344 3405 3130 
1184 148 2815 1168 860 843 3670 844 3623 
3568 3564 3557 3404 3074 3407 3344 3568 3623 
3564 3629 4068 4072 4086 3210 4123 874 4124 
1445 2942 2980 3086 4375 224 1778 1782 2728 
2151 2423 2389 4352 4384 2737 4386 2943 2553 
2615 4078 2556 1740 2016 1739 4352 1951 4273 
1631 4274 378 3332 3303 3330 3310 3298 3239 
3157 3304 3298 3329 3268 3092 3616 3165 3097 
1888 1533 4188 1532 3660 3246 3257 3225 2997 
4296 4289 4286 3535 3560 4204 3235 840 839 
856 3664 3445 3446 3353 3430 3444 3446 3353 
3445 3910 3445 3440 3433 4296 2997 4289 4292 
2364 2407 4329 2525 3611 746 730 3612 3610 
3600 3586 3599 3614 3615 3604 3638 343 3318 
3317 359 730 3612 731 3587 3610 3600 729 
3586 3560 3535 4204 3519 3794 3782 3781 3755 
3939 3209 3946 3944 4196 1893 4195 1534 3660 
3643 3257 3645 3669 3689 3671 3277 3791 967 
966 3776 4133 4104 1432 4103 4360 4361 2021 
4355 3951 3985 3952 3983 3939 3154 3946 3209 
1166 3899 3930 3901 1004 988 987 3796 326 
3317 343 327 3939 3940 3946 3154 878 4126 
877 1441 3697 4098 3695 4096 4260 1942 2262 
4269 1939 1940 4256 4261 1743 4354 2020 4355 
2264 4421 4443 2128 1706 84 1705 2163 3660 
3225 3257 3643 4431 1463 4432 4434 4410 4424 
4397 4401 4358 4356 3780 4350 523 4448 4450 
507 326 342 343 3317 3939 3944 3946 3940 
3689 3669 3671 3684 1280 2822 2821 141 2221 
2314 3335 3342 4022 1289 4025 4026 1025 3806 
1008 1024 3353 3428 3429 3426 4022 1287 1271 
1288 1271 4016 4022 3963 669 3510 652 668 
3428 3353 3429 3440 2423 4353 2151 2152 709 
693 3561 710 4281 1955 1642 1646 3175 3006 
3028 3428 3028 3006 3438 3428 3803 3764 3766 
3802 1636 1955 4281 1646 4191 3245 3550 3222 
4412 4425 4427 4429 3051 3809 4310 4304 1826 
2131 4443 2128 435 452 3409 451 3245 4191 
3550 4186 664 680 3537 663 3822 3216 2458 
3795 3252 3316 3260 3317 537 553 554 3464 
3816 3824 3817 3216 861 3672 845 3670 3874 
3871 3821 1112 3662 838 839 4458 1249 1265 
2820 1248 3817 3230 3816 3216 3615 3637 3614 
750 3871 3874 3821 3841 3331 3373 3393 3372 
2177 76 1665 1657 3576 3577 3590 718 2509 
2319 3373 2289 3076 2859 3747 3032 412 3341 
3340 3371 1249 4465 2820 1265 649 3499 666 
650 3857 3871 3856 3841 1188 1189 3976 1205 
3928 3892 3927 3891 1123 1140 1124 3863 429 
3372 413 3371 429 3371 428 3392 3891 3869 
3867 3871 3662 3661 838 4458 3999 4053 4051 
4009 4056 4059 1337 4058 4056 1353 1337 4059 
1364 4051 1347 1363 1364 1348 1347 4051 3481 
3527 3031 3470 3551 3527 2882 3552 706 3582 
3553 3581 3470 3527 3031 2881 2053 1797 4388 
4390 3551 3529 3526 3527 658 3531 3530 659 
838 3661 837 854 2001 1707 4317 1708 4209 
4202 4205 1898 3698 3709 3770 3711 3719 3711 
3776 3777 3774 3777 3776 3711 649 665 666 
3499 3721 3711 3777 3778 3424 2316 2215 2216 
3777 3711 3774 3778 460 477 3422 476 3 
1343 4 2254 3858 3880 3822 2618 3818 3825 
3801 3819 3818 3791 3801 3825 3818 3762 3801 
3791 2907 4174 4177 4176 853 854 837 3661 
3865 3872 3938 3939 3323 3158 3199 3203 3950 
3209 3858 3872 3818 3819 3801 3762 3970 3988 
3955 3986 1973 4298 1663 4299 3279 3285 3305 
3271 3226 3270 3287 3269 3640 3240 3657 3244 
3193 3175 3432 3195 2606 3267 2577 3268 278 
3264 277 3299 3260 325 3316 324 3950 2542 
2567 3877 3415 2550 3414 3368 38 3374 39 
2219 3317 358 342 359 4184 2337 4178 2338 
3605 3593 3580 3592 3606 3593 3605 3592 3595 
3582 3554 3555 3175 3193 3432 3428 3608 3596 
3607 3595 2530 4358 2423 2388 3752 919 3719 
903 2337 4184 4178 4179 887 3752 3718 903 
478 3424 495 479 4358 2530 2423 4350 4315 
2166 1992 2165 3353 3446 3357 3430 835 834 
851 3656 1489 4157 1490 1860 3357 3430 3446 
3448 1992 2166 1699 83 4097 1443 1442 1426 
3752 904 3753 920 4072 4008 4073 4076 4049 
4039 1313 4038 4068 3210 4069 4019 4003 3033 
2904 3003 4197 4199 3565 4204 4009 4010 4020 
4076 478 494 495 3424 4157 1489 1490 4160 
4459 3835 1057 1073 3310 3239 3324 3322 4382 
4377 4387 4389 1400 4077 1399 1416 1813 4415 
1814 2062 1699 2166 1992 4315 1992 2166 1701 
2165 1814 4418 1815 2063 3640 3654 3657 3240 
1813 2061 4415 2062 851 834 850 3656 4458 
4474 854 3663 4262 2678 2868 2679 4459 3786 
3835 1073 672 656 183 2780 3640 3642 3657 
3654 4091 4070 4093 4081 3640 3244 3657 3642 
4459 3835 3786 3837 4375 4377 4376 4378 2996 
2735 2941 4376 1789 2137 1781 2043 1701 2166 
1992 83 2787 3548 2853 2885 343 3317 342 
359 3404 482 466 3407 4331 234 1729 2711 
3548 2787 2853 3618 4077 1415 1399 1416 4289 
4292 4288 4294 1663 1970 1969 4299 4307 2528 
4306 2429 2179 1651 1966 4287 834 833 850 
3655 373 390 3326 389 3326 390 373 374 
252 1623 1613 2677 537 3464 554 538 74 
1653 2181 1645 3949 3985 3969 3955 3464 569 
553 570 3500 3521 3476 3508 1215 3987 1214 
1230 1310 4037 1327 1311 6 2252 5 1375 
4064 4035 4066 4046 1327 1343 3 2254 28 
2229 2230 1135 553 554 3464 570 4045 4032 
4024 4027 1185 3960 3973 1186 981 3790 965 
964 2570 3176 2572 2495 1510 271 1520 2645 
3703 2890 3016 2857 3521 3500 3476 3539 2794 
2888 4095 2953 2848 3428 3353 3099 817 801 
2789 3640 2713 4335 1725 233 675 692 3532 
691 2475 4204 2477 3519 4307 4306 2528 3079 
3485 660 3489 3472 4208 3482 2976 2918 1320 
1336 1337 4058 3549 3528 3234 3557 3428 2848 
3353 3439 162 2801 944 2800 4098 3708 3695 
3705 4152 1851 1479 1850 766 783 3637 782 
398 3334 397 3341 3076 2892 3747 2859 461 
3421 3422 3423 3708 4098 3695 3710 3769 2799 
913 929 4048 1361 1344 1345 3538 3566 697 
3569 697 3540 3538 3569 698 3540 697 3569 
3631 3601 3564 3571 3817 3215 3765 3824 4152 
4156 1479 1851 913 2799 912 929 3353 482 
483 499 3213 3153 4086 3709 2971 4398 4433 
3010 3050 3701 3775 4343 4307 2528 4472 3079 
4152 4155 1479 4156 3864 3867 3889 3863 4152 
1850 1479 4155 4446 496 497 513 3390 444 
3392 3421 3927 3892 3928 1157 3890 3892 3927 
1157 832 2790 3652 816 2000 4316 4314 4318 
1962 1653 2182 75 4446 497 496 2770 3999 
4051 4001 4009 833 832 849 4457 4010 4015 
4061 4059 830 829 846 3672 3670 828 3650 
3672 3778 3781 3777 3721 3781 3778 3777 3726 
3274 2463 4178 2516 2101 118 1553 2104 2036 
4373 1779 2037 4373 2036 1779 4374 100 2133 
2272 1799 4418 2346 2271 2132 3124 4381 2580 
2553 2463 3274 4178 3276 828 3670 827 844 
3390 444 428 3392 4355 4362 3780 3091 4433 
4400 2911 3010 4362 4355 3780 4356 2976 3482 
3082 2918 4433 2911 2971 3010 1572 260 1568 
2660 3469 3471 3487 3479 3487 3488 3139 3479 
907 3738 891 3731 3756 3738 3754 3737 3497 
3435 3487 3096 907 3756 908 3738 4446 512 
496 513 3517 3524 3518 3535 3446 519 503 
520 469 3410 486 470 3844 1079 3845 3846 
676 693 3533 692 463 2216 3424 479 843 
844 827 3670 3072 3134 3088 3481 3523 3534 
3559 3554 3995 1289 1272 1273 2851 3072 2882 
3527 3570 813 796 797 798 782 797 3637 
4165 4166 1873 1499 3236 3528 3088 3481 3664 
823 3662 3645 469 485 486 3410 2877 3456 
2849 3906 3662 823 3664 839 4134 4121 4120 
3724 2511 2318 2400 3394 2929 4292 2966 3056 
4446 496 512 2770 2117 2118 1873 1503 823 
839 840 3664 4318 1709 2000 1710 2426 2164 
4316 2163 3947 3186 3202 2612 2003 1710 4318 
2161 4292 2929 2966 4291 4045 4031 4027 4030 
4045 4027 4024 4030 4446 3437 512 513 3396 
2318 2217 2218 3186 3947 3202 3200 2427 2161 
4318 2164 1872 1506 1873 4171 1728 2158 4340 
2155 2628 4078 2597 2615 4078 2628 2597 3214 
1727 4339 1728 4340 4446 512 3437 2770 2696 
1979 4307 1679 2531 3823 2458 2426 4265 1621 
1941 4269 1936 1615 4257 1614 2696 2984 4307 
1979 3823 2531 2458 3216 3553 3532 3554 3555 
3417 441 3386 3400 3553 3532 3530 3531 3996 
4030 3997 3998 4341 4343 2989 4348 3552 3581 
3553 3582 2064 4418 2271 2132 2696 2986 4307 
2984 2141 4369 2421 2422 839 822 838 3662 
2036 1772 4371 1773 4338 2012 1727 2013 822 
839 823 3662 3995 1258 1259 1275 2514 4082 
2502 2379 3562 3598 3559 3584 2574 2471 4070 
2559 4032 4029 4061 4021 2514 2471 4094 2335 
2781 2782 181 688 4029 4032 4061 4024 785 
802 786 3548 3656 818 835 834 3523 3528 
3522 3557 1443 4097 1442 4130 2787 175 784 
2788 706 3582 3594 707 3995 3952 1259 1258 
3276 2554 2476 2463 2044 4378 1791 2045 4375 
4381 4374 3013 3645 3622 3643 3257 3622 3645 
3643 3556 4374 4375 1785 4380 3401 3421 3390 
3388 2516 2582 4180 3274 425 3387 3386 441 
3325 3383 3356 3359 3356 3383 3325 3382 818 
3656 3655 834 2361 4401 4389 4396 2417 2482 
2532 3506 3996 3995 3997 4030 3996 3952 3997 
3995 3245 3623 3234 3222 878 3702 880 881 
2576 2582 2516 3274 3995 3997 1259 3952 3696 
3704 3695 3703 1219 1220 3977 3940 4400 4403 
2944 3010 4402 4406 4405 4407 4102 1430 4132 
4087 3995 1275 1259 3997 4421 4423 4443 4422 
3403 2766 2847 3397 3952 1227 3983 1228 1190 
3964 3978 3965 3868 3872 3858 3938 3375 3403 
2847 3397 3793 3714 3791 3763 3232 3760 3231 
3763 3936 3926 3889 3937 3944 3872 3979 3939 
3793 3763 3766 3726 1119 2376 1102 1118 471 
3413 488 472 471 487 488 3413 4019 4079 
4077 4010 1391 1407 7 2250 3996 3998 3997 
3952 4024 4015 4027 4061 4185 2648 2867 2649 
1529 1531 114 2109 1219 3975 3977 1220 3883 
3882 3899 3902 4000 3093 3196 3187 2709 4321 
2834 2708 4321 2709 2834 4320 2146 1764 2143 
4370 1074 3808 1090 1091 3958 3940 3154 3991 
1409 4097 1426 1410 3821 3879 3795 3850 1219 
3973 3977 3975 1219 3940 3977 3973 833 834 
817 3655 1724 2158 1728 88 2579 3369 2511 
2550 818 3655 817 834 2910 2841 4161 2912 
2841 2910 4161 4159 1998 4317 2705 2704 3331 
3218 3388 3368 3879 1115 3878 1114 706 3582 
707 3553 3997 4024 2450 3998 3470 3531 3481 
3527 2783 3580 2782 2883 4208 3482 4207 2976 
3808 1074 1090 4461 2295 2242 3745 2243 3745 
3758 2331 2243 2303 3651 3283 3570 4115 12 
1455 11 3757 3744 3742 3743 1409 1425 1426 
4097 4317 1998 2705 4314 286 3688 3291 3293 
1819 2069 4404 1820 4384 2943 2996 2734 3674 
3687 3292 3688 3798 1006 3804 3797 2303 2281 
3283 3651 3283 3671 3277 3669 3685 3687 3674 
3688 3265 3299 310 326 2789 817 3652 816 
704 3551 2782 3580 2303 2464 3283 2281 3533 
3534 3532 3558 2786 177 2785 752 1006 3798 
3804 3805 3246 3265 3260 3299 487 471 470 
3413 817 816 833 3652 3490 3498 3219 3488 
47 2210 575 48 3299 3265 310 3300 3826 
3764 3827 3802 2303 3570 3283 2464 1246 2374 
2223 1230 3976 1189 3978 1205 3650 813 830 
3672 1301 4040 1300 1317 4151 2526 4157 2375 
2750 1867 1497 1501 2185 2186 367 3320 1369 
4059 4056 4010 1849 4150 1850 1472 3650 828 
812 3672 1301 1318 1302 4041 2526 4151 4157 
4158 3767 3852 3833 2469 2122 107 2267 1490 
2605 4080 2597 3214 2413 4172 2115 2116 4115 
2245 12 2246 3490 3501 3219 3498 2113 4172 
2383 2411 4179 4178 4182 4183 3211 4080 2605 
3214 1317 4041 4042 1318 3520 3494 615 3492 
3490 3500 3219 3501 3650 812 813 3672 2844 
3247 3314 321 303 208 3676 848 2117 2118 
2412 4173 2840 2756 2836 3241 2412 4173 2413 
2523 3852 3767 3833 3831 2699 1678 2986 1983 
3490 3488 3219 3500 4176 1517 4179 1882 1734 
1736 2153 2016 3770 3011 3771 3775 1522 1882 
4183 1523 2806 157 2805 1024 3117 3065 3700 
3180 3770 3117 3771 3011 2154 2016 1740 4352 
2151 4352 1740 4353 3420 3368 3357 3422 3345 
3208 3198 3411 3198 3411 3405 3345 2389 4352 
2153 2154 1300 4040 1301 4012 4175 3273 3243 
3274 1316 4040 4054 1317 1517 4176 4179 4177 
4011 4016 1286 3963 1480 2123 4156 1857 3518 
3500 3535 3521 3265 3318 3252 3317 3648 3669 
3647 3668 282 3690 3284 283 2279 3292 2302 
3295 2224 2225 3988 2320 3647 3283 3648 3570 
3628 3570 3629 3632 3858 3822 3111 2618 1149 
3899 3883 3881 1882 1522 4183 4176 1545 1895 
1894 4197 1538 1894 1539 4197 4320 2709 2706 
235 3414 2461 2466 2596 3735 3736 3778 3781 
1367 4077 1368 4056 4042 1317 4054 4041 3736 
3735 3778 3783 4043 1320 4058 4023 809 808 
3563 792 817 2789 800 816 2225 2224 3988 
3989 3414 2466 2461 3357 4209 1552 1551 1898 
1721 2006 4328 2007 3555 692 3532 3558 3414 
3431 2461 2596 91 1748 2149 1746 3516 4201 
4200 4202 4309 4305 1687 1988 4305 4309 1687 
4307 4200 4197 3516 4202 3246 3264 3681 3263 
4287 2276 2537 2367 4236 3125 3176 3008 4231 
3498 4229 3043 3695 2856 2889 3014 1743 1747 
4346 2017 1745 2019 4353 1746 3139 3039 3498 
3043 4334 2968 2713 2712 4229 3043 4228 4232 
1785 4374 1784 4375 3176 4238 4236 3008 2856 
3695 2889 3696 2385 4381 2454 4373 3264 3246 
3681 3692 2759 203 336 2760 4159 3101 4161 
4162 2760 203 352 202 2753 2913 2752 4164 
1517 4179 1878 4177 2760 203 336 352 811 
3570 795 794 399 3335 398 3342 796 795 
3570 4454 3334 3342 3335 3313 37 415 38 
2220 399 2221 3335 3342 1784 2044 1785 4375 
3414 2461 3431 3357 3188 3169 4086 4072 382 
3335 399 383 3492 3493 3488 3471 382 398 
399 3335 3188 3142 4086 3169 3188 4067 4086 
3142 1004 3804 3796 3803 2963 4158 1858 3001 
3797 3804 3796 1004 3797 3755 3768 3798 3414 
3427 3431 2596 3830 1020 1004 1021 2239 991 
2238 3798 808 791 3563 792 2775 2850 2776 
3477 4158 2963 1858 4159 4412 4441 4411 4414 
4432 1464 1463 1837 4431 4439 4438 4407 3414 
3431 3427 3357 1459 4426 1460 1833 4417 4443 
2264 4423 576 577 606 3477 2038 4373 1781 
2140 819 836 3658 835 819 836 820 3658 
4188 4195 4191 4194 3188 4072 4086 4067 4181 
2646 2915 2647 3658 3659 852 836 3045 2921 
4244 2977 820 3659 3658 836 1580 1912 4237 
1581 2090 2399 2398 4248 3819 3845 3843 1047 
1031 3845 3819 1047 3227 2586 3286 3224 2265 
4191 4178 4192 2039 2139 2038 2140 3991 3033 
3003 3107 3762 3817 3760 3231 2303 3570 2534 
2304 3991 3003 3033 3958 3774 3712 3779 3778 
2265 2463 4178 4191 3991 3066 3033 3107 3819 
1047 1030 1031 2378 4082 2502 2499 3995 1257 
3945 1258 1423 2248 9 2249 3945 1257 1241 
1258 1241 1242 3945 1258 1242 3952 3945 1258 
3945 3952 3995 1258 1844 2260 103 1466 1095 
3816 1078 1094 2268 2260 2125 4147 3991 3033 
3066 3958 2265 2338 4178 2463 2030 1762 4368 
4367 1211 1195 3982 3984 4457 849 848 832 
3991 3154 3066 3107 1564 4226 1908 1565 2023 
4366 4362 2936 2023 4362 4360 2936 2023 4360 
4359 2936 2265 4192 4178 2338 1021 1022 1006 
3832 2711 4321 234 2708 2845 2761 2869 3322 
3991 3066 3154 3958 3428 2848 3438 3002 3333 
2584 3217 2585 4321 2711 234 4331 2309 2417 
3506 2305 2617 2620 3361 2619 3217 3313 3335 
2584 2171 1683 2172 1982 3463 3916 3914 3915 
1984 1687 4307 1686 633 3494 3520 3499 780 
3570 3636 4454 586 619 587 3503 760 744 
3630 761 3522 3528 3549 3557 2848 3428 3438 
3439 4193 4194 1538 1891 3276 2463 4191 4178 
3825 3801 999 3791 1345 4048 1362 1346 1187 
3961 1170 1186 3760 3762 3231 3763 1345 1361 
1362 4048 1195 3967 3982 3984 4378 4381 4383 
4380 3970 1198 1181 1182 3936 3962 3973 3961 
3928 3892 3891 3893 1187 1171 1170 3961 3894 
3897 3895 3943 1455 4116 4115 4139 4116 4138 
4113 4139 4115 4116 4113 4139 4188 4195 4194 
1533 1455 11 10 2247 744 760 3630 743 
796 3570 780 4454 3994 3205 2628 2620 4460 
2810 2955 2894 2354 4222 2402 2102 2700 239 
1691 2703 3976 1204 1188 1205 1691 239 1700 
2703 3508 2603 3544 2459 2206 52 2205 639 
2272 2313 4391 2347 2309 3513 3506 2417 2603 
3508 3544 3521 2361 2133 4391 2347 2229 2230 
3885 2384 2302 3292 2279 2529 3674 2529 2266 
2524 222 2732 1790 1794 2266 2529 3674 2280 
1397 1414 4075 1413 1397 1414 1398 4075 3792 
3848 3846 3764 2941 4376 2995 4375 1790 4376 
2732 2735 1891 2650 4193 2651 3718 903 3719 
902 796 779 795 4454 4387 4377 4382 4378 
4200 2652 2653 1894 3769 3700 3698 3034 2367 
4290 2180 2368 2995 4376 2732 2733 2805 3806 
2806 1024 4290 2367 2180 4287 1181 1198 3970 
1197 3718 3752 3719 903 3126 3230 3229 3064 
3879 1114 1098 1115 796 780 779 4454 3336 
385 384 3322 886 903 3718 902 3353 500 
484 501 3254 324 3260 3316 3255 3297 276 
3259 3336 2762 2846 3322 589 594 3511 593 
3468 3921 575 3923 1455 2247 10 1439 914 
898 897 3748 2846 2762 2845 3322 3449 3452 
3431 3436 3879 3821 1098 1114 3879 3795 1098 
3821 3058 3004 2846 3322 3393 3372 3392 3331 
2218 2219 39 3396 3648 811 3570 812 846 
3672 845 862 3718 903 886 887 1004 3804 
3803 3830 1004 1005 3797 3804 2263 1589 124 
1922 1589 2263 124 2092 3230 3126 3229 3809 
4448 522 3450 4447 1191 3979 1208 1192 2818 
1232 144 145 4448 3451 3450 522 794 778 
777 4456 3973 3939 3977 3865 793 777 4455 
4456 3973 1218 3974 1219 793 794 777 4456 
3475 3506 2417 3505 3535 3500 3541 3521 4448 
3357 3450 3451 3541 3500 3508 3521 3541 3501 
2477 2453 4448 4447 3450 3357 3500 3219 3508 
3476 864 3744 4116 865 2309 3514 3506 3513 
2309 2305 3506 3514 1481 1485 2746 1854 3744 
864 4116 3743 825 842 3668 841 3277 3223 
3258 3272 4391 1798 2050 1799 3648 3668 3647 
826 1041 1024 3807 1025 2264 4421 2127 4423 
2053 1803 4390 1802 4415 4417 4414 4419 3647 
3669 3667 3668 859 3670 860 843 1793 2136 
99 2047 4480 1079 1095 1078 2609 2587 3768 
2591 2478 2609 3768 3767 3821 3216 3822 3795 
1099 1115 3879 1098 1099 1116 3879 1115 243 
2695 1666 2692 1099 3795 3879 1116 792 793 
776 4455 1977 1978 1669 4302 775 3627 3630 
4451 2487 2377 2512 3795 1433 1416 1432 4104 
1099 1098 3879 3795 2813 1136 3924 1152 1136 
2813 3924 3860 2235 23 2234 3854 2893 3787 
2804 2886 3077 2973 3235 2975 3831 3833 1038 
3832 3851 1084 1068 1085 3970 3955 3969 3986 
3787 2893 2804 3806 3630 3563 4455 4453 2177 
1657 2180 76 3770 3700 3771 3117 3914 598 
584 599 363 380 364 3319 2442 3270 3292 
3294 1178 3966 1177 1194 3285 331 332 3319 
4480 3821 1095 1079 1847 1474 1848 4148 3309 
285 3308 3291 1847 1474 4148 1473 1853 4153 
4156 2259 2555 2438 2435 3454 3630 775 4455 
3563 914 3748 897 913 3772 3788 962 963 
3788 3772 962 3747 3630 4452 4455 775 2504 
4151 4158 3146 775 792 776 4455 3630 4453 
4455 4452 3765 3760 3823 4322 3980 3942 3979 
3943 2567 3951 3950 3877 3968 3953 3949 3954 
3968 3949 3969 3954 2444 3734 2443 4113 3951 
3983 3944 3877 4289 4295 4299 4286 4295 4289 
4299 4297 4480 3816 1095 3821 4324 4322 4319 
4325 4067 4072 4086 4068 2692 4291 2693 2966 
3747 3032 3771 3180 2175 2178 1663 4299 4285 
4290 4286 4289 3032 3747 3771 3761 2176 78 
2173 1669 775 3563 791 792 2283 2196 3639 
2197 4480 1078 1095 3816 3636 3633 763 4454 
1097 1114 3821 1113 196 448 197 2766 4015 
4022 4025 4014 4322 2924 3087 2988 1086 3852 
1087 3853 3767 3805 2478 2493 197 448 432 
2766 1086 1087 2232 1103 3406 449 433 450 
685 3545 670 669 433 3406 3403 449 1119 
1103 1102 2376 3406 450 434 3408 2372 2199 
3604 2282 2080 2077 4280 1633 434 3406 433 
450 3266 3303 3269 3318 4322 2834 3087 2924 
3459 564 548 565 2314 2467 3342 2289 685 
686 670 3545 2624 2621 3427 2555 4322 3810 
3087 2834 4322 2988 3087 3810 3821 1114 1097 
1098 3578 3603 3604 3590 3613 3571 3634 3636 
780 763 779 4454 3821 3879 3874 1114 4282 
4285 2508 3071 4106 4090 4470 4136 780 3636 
763 4454 1787 2047 1795 2135 965 3790 981 
982 3033 2864 4003 2904 2864 3033 4003 3958 
3495 3507 3502 3504 3032 2859 3747 2886 4106 
1418 4470 4090 3795 1082 3821 3848 4106 1434 
4470 1418 3553 689 3529 690 4472 4296 3079 
3127 4106 4136 4470 1434 3257 3644 3246 3646 
468 3410 485 469 4122 3717 4121 4102 3829 
3848 3852 3795 1396 1413 1397 4075 4073 4009 
4076 4008 468 484 485 3410 3633 3630 761 
4453 673 3526 656 672 2083 4257 4255 1610 
4255 1609 1933 1610 1933 1934 4255 1610 4355 
4356 4350 3780 1191 1207 1208 3979 2222 1263 
36 2258 4356 4355 4350 4357 2264 4423 2127 
2260 646 663 647 3493 370 3315 3314 3322 
2144 1770 2031 1766 3745 2331 2295 2243 369 
386 370 3322 2243 3758 2331 2244 673 657 
656 3526 3314 3315 3239 3322 3025 3314 3239 
3322 3704 3703 3706 3695 594 595 3509 3919 
588 595 3509 594 3821 1114 3874 1113 4191 
4178 3245 3276 3227 3268 3261 3226 3095 3009 
2941 4377 4398 2452 2415 4424 3703 3704 3706 
3748 4178 4191 3245 4189 4228 2665 1574 4232 
3257 3246 3275 3646 483 467 466 3407 788 
3556 3548 804 3946 3186 3947 3209 4029 2594 
2494 2445 3272 3646 3256 3224 2005 1715 1714 
4323 194 480 195 2768 3404 482 2875 481 
3642 3643 804 3556 4317 4318 3823 4327 4064 
1326 1341 1325 4029 4028 2494 2594 3493 663 
3472 662 647 3520 3493 663 3993 3946 3994 
3996 1600 2090 2089 1926 2616 2592 3287 2590 
4029 4021 2494 4028 3285 3290 3308 3288 334 
3309 333 3290 3797 3785 972 3755 3285 3290 
332 3308 778 761 777 4453 4029 2445 2494 
4021 4475 850 3678 849 2570 3447 2572 3176 
3978 1221 3976 1205 3631 3633 3611 3634 2573 
2485 2475 3635 3563 3633 3631 3634 4182 4181 
2907 4176 3541 3519 3535 3525 2589 3727 2591 
2425 483 3407 466 482 4182 3023 2907 4181 
4475 3655 3678 850 3773 918 3776 934 1352 
4056 1369 1353 4182 4176 2907 4177 3714 3747 
3771 3700 3973 3961 3933 3936 3973 3937 3977 
3962 2589 3784 2591 3727 3886 3924 3860 3887 
1267 4006 1268 3958 1342 1326 4064 1343 3972 
3959 2902 3933 4067 3115 2964 4083 4096 4130 
3697 4098 3696 4098 3705 4126 2707 4322 4320 
2001 4322 2707 4320 2924 4267 1621 4265 4270 
1943 1620 4264 1944 3802 1017 1001 1018 4268 
4272 2357 2460 4267 1621 1944 1620 2081 2334 
2262 4269 4475 3654 3678 3655 3649 3646 3282 
3224 3246 3272 3258 3646 3747 3714 3771 3763 
1246 2223 1247 1230 3141 2508 4276 2527 4475 
849 3678 3654 976 2803 160 992 564 565 
3909 602 3699 4089 3722 3713 4114 4139 4112 
1439 3762 3789 3846 3817 3861 2900 3886 3119 
4114 2248 2247 1439 2502 2499 4028 2544 4431 
4434 4432 4430 3789 3762 3846 3844 1821 2071 
4439 1822 1457 2127 1842 134 3699 3709 3722 
4089 3305 314 281 282 678 662 661 3533 
1352 1368 1369 4056 3330 3313 3312 3340 3699 
3711 3722 3709 3305 315 282 283 776 760 
4451 4452 3699 3713 3722 3711 2461 3453 2312 
2438 4037 1326 1309 1310 2247 2248 10 1439 
2784 720 3605 736 3674 2266 3283 2524 675 
3530 674 691 2266 3674 3283 3651 3335 366 
3306 3320 366 3335 3306 3334 3831 1038 1053 
1037 2537 4290 4287 2367 2909 4240 3052 2908 
4287 1650 1961 1651 2179 1651 2182 75 2121 
1861 1484 1492 2121 2122 4157 1861 3927 3892 
3890 3891 1191 3965 3941 1175 1420 4079 1403 
1419 678 3533 661 677 4022 4026 4025 4014 
4240 2909 3052 4236 4157 1860 1484 1861 1337 
4056 1336 1353 4042 4017 4041 3992 1334 4055 
1335 4042 4290 2537 4287 4286 4242 2343 2472 
2614 2959 2922 4232 4235 4231 3498 2521 2401 
1484 2121 4157 1861 2273 2313 4383 2136 2050 
1792 4378 4383 4383 2047 1793 2046 4123 874 
1445 873 1665 1970 2177 1657 1038 3831 1053 
3853 4384 4388 4386 1796 2995 4376 2941 2732 
2996 2735 4384 2734 4458 854 855 3663 2424 
2390 4325 3765 2789 2887 3640 801 4480 1078 
1077 3843 2887 2789 3640 2952 2180 1657 1966 
76 1420 1404 1403 4079 2751 1493 4161 1867 
3465 3449 3464 3918 1888 1532 4185 1536 1010 
994 993 3812 4480 3816 1077 1078 4162 4164 
4161 1867 2224 33 3989 2225 4346 1747 1737 
2017 799 2196 2304 2195 4458 838 855 854 
2717 1747 1737 4346 4283 1957 1639 1958 3432 
3148 3487 3195 3148 3432 3487 3469 1820 1821 
4438 2635 3794 3793 3766 3726 4438 1821 4439 
2635 4438 4439 4431 2635 3147 3310 3171 3004 
3345 3321 3325 3237 2750 1501 2751 1867 4155 
3000 2746 3001 1390 4082 1406 1407 3308 3291 
3288 3290 2761 352 2760 3314 2844 3238 2843 
2998 3656 3642 3655 3657 3057 2983 3098 3242 
3135 3089 3233 3242 2754 2755 3676 2948 3000 
4155 2746 4154 3238 3248 3254 3249 3793 3794 
3766 3764 3260 3299 309 3297 3266 328 3318 
327 3240 3241 3694 3251 3368 2492 2449 2566 
2408 4162 3042 4158 3420 3391 3422 3421 776 
777 760 4452 4162 2408 3042 4163 2550 3368 
2511 2400 2566 3368 2550 2400 776 759 775 
4451 3606 722 3607 738 776 760 759 4451 
3608 3597 3609 3584 1038 3833 1039 3832 3577 
3603 3591 3578 759 758 775 3627 3610 745 
3630 744 3764 3803 3766 3767 2183 1958 1639 
1647 3947 3200 3991 3994 2492 3368 2449 3424 
745 744 761 3630 4090 3724 4088 4104 1010 
3812 993 1009 3463 3449 3914 3916 3426 3352 
3197 3427 4283 1958 1639 2183 1108 3866 1125 
1109 2610 2621 2543 3431 3357 3427 3353 3430 
544 3456 528 2772 4072 4076 4019 4008 4458 
839 855 838 4000 4001 3172 3093 4073 3183 
3172 3163 4458 3663 855 839 2580 3210 3723 
3124 2977 2921 4244 4250 3232 3050 3032 3035 
3050 3232 3032 3771 1904 4217 1903 4225 4307 
2456 2528 2429 2898 4312 4310 2705 2835 4312 
2898 2705 2396 2131 4443 4420 135 2076 1826 
2131 4408 4394 4405 4407 2954 3786 2896 3037 
2704 2705 1998 1711 4415 4416 4413 4417 1998 
2705 1702 1711 2456 4307 2528 4472 4186 2916 
4193 3550 509 526 3453 525 1908 1565 2097 
1567 3085 2916 4186 3550 3489 3488 3493 3471 
3513 3923 3512 3922 3275 3246 3258 3646 195 
480 464 2768 476 3422 493 477 3146 4141 
2945 2999 3682 294 856 857 3473 3474 3499 
3507 4141 3146 2945 4149 476 492 493 3422 
3384 3385 3416 440 3488 3489 3493 3472 423 
440 424 3384 679 3537 696 680 3327 3330 
393 377 2425 2155 4340 2158 3040 4141 4424 
2999 3417 3328 3383 3413 1425 1409 1408 4095 
3335 383 2185 2221 2590 2592 3287 2440 4141 
3040 4424 4398 3633 3630 3563 3631 3813 3814 
1027 3812 3598 3564 743 744 1417 4077 1400 
1416 2447 2590 3270 2440 3630 3633 3563 4453 
3306 2486 2483 3320 285 318 3309 317 1417 
1401 1400 4077 679 695 696 3537 3256 3249 
3261 3242 4374 3013 2940 2980 3013 4374 2940 
4373 3766 3796 3802 3794 397 3334 398 382 
3332 3341 3313 3340 3422 3391 3420 3368 3627 
743 3564 3630 3663 3680 4458 4474 635 636 
3509 3507 673 657 3526 3529 3750 3716 3707 
3715 3773 964 3772 948 758 742 3627 759 
3914 3449 3430 3434 3496 2610 3505 3436 3863 
3867 3890 3866 1095 1112 3821 1111 3230 3231 
3817 3811 3799 3790 3762 3800 2182 4287 1961 
1651 4068 4069 4088 4077 48 49 2209 3923 
743 3627 742 759 3475 3505 3473 3506 4010 
4079 1369 4059 3431 3436 3452 3454 2030 2031 
4372 1769 2031 2030 4372 4367 4287 2182 1961 
2276 3258 3665 3263 3246 3773 3774 3776 3711 
1550 1554 2654 1897 3774 3773 3776 3714 4314 
1702 1993 1703 1293 4033 1278 1277 2829 2907 
4176 4174 2267 108 1496 1866 108 2267 1496 
2119 2907 2829 4176 4181 1293 1294 1278 4033 
817 3655 818 3640 3796 3766 3802 3803 4251 
4243 3081 3078 728 744 745 3610 1660 4291 
1670 1971 3357 3449 3452 3431 3449 3357 3452 
3451 4263 4276 3114 4273 2395 2527 2357 4268 
4280 4278 1632 1953 2382 4276 2370 2527 4045 
4034 4024 4032 4291 1660 1670 2693 4107 4109 
4091 3734 4076 4010 4020 4080 2597 4080 2544 
4070 3210 3214 2593 4070 4072 3214 4019 4076 
1372 4079 4021 4061 80 2169 1681 1684 4109 
4107 4091 4108 4151 2526 2375 2342 743 727 
3598 744 1610 1938 4257 1937 3239 3315 3324 
3322 728 3598 727 744 2705 4312 4314 1702 
4312 2705 4314 4310 3999 4067 4075 4072 4067 
3999 4075 4074 1938 1610 4257 2083 2354 4227 
2522 4222 4210 3482 4208 4218 2215 479 495 
3424 3423 445 3393 446 2216 3425 3424 2317 
2301 3294 2188 2290 2982 1960 4285 2933 3545 
686 701 685 2982 4282 4285 1960 3765 4322 
4325 3760 2534 3570 2303 2464 3651 2303 814 
3570 3650 3651 814 3570 2982 3071 4285 4282 
3283 3221 3628 3646 2982 2933 4285 3071 3729 
888 3720 4120 3493 646 662 3489 2598 3735 
2517 3783 3728 3713 3732 3212 3937 3965 3928 
3941 1091 1074 3808 1075 3015 3861 2955 3836 
3928 1158 1157 3892 3501 4204 3482 3535 4050 
4004 4051 4052 662 645 661 3489 661 644 
3489 645 1213 3984 1196 1212 639 638 655 
3514 1284 4011 4006 4012 1213 1197 1196 3984 
4204 3501 3482 4211 2661 2972 2660 4223 1572 
2661 1906 1562 3488 3236 3490 3498 2182 1961 
2181 1962 2051 2272 4383 4391 2051 4383 2050 
4391 3821 3829 3848 3792 3236 3498 4218 3501 
4160 1864 1495 1863 4127 4129 4126 1441 1482 
1854 4155 1855 4085 4084 4075 1412 1630 2680 
4274 4275 4159 1862 1487 1488 655 638 654 
3514 3705 3704 3696 4126 1663 4298 1973 1974 
2175 4298 1663 1974 1668 4298 1973 4295 4216 
1556 1900 4217 1580 1584 4235 1912 2665 1584 
1574 1912 1668 4298 1669 1973 4234 2094 2093 
2380 1961 2182 2181 2270 3829 3821 3848 3795 
3052 3184 3078 4242 1724 2157 4333 2158 3674 
3277 3688 3292 3252 3260 3248 3249 3447 3427 
3442 3191 2353 2521 4234 2380 2513 2374 3951 
2393 1108 1124 1125 3866 4446 2770 4482 497 
775 4452 776 4451 194 480 2768 2769 413 
3372 429 414 430 3372 429 3393 1167 3957 
31 30 2341 2256 4036 2257 3143 3074 3353 
3099 3277 3674 3688 3671 46 2211 559 47 
3399 436 3378 3380 1167 1183 31 3957 432 
449 433 3403 3403 448 464 2767 2873 2766 
2847 3403 3533 662 661 3534 810 3648 827 
811 3537 3534 3536 3562 3522 3534 3481 3523 
3484 3471 3469 3479 2880 3480 3477 3478 3918 
3452 3465 3449 643 644 3485 660 4102 3724 
3710 3717 1447 871 4121 872 3776 3777 935 
919 3720 3729 3753 888 3979 3980 3945 1224 
3980 3979 3945 3944 3874 3876 3873 1113 3841 
3879 3821 3850 4452 775 776 4455 1630 4275 
1634 2680 3452 3918 3465 3466 3841 3879 3857 
3874 46 543 559 2211 4015 4018 4005 3992 
4025 4031 1306 1290 4045 4030 4024 4034 1678 
1679 4307 1983 1678 2696 4307 1679 338 3315 
3314 354 3314 3315 370 354 3314 353 337 
354 1881 1522 1882 4176 4181 4189 4182 3023 
1732 2012 4338 1733 338 3314 337 354 3943 
3967 3980 3966 1941 1615 4260 1616 3992 3993 
4022 4016 3911 566 3912 601 2262 130 2081 
1622 3980 3967 3981 3966 3914 568 598 599 
3981 3967 3980 3983 923 3782 940 924 1728 
4340 4339 2155 4316 2164 2426 4318 282 293 
281 3280 4330 3760 2962 3701 3472 3500 3537 
3474 4095 1441 1424 1425 4234 2521 2352 2380 
810 826 827 3648 2123 2124 4156 1857 1678 
2986 4307 2696 3746 2890 913 3703 923 939 
940 3782 972 3797 3796 988 3592 3621 3522 
3619 3284 3690 282 3280 4247 4251 3185 4242 
1486 2123 1480 1857 4068 3710 4067 4084 3842 
1077 3816 1076 3548 3619 3549 3621 1678 1983 
4307 2986 1320 4058 1337 1321 1634 249 1630 
2680 1063 3843 1046 1062 3575 3539 3521 3544 
2985 3056 3079 4292 4288 4289 2927 2997 3575 
3525 3521 3539 4036 2257 2256 1295 3575 3578 
3521 3525 3333 2547 2625 2579 3094 2480 4369 
3723 3415 2619 3414 2550 2550 2617 2579 3369 
3359 3385 3328 3383 3216 3823 3809 3822 170 
2793 1424 1408 583 3913 3494 584 4475 833 
3655 850 631 630 647 3493 3546 3578 3577 
3579 31 1199 32 2226 3913 583 3494 3492 
4475 3653 3655 833 4471 2390 4329 2525 3748 
3703 913 914 913 3703 3769 914 3698 3703 
3695 3706 2799 2800 3769 2891 4471 3765 4329 
2390 1157 1141 3890 3892 805 3643 822 806 
3955 3985 3969 3986 2597 4080 2594 2544 4069 
4077 4068 4019 4097 4099 1427 1411 1411 1412 
4074 4084 4063 4032 4064 4037 647 630 646 
3493 4471 3823 4329 3765 4475 3654 3655 3653 
2265 2356 2476 4191 805 821 822 3643 3575 
3544 3521 3578 4267 4270 1945 1621 3644 3646 
3221 3274 4480 3816 3821 3789 2725 4368 2029 
1761 3637 3570 3632 3571 2722 4368 2725 1761 
1941 4265 1940 1621 1946 1622 1945 4270 1457 
1831 2127 4421 1457 1831 1842 2127 1425 4097 
1442 1426 3637 2534 3632 3570 3354 405 404 
3337 2580 4381 2454 2553 2299 2252 4065 2253 
4065 2339 2299 2253 645 646 629 3489 1721 
87 2007 2160 2503 3922 2564 2490 629 628 
645 3489 3283 2464 2576 2406 2281 2464 3283 
2406 3637 3638 3632 2534 3649 2524 3283 2406 
3649 2406 3283 2576 628 3489 644 645 1884 
4176 4174 2829 1878 1518 1879 4179 3922 2503 
2564 3436 4115 864 1455 12 1454 864 1455 
4116 4480 3846 3821 1079 3637 3571 3632 3638 
1518 4179 1517 1882 2941 4376 4375 4377 3402 
447 3395 3396 3817 3215 3824 3762 3252 3298 
3304 3269 3378 436 3399 435 4480 3789 3821 
3846 3252 3327 3304 3298 3662 3645 3660 3663 
170 169 1424 2793 3023 3245 3243 3097 3243 
3245 3221 3097 3489 660 644 661 3221 3245 
3165 3097 3165 3245 3023 3097 3511 622 3512 
3514 3277 3271 3281 3270 3282 3223 3272 3646 
622 621 638 3511 621 3511 637 638 3767 
2469 2575 3829 3616 3641 3221 3097 2515 4247 
3185 2472 3089 3641 3233 3242 3252 3303 3304 
3327 377 3330 394 378 4063 4064 4021 1341 
4247 2515 3185 3140 305 3247 304 321 1335 
1319 1318 4042 3253 3250 274 3296 1435 1434 
4106 1418 4244 4250 4249 4252 377 393 394 
3330 1486 2124 2123 1857 304 3247 320 321 
3089 3641 2990 3097 304 3247 2758 320 847 
65 64 2193 1434 1435 4106 4137 1492 107 
2122 1861 3990 4051 4050 4004 4051 3990 4050 
4048 754 771 755 3620 3666 3667 3647 3645 
3252 3269 3304 3303 4232 1912 1574 1575 3377 
3237 3344 3407 3377 3321 3344 3237 4235 1912 
4232 4237 3173 3248 3166 3239 737 3618 736 
753 1063 1047 1046 3843 3606 3620 737 738 
3619 3620 3606 3621 1480 1851 4156 1853 4156 
2375 2123 2342 3491 614 3493 613 4156 2375 
4157 2124 3214 4076 4072 3183 3377 3375 3344 
3321 2262 2334 4260 4269 4248 1926 1598 1925 
4349 4352 4343 4350 4158 2545 2504 3146 2359 
2360 4157 2526 4343 4352 2423 4350 2545 2497 
2452 4424 3182 2556 3106 2497 1270 4016 1286 
1287 1269 3963 1285 1286 3261 3249 3228 3242 
3539 3476 3507 3474 3138 3124 3182 2553 3182 
2553 3124 4078 3124 2553 2580 4078 3377 3407 
3344 3375 303 3241 3676 2756 2836 2755 3676 
2756 3676 3241 2836 2756 403 404 3337 3350 
4120 4121 3720 3724 4468 1267 1266 1250 2389 
4352 2423 4343 3769 2890 2799 2891 4312 4303 
4310 4313 3857 3895 3893 3874 4310 3809 2931 
3823 977 2802 3787 961 3652 3640 2789 2952 
3023 3245 3165 3102 3326 3311 3327 3298 3204 
3361 2631 3208 3329 3361 2631 3204 2550 3369 
2511 3368 2631 3361 3329 3333 3345 3361 3323 
3208 3323 3361 3345 3360 3323 3361 3204 3208 
3323 3361 3329 3204 3489 628 3486 629 2485 
2372 3638 2434 3591 57 2201 2200 631 3493 
614 630 403 387 3337 404 4468 1266 1267 
3958 403 3310 3337 387 4468 1251 1267 1250 
977 2802 976 3787 3815 3813 3842 3762 3086 
3013 3095 4375 1149 3881 1148 3899 3489 613 
3491 3493 3165 3245 3137 3102 4468 1267 1251 
3958 3986 3988 3985 1230 1322 4060 1339 1323 
1313 4039 1297 4038 4468 4465 1251 1250 4000 
4004 4001 3990 3024 4174 2907 2644 1635 1950 
2080 2079 672 2780 183 182 1875 1505 1874 
4168 4241 2343 4248 2089 3240 3244 2990 3641 
1727 4340 4338 4339 4338 4340 1727 4337 3512 
591 3515 623 4333 2010 1721 1724 3086 3013 
4375 2980 2965 3640 3652 2952 3652 2952 2789 
2790 4468 1251 4465 3958 2343 4241 4248 4242 
3239 3254 3316 3315 3300 3299 278 310 2004 
4324 4321 1718 3300 3264 278 3299 591 590 
623 3512 3428 3006 3438 3906 3265 326 3260 
3299 3551 689 3526 3529 3147 3322 3004 3058 
3322 3147 3004 3310 3468 3455 543 3453 4273 
4274 1951 2682 1322 1338 1339 4060 23 3854 
1071 24 39 447 40 3396 4374 2980 4375 
3013 1081 3848 3821 1082 543 3468 2211 3455 
3114 2981 2970 4273 1335 4042 1318 1334 454 
3382 438 3412 397 3334 380 396 937 3777 
920 936 410 3340 394 3339 397 381 380 
3334 3493 3520 3488 3472 3095 4381 3138 4377 
3491 3492 3484 3493 3848 1081 3821 3792 3464 
569 3463 553 635 3507 651 652 3269 3279 
3266 3262 692 693 3533 3558 807 3645 3563 
3556 3287 3270 3285 3269 3248 3166 3298 3201 
4018 3992 4055 4009 2404 4204 3565 4199 3668 
3670 859 843 3166 3248 3298 3239 1039 3832 
3833 3834 4100 1445 1444 1428 20 21 2237 
1023 3279 3269 3266 3303 3804 3805 3767 3833 
937 921 920 3777 3275 3223 3647 3283 3667 
3223 3258 3669 622 623 590 3512 3275 3223 
3258 3667 4482 2768 2875 481 3992 4018 4055 
4013 3865 3872 3856 3938 4413 4416 4409 4417 
4411 4441 4412 4440 4482 2875 2768 2769 3461 
566 3460 550 1811 2072 4411 2071 1541 1893 
4198 2108 1461 1834 4426 4428 4417 4425 4443 
4423 4412 4442 4414 4417 3516 4202 4197 4204 
1663 77 2175 1671 2178 1970 1665 77 4482 
480 2768 481 2175 77 1663 2178 2975 3482 
3235 3082 562 561 3457 545 3676 2754 848 
208 4482 2768 480 2769 3350 404 3354 420 
4482 497 480 481 1221 1204 3976 1205 3407 
3410 468 452 3407 3409 3410 452 3482 2975 
3235 3516 3067 3747 2886 3032 1277 3997 1260 
1276 4263 4264 4268 4277 735 3603 734 3615 
3993 3992 4015 4005 1080 3847 3792 1081 1941 
1942 4260 4269 23 1055 1071 3854 3612 746 
730 747 3336 3348 3343 3349 847 2193 64 
831 3992 3993 4015 4022 403 3349 402 419 
4373 3094 4371 2940 3847 1080 3792 3846 1277 
1261 1260 3997 2240 959 2241 17 3350 420 
3378 419 3381 437 3380 421 2935 4350 4343 
3011 3771 3117 3050 3011 3991 3946 3940 3154 
3946 3991 3940 3993 3094 4373 4371 4369 2814 
3932 2815 1168 2631 3208 2620 3205 3208 2631 
2620 3361 3904 2773 2877 3456 3786 3020 3036 
2895 3364 3366 409 3339 3222 3560 3519 3568 
3306 3335 3217 3334 397 381 3334 382 2729 
2036 1782 1772 395 3340 396 3332 1200 146 
2816 147 3607 3620 739 3624 3488 3471 3487 
3473 1364 1380 1365 4075 561 3456 3457 545 
3466 556 3465 540 3607 3620 3606 738 3243 
3097 3221 3641 3712 3779 2530 3780 3027 2994 
3343 2871 3657 3660 3679 3658 1437 4138 4109 
1453 3793 3801 999 1000 571 554 3465 555 
3827 3802 1033 3826 3462 551 3461 535 3831 
3853 1038 3833 3976 3977 3975 1220 1317 4042 
1334 1318 3560 3222 3519 4204 3779 3712 2530 
3783 2456 2366 2391 4302 3486 628 612 629 
2994 3027 3343 3321 2474 3829 2487 3216 3647 
3223 3667 3669 612 613 3486 629 4469 4036 
3997 1278 1317 1333 1334 4042 3647 3223 3275 
3667 257 1590 2666 1586 2666 1590 1915 1586 
2666 1590 2667 1915 4395 4396 4389 4401 4388 
1802 4390 4395 4469 3997 4036 2381 3607 739 
3608 3624 4469 2257 4036 1278 3408 3409 435 
3398 3215 3764 3763 3766 3215 3762 3763 3764 
551 550 567 3461 3159 3479 3139 3134 1728 
2013 1730 4339 1727 4339 4338 2013 4339 1734 
1733 2013 3215 3765 3763 3762 3769 2800 2858 
2891 1728 4339 1727 2013 407 391 3363 408 
3608 3624 739 740 4171 1506 1875 1505 825 
3668 3666 841 2505 3988 3951 3877 3326 3311 
3324 3337 4469 4036 2257 2381 1133 3883 1150 
1134 3406 3376 3375 3398 3376 3398 3348 3321 
567 550 566 3461 3648 812 3650 828 334 
318 317 3309 566 549 3460 550 857 858 
3683 293 1133 1149 1150 3883 2859 2892 3787 
2802 4469 2258 2257 1278 3799 3814 3813 3812 
3787 3759 3807 3812 562 3457 546 545 4469 
2257 2258 2381 4048 4071 1360 1361 2534 2283 
3637 3638 3828 3851 3849 1051 1035 3851 3828 
1051 3945 3979 1224 1223 3458 546 3457 530 
1216 1233 2818 1232 3118 3120 3973 3160 2819 
1232 2818 2863 876 4126 4125 1443 4088 1415 
4077 1416 1631 1948 1947 4277 3523 3598 3524 
3557 2033 4371 2032 1773 2534 2304 3637 2283 
3027 3375 3007 2847 3375 3027 3007 3321 4284 
1954 1639 1953 1510 2645 1877 4168 2534 3570 
3637 2304 1877 2645 1510 1520 3695 4096 3696 
2856 1849 4150 4155 1850 4155 4152 1850 4150 
4140 4142 1845 4143 4254 2397 2472 2350 1036 
1053 3851 1052 2991 3131 3695 3014 4071 4048 
1360 2957 2271 2064 1817 102 4387 4391 4389 
4392 3411 3202 3197 2619 4389 4391 2361 4392 
4263 4275 4271 4277 4010 4018 4009 4020 4018 
4010 4009 4056 3524 3598 3564 3557 2274 2348 
4316 2163 3523 3524 3560 3557 4314 1703 1994 
1704 3466 3452 541 540 3285 3287 3290 3270 
3287 3285 3290 3306 3114 3105 4276 3141 3546 
3577 703 3579 3436 3920 3513 3475 2810 2809 
4460 1088 541 540 557 3466 2809 2810 4460 
2894 2697 2984 2696 1979 3560 3524 3568 3557 
3105 3114 4276 4273 1976 4300 1673 4301 2456 
4301 4296 4302 4078 2556 2628 3194 2630 3268 
3329 2632 2445 2496 4021 4029 1879 4170 1878 
4179 3217 3268 3287 3269 4186 4189 4187 3023 
1101 1102 4479 2321 3920 3436 3513 3922 1425 
4095 1408 1424 3886 3119 2900 2861 3933 3961 
3973 3960 557 540 556 3466 3149 3855 3868 
3938 1101 1086 4479 1102 3294 2440 3320 2290 
861 3670 3684 3671 1101 3795 4479 1086 3320 
2440 2278 2290 2286 3454 3468 3922 3182 3194 
4078 3190 3811 3789 3762 3817 586 3503 587 
596 590 593 3512 592 3821 3846 1080 1079 
3629 3631 3564 3571 3573 3602 3589 3575 3353 
3143 3344 3074 3613 749 3636 748 732 3613 
731 748 3574 3575 3589 3576 2475 3519 3635 
3222 3570 3636 3634 3571 3276 3623 3245 3222 
3824 3215 3764 3762 1928 1597 4246 1929 3820 
3825 3819 3801 3825 3801 3820 3826 3143 3353 
3344 3352 2293 3805 2478 3798 1034 3802 1033 
3827 3895 3897 3894 3896 3846 3821 1080 3792 
3894 3897 3929 3896 4158 3161 2541 3146 3931 
3957 3903 3902 4136 4118 1450 4137 833 4475 
849 850 3753 889 905 888 4133 4121 4134 
3724 1265 1282 4003 1281 889 3731 906 890 
4110 4094 4093 3734 4070 2574 4092 3734 3789 
3811 3762 3842 2175 2369 2178 4299 3639 2304 
2196 2283 3431 2438 2461 2555 4289 1656 1968 
1655 3842 3813 3811 3762 4271 4275 1947 4277 
3471 3434 3492 3433 3209 3154 3946 3186 3442 
3434 3487 3433 2668 1923 1599 2669 556 540 
539 3465 2438 3431 2461 3452 4157 1489 4159 
1859 3895 3879 3857 3897 1489 4157 4159 4160 
3813 3842 3811 3839 2512 2377 4479 3795 3751 
901 3750 3716 40 2218 39 3396 539 538 
555 3465 1843 4428 1835 1836 2512 2321 4479 
2377 729 3600 713 3586 282 315 3305 314 
3254 3239 3248 3238 311 328 3301 327 3524 
3601 3567 3525 3604 3602 3525 3578 3363 391 
407 3338 1360 2957 4048 2826 739 723 3608 
740 3573 3601 3587 3588 2512 1101 4479 2321 
61 2196 799 62 886 3716 901 902 2212 
2287 2312 3455 894 3742 910 3744 3739 3742 
4116 3743 3570 3637 797 781 798 799 2304 
2195 4117 3739 3732 3740 866 3739 4117 3740 
2303 798 814 3570 2512 3795 4479 1101 965 
3790 3773 964 2296 2244 2331 3758 4145 4148 
2269 4153 538 3465 554 555 4048 2826 2825 
1344 2826 4048 2825 2903 573 3919 594 3920 
61 783 799 2196 3475 3511 3509 3920 3978 
1191 1190 3965 592 593 3512 3921 3872 3943 
3979 3941 1207 1191 3978 3979 3509 3920 594 
3919 3511 3920 593 594 3718 3716 886 902 
3795 3879 1116 3882 552 535 551 3462 658 
3530 675 659 1430 4085 4132 4087 1617 2674 
1935 2675 3328 3413 3325 3383 1605 254 1601 
2670 3144 3230 2931 3126 1360 1344 4048 1361 
574 3468 3467 3921 536 535 552 3462 1360 
2826 4048 1344 4417 4443 4442 4419 4020 4080 
3211 4076 3403 3404 2873 2767 1420 4079 1419 
4091 13 2245 895 2244 1404 1405 1388 4081 
3081 4251 3184 2978 3078 3184 3081 4251 4115 
4116 1455 864 3712 2530 2598 2561 4244 4249 
2978 4251 3153 3709 3213 3712 1628 2678 4262 
2679 4241 1587 1916 1588 4236 2909 2666 4240 
1865 2748 4159 1487 4030 4027 4015 4014 4241 
1919 1587 1588 1912 1913 4237 1581 2748 1865 
4159 2841 4027 4030 4015 4024 4237 1916 4233 
4241 551 534 550 3461 2779 2780 183 656 
3905 561 605 606 3306 3285 3269 3287 1608 
4252 4257 1609 3285 3306 3269 3319 1932 1602 
1931 4252 535 534 551 3461 4398 4144 4140 
4430 2194 831 814 815 1844 1832 1841 4423 
1459 4422 2639 4425 3237 3352 3405 3344 3444 
3461 534 535 1459 2639 2638 4425 3284 3288 
3281 3285 3186 3162 3939 3160 3162 3186 3939 
3209 4446 4482 2876 498 4446 497 4482 498 
2194 814 2195 815 3352 3237 3405 3411 3075 
3181 3148 3432 575 3921 592 3923 3591 3579 
3577 3578 4283 4284 4282 4276 814 2194 2195 
2303 2848 3353 498 3074 3463 3448 3430 3449 
3571 3601 3525 3602 831 2194 814 3651 2599 
2434 2573 3525 534 3461 3460 550 3323 3201 
3157 3203 4334 1731 4336 4341 4338 4342 1732 
1733 3353 2848 498 3439 2479 4344 2416 2363 
3323 3298 3157 3201 3141 4268 2409 2527 3897 
3899 3898 3881 4450 525 541 524 2901 3959 
2815 3932 549 533 3460 550 1188 3962 1171 
1187 1154 3925 3934 3935 3935 3925 3934 3936 
2901 3959 2902 2815 1116 3882 3879 3881 3323 
3310 3157 3298 4067 4083 2964 2854 4097 4084 
4099 1411 4075 4084 4074 1412 3373 3374 3342 
2289 4268 3141 2409 4266 3507 668 3539 667 
3323 3203 3157 3310 4264 1624 1943 1625 4259 
4265 1940 1941 4422 1831 4423 1832 1822 1823 
4440 2637 4255 2349 2083 2350 525 4450 541 
3452 4417 2396 2264 4443 2481 2428 4306 2457 
3858 3872 3868 3875 3817 3846 3824 3789 3972 
2862 3132 3133 104 2259 1853 105 3824 3846 
3792 3789 3792 3846 3821 3789 807 3645 824 
808 3149 3160 3938 3162 3111 4304 4306 3822 
658 674 675 3530 4108 1420 4109 1436 1188 
1172 1171 3962 2223 2224 34 1231 4310 4303 
2930 4304 3510 3476 3514 3506 4018 3992 4009 
4005 2930 3051 4310 4304 534 3460 533 550 
4306 4313 4311 4304 4432 4434 4433 4430 4311 
4313 4310 4304 1474 4153 1853 2259 531 530 
547 3458 1278 2258 2257 1279 4311 3809 3822 
4304 3859 3882 3885 3902 547 530 546 3458 
677 3533 660 676 668 3507 3539 3476 807 
823 824 3645 3792 3829 3764 3824 4442 1825 
4443 2639 3605 721 3580 3593 677 661 660 
3533 3790 3762 3791 3763 3816 3824 3821 3789 
3821 3824 3792 3789 3522 3621 3549 3619 770 
3548 771 3620 3773 932 3772 916 3788 964 
3772 3790 3772 962 946 963 3799 3800 996 
3790 3829 3792 3764 3848 4471 3823 3765 3216 
3787 3759 3799 3788 3207 3411 2619 3202 3178 
3064 3229 3836 3948 1162 3894 3929 3808 3811 
3816 3789 3411 3207 2619 3361 3842 3789 3839 
3808 2315 510 2461 2466 3025 3157 3239 3166 
1370 1386 4079 1385 4043 4060 4014 4058 4439 
4429 4440 4407 2335 2249 1423 4082 2506 2489 
2306 3578 4028 4079 4019 4010 4311 3822 4306 
4304 4283 2370 4284 4276 4416 4417 4415 4419 
4240 4241 4238 4242 2105 2106 4199 1896 4182 
4175 2907 3023 1158 1157 1173 3928 3457 529 
3439 530 1161 1145 1144 3894 2051 1793 2050 
4383 733 3589 732 3613 2045 2046 1786 4380 
703 3577 702 719 4317 1709 2002 1708 546 
530 529 3457 2382 4276 4284 2370 3157 3025 
3239 3322 4320 2709 1722 4321 1541 4199 1540 
1896 4415 4418 4416 4419 3842 3811 3839 3789 
4175 4182 2907 4177 3421 3391 3392 3388 3424 
2316 2449 2492 4025 4022 3996 3995 4023 4016 
1303 4017 4416 4420 4417 4419 4022 4025 3996 
4015 2022 1748 2149 2150 2759 320 3247 321 
3893 3943 3857 3941 1728 4339 1730 2155 3857 
3943 3893 3895 3456 544 528 545 4325 4327 
4328 4326 1815 4418 2271 2064 2759 2758 3247 
320 2759 2844 3247 2758 4439 1822 4440 2636 
4441 4425 4412 4429 1161 3894 1144 1160 1332 
1349 4053 1348 1821 1822 4439 2636 1663 4298 
2175 4299 4230 3498 4231 2401 2847 3343 3375 
3397 1332 1349 1333 4053 4135 4105 4136 4090 
4117 4107 4108 4118 531 530 3439 514 3005 
3344 3150 3130 2083 2086 4255 2350 369 3322 
370 3314 2029 1771 2724 2725 1761 1771 2725 
227 3679 299 851 852 3316 325 3260 326 
2029 1771 2725 1761 4184 4192 4183 1887 3300 
279 278 3264 493 478 3422 494 3456 528 
529 545 461 445 3423 446 4264 4267 4268 
4279 2431 1681 1981 1982 430 447 431 3395 
2786 2853 2787 3618 3083 4304 2987 3090 3606 
3594 3593 3595 3606 3593 3592 3595 4016 4017 
4013 3992 530 531 3439 3458 732 749 3613 
748 3282 3272 3277 3270 2172 2431 2171 1982 
2759 321 3247 2844 3776 918 3719 919 3721 
3752 3720 3753 888 4120 3729 870 3725 3738 
3756 3737 4009 4055 4053 3992 3781 3782 922 
3737 4439 4429 4431 2636 814 798 2303 2195 
891 3731 3732 868 3728 3729 3720 4120 4124 
874 875 1444 3728 869 889 870 2213 527 
2315 2214 2631 3361 2625 2617 2366 4298 4296 
2432 831 2193 64 2194 1403 4079 1387 1386 
588 594 3509 589 4055 4009 4053 4002 3997 
2381 2394 2552 2543 3436 3454 2437 3509 3511 
637 621 1580 1581 4237 1915 4206 2103 2106 
2404 3511 3509 637 3510 2403 2103 4206 2404 
3436 2543 3454 3431 4232 4238 4237 4233 4232 
4238 4236 4237 4440 1823 1822 2072 2063 4418 
1815 2064 1457 2641 2640 4421 4474 854 3663 
3681 2451 4401 2415 2361 3427 3197 3411 3352 
4409 4396 4413 4395 1571 1567 1908 2098 3427 
2619 3411 3197 4469 3997 2381 2394 1980 4301 
4307 1981 2354 4227 2355 2522 4015 4018 4059 
4010 1571 1573 121 2095 3427 3414 3411 2619 
2546 2381 3997 2552 4469 2381 2258 2394 4248 
1929 4254 4253 2593 4078 3210 2615 3210 4078 
2580 2615 3389 3370 3367 3371 4469 4467 2258 
1278 4469 2258 4467 2394 3427 3352 3411 3414 
4018 4015 4059 4014 3562 3566 3586 712 461 
445 3421 3423 1295 1278 2257 1279 3384 440 
424 3385 662 678 679 3536 3566 713 3586 
712 3569 3572 3587 714 1189 3978 1206 1190 
668 3507 651 667 668 652 651 3507 4253 
1929 1603 1928 3105 4282 4281 4273 4282 1644 
1960 1643 1961 1644 1960 4282 3325 3413 3328 
3358 4254 1929 1603 4253 1642 1955 4281 1643 
1437 4138 1454 1438 4436 2742 1830 2741 1632 
4278 1952 1953 1426 4097 1443 1427 2461 3431 
3357 3452 1278 1295 2257 4036 4284 4276 4280 
4278 3594 722 3593 706 769 3548 770 3620 
3768 3804 3803 3755 1189 1205 1206 3978 3804 
3768 3803 3767 3768 2478 2468 2587 2478 3768 
2468 3798 1244 4464 1261 1245 4464 1244 1261 
4466 3926 3891 3889 3937 3898 3897 3953 3954 
1177 3966 1178 3948 3851 3853 3831 3852 1065 
1082 1066 3849 2218 2319 3396 2318 2619 3197 
3191 3202 3197 2619 3191 3427 2492 3368 2466 
2568 3368 2492 2466 3422 3920 3922 3467 3454 
3684 3690 3683 292 2839 4261 2868 2679 768 
2786 177 176 4027 4060 1323 4062 1323 4027 
4044 4060 4210 4218 4211 3482 4467 2222 2258 
1263 2222 4467 2258 2394 2705 1996 4312 1702 
2223 2224 3988 2393 3258 3249 3262 3272 1996 
2705 4312 2835 2029 1762 1761 4368 2030 1762 
2029 4368 1761 1762 2026 4368 1216 1233 4462 
2818 3516 3482 4202 4204 4289 4295 4286 4296 
1668 4301 1976 1977 4282 1956 1638 1957 1639 
1647 132 2183 2223 1231 3988 2224 3381 3412 
437 438 2223 1230 3988 1231 2395 4268 2357 
2460 2357 4272 4268 4270 4254 2614 2472 2397 
3417 3383 3416 3413 524 540 541 4450 1945 
4270 4267 4272 4462 3122 3132 2899 3120 3133 
3973 3160 3973 3132 3939 3160 768 752 177 
2786 3263 3271 3278 3691 2899 3132 3972 2862 
3418 3413 3358 3328 3939 3132 3122 3160 2223 
2393 3988 1230 1216 1217 4462 1233 3442 3430 
3426 3427 4209 4213 4205 4204 3030 3344 3143 
3074 4462 1217 3973 1218 3817 3216 3765 3823 
1216 2817 4462 1217 3216 3817 3765 3824 524 
523 540 4450 3799 994 3787 3788 4474 3663 
3680 3681 3521 3578 2599 3525 1216 2818 4462 
2817 3852 3829 2487 2484 3363 3312 3327 3311 
385 386 369 3322 3732 3737 3728 3731 1147 
3878 3896 3881 4469 1262 1261 4467 3731 3737 
3728 3730 1149 1166 1150 3899 2403 4204 2477 
2404 4469 1277 1261 1262 3420 3391 3388 3368 
4469 3997 1261 1277 4469 4467 1261 3997 3787 
994 3799 3812 522 521 538 3450 731 3588 
715 3587 538 521 537 3450 3540 3574 3539 
3573 3719 3752 3721 919 3829 3852 2487 3795 
3729 3730 3728 3713 4301 4307 4472 3079 509 
3422 494 493 3930 1166 1165 3899 3889 3867 
3890 3863 3857 3893 3856 3871 4440 4429 4439 
2636 124 125 2263 1922 4301 2456 4472 4307 
1364 4051 1363 4074 3817 3762 3765 3215 3762 
3817 3765 3760 3999 4051 1362 4048 2232 1087 
3852 2233 2232 1086 3852 1087 1330 4048 1329 
1346 4441 4429 2637 4425 3949 3900 3954 3897 
4205 4203 4202 4204 2658 2972 2661 4223 4301 
4296 4472 2456 3954 3900 3949 3955 3808 1090 
4460 4461 3954 3900 3899 3897 4389 4390 4387 
4392 3808 1106 4460 1090 4301 3079 4472 4296 
3439 498 4446 2848 2068 1827 1818 2739 2232 
2233 3852 2377 1158 3928 1173 1174 1514 270 
2643 1504 3414 2568 2466 3368 1323 4060 4044 
1322 3816 3229 3822 3809 1336 4057 4056 4058 
3333 3361 3329 3369 2658 4224 1903 4216 1903 
4225 4224 1562 1568 4223 1569 1906 648 3520 
665 649 2475 2404 2477 4204 648 664 665 
3520 3414 2596 2466 2568 3229 3816 3822 3841 
4237 4241 4233 4238 2663 4223 2660 2972 1568 
4223 2660 2663 3439 514 4446 498 3150 3405 
3198 3130 3375 3408 3377 3407 464 2768 3404 
2767 3420 474 3418 3419 3439 513 4446 514 
1569 4223 1568 4229 3407 3344 3353 3352 3483 
626 3485 3480 3489 660 3485 644 3414 3368 
2466 3357 4231 3043 3497 3498 1809 4406 4402 
4404 2058 4405 4408 4394 709 3584 3561 3558 
3776 950 3773 934 4397 4424 4398 4401 905 
904 3753 888 4369 3094 4373 2480 4205 4202 
4209 4204 2478 2609 3767 2493 3991 3994 3946 
3947 3874 3879 3895 3876 1067 3851 3849 1083 
609 3480 625 626 4446 2848 2876 2770 4446 
498 2876 2848 3470 657 2881 3480 3821 1113 
1096 1097 1007 1023 2237 3834 1039 22 21 
2236 3724 4107 3212 4105 642 3480 641 658 
1308 4034 4045 1309 4046 4035 2300 4036 4036 
2256 1311 1295 4036 1294 1278 1295 4162 3101 
4161 3054 2769 2770 4482 2876 3994 3991 3946 
3993 4161 3101 2910 2912 3054 3101 4161 2912 
2389 4352 4343 4344 2363 2153 2389 4344 400 
3346 3336 2763 2870 3343 2871 3346 2871 2764 
2870 3346 4245 1927 4243 1595 2763 3346 2870 
2764 1634 2680 4275 2681 2203 671 2204 54 
3798 2498 3768 2468 3336 3346 2870 2763 2498 
3798 3768 3755 518 3444 534 535 1726 2012 
1727 4338 1103 1086 4479 2232 3918 3504 3919 
3920 3919 3504 3509 3920 490 3418 473 489 
1103 1102 4479 1086 1103 2321 4479 1102 3766 
3803 3755 3768 2442 3270 2447 2590 2549 2524 
3649 2406 1059 1043 3838 3840 1103 2232 4479 
2321 3684 3689 3685 3671 1185 1169 1168 3959 
3419 474 458 475 1437 1453 1454 4138 459 
3419 458 475 3811 3020 3037 3144 3648 3671 
3650 3283 3420 474 3419 475 3420 3419 459 
475 1191 3965 1174 1190 1190 3978 1207 1191 
2840 3241 2836 3240 3811 3786 3037 3020 3238 
3247 3240 3251 3690 3271 3683 3280 1061 1045 
3840 3843 1306 4026 1289 1305 3864 3808 3861 
3836 3811 3808 3037 3786 3811 3144 3037 3808 
425 3364 424 3385 4464 1246 2222 4467 2372 
2282 3604 2434 1191 1175 1174 3965 1526 2649 
4187 2646 395 412 396 3340 3362 408 3363 
3364 3543 3545 3544 3576 3803 3766 3755 3796 
3590 3576 3575 3578 3508 3506 3476 3219 2 
2255 1327 3 2398 4248 2399 2614 4098 4131 
4130 4084 4132 4124 4123 4101 2 1311 1327 
2255 4464 2374 2222 1246 3783 3735 3778 3712 
917 3715 3773 918 861 3672 3685 862 3684 
861 860 3670 4464 2394 2222 2374 4464 4467 
2222 2394 3856 3893 3891 3871 3702 897 881 
3704 3937 3964 3927 3928 4055 4042 3992 4013 
4042 4055 3992 4053 2724 4368 4371 2029 2546 
2341 2450 4036 2818 2863 4462 2899 2445 2339 
4065 2496 4368 2724 4371 2993 3839 3808 3811 
3786 3996 4025 3995 4030 3808 3839 3811 3789 
3749 915 3748 899 3704 898 3748 897 882 
3704 881 897 3233 3273 3243 3100 2965 2952 
3652 2790 2146 1764 2028 1760 3997 4024 4036 
2450 2028 4370 4367 1763 4367 4365 4363 4370 
2028 1764 2146 4370 3795 3852 2377 4479 1723 
1716 2007 2159 3867 1109 3866 1108 4016 4023 
4013 4017 4057 1320 1319 4023 2374 3952 4466 
2394 4024 3997 4036 4033 4399 1808 4402 4404 
4004 4011 4000 3992 3019 3999 3017 3163 4181 
2646 4187 2915 2141 2035 2142 4372 2932 4371 
2726 2727 4011 4004 4000 4006 4282 1961 4285 
1960 2715 1741 1731 2014 1737 2014 4345 4348 
3416 3382 3384 439 4476 1232 1233 1249 1734 
2016 2153 4344 3439 513 514 530 3484 3493 
3492 3471 2374 4466 4464 2394 3462 568 3463 
3914 3493 3520 647 631 529 530 513 3439 
3832 3834 1039 1023 4476 1233 1232 2863 3279 
3305 3302 3271 3258 3271 3263 3691 4476 1248 
1232 1249 1319 4057 1336 1320 4476 1232 1248 
2863 1070 3853 1071 1054 513 512 529 3437 
3849 3851 3828 3848 1375 2251 2297 4082 526 
527 510 3453 467 3407 484 468 467 483 
484 3407 4157 1859 1482 1483 1481 2749 213 
1491 4159 1488 1487 1858 2748 1487 212 1491 
510 527 511 2214 1081 3821 1098 1082 4312 
1989 2703 4303 3808 4460 2955 2894 1998 2705 
4314 1702 4379 4381 2385 4373 4476 2820 1248 
1249 4476 1248 2820 2863 4232 1913 1575 4233 
4237 1912 4232 1913 4232 1912 1575 1913 4237 
1913 4232 4233 3997 4464 4467 1261 4145 4152 
4143 4146 3997 4467 4464 2394 4155 1856 1479 
4156 3997 4466 4464 1261 4374 4381 4375 4380 
2161 1710 4318 2164 4114 2248 2298 2247 3997 
4464 4466 2394 3215 3727 3763 3765 4477 4465 
1233 1234 2161 1712 1710 85 1186 3960 1169 
1185 3997 4466 3952 2394 4465 4477 1233 4476 
3105 3048 4282 3071 1319 1335 1336 4057 4374 
4381 4373 3013 3684 290 861 3685 3727 3215 
3763 3766 3122 3940 3958 4465 2315 510 2288 
2214 276 299 3255 3693 3144 3230 3049 2931 
2461 2466 509 4445 4330 2962 4335 2968 4331 
1729 4335 2711 4330 4335 4334 2968 2799 913 
3746 2890 3230 3144 3049 3811 3002 3428 2848 
3099 4019 4010 4076 4080 392 3363 393 3327 
1233 4462 2818 2863 3110 3183 4072 4073 3204 
3298 3189 3268 3359 3364 3362 3363 1233 2818 
1232 2863 3326 388 372 389 39 3374 431 
3396 4090 4079 4088 4069 2799 912 3746 913 
3105 2981 3114 4273 2476 4191 3565 3222 526 
510 509 3453 2539 3571 3632 3635 3496 3434 
3447 3436 288 289 286 3687 3684 3685 861 
3671 1246 2374 2222 2223 2472 4247 4254 2350 
3786 3813 3807 3759 1032 3820 1031 3845 2799 
2798 3746 912 2799 2890 3746 2798 3939 3940 
4481 3973 4466 1261 1260 1244 4466 3997 1260 
1261 3767 3852 3828 3831 4047 4038 1312 2824 
2822 2823 140 1296 3956 3988 2465 3877 4003 
1296 1297 4038 4466 3952 1260 3997 2821 142 
2820 1264 3648 828 3650 3670 1389 1374 1373 
4081 2383 4172 4179 4169 1872 4171 1873 4165 
4481 4478 3122 4462 4169 4173 2413 4172 4162 
4166 1869 4160 2117 4166 2414 2120 4465 2956 
3122 2863 2414 2117 2412 4166 2413 2118 2115 
4173 4334 4341 4330 2968 4465 3958 3122 2956 
3939 3122 4481 3940 4466 1244 1260 3952 4156 
2375 2342 4151 3939 3132 4481 3122 490 474 
473 3418 1998 1702 4314 1703 1880 1519 2114 
112 2504 4151 2342 2526 3520 3499 665 649 
3437 513 4446 3439 4158 4151 2504 2526 3939 
3973 4481 3132 4157 2375 4156 4151 3286 2586 
2577 2562 4096 4130 4098 4126 878 3702 3696 
4127 3437 2848 4446 2770 509 2466 3422 4445 
4481 1218 1219 1235 2795 4128 2794 2888 1723 
1716 2159 86 1714 1715 2002 4323 3360 3411 
3415 3361 2261 1880 4179 2114 3030 3344 3404 
3005 4481 3973 1219 1218 3437 3439 4446 2848 
4021 4081 1372 1373 3330 3217 3304 3312 3332 
3217 3330 3313 4481 3940 1219 3973 3232 3701 
3050 3035 3509 635 3503 619 1880 1519 4179 
2114 3432 3195 3442 3193 4481 1235 1219 3940 
862 863 846 3673 3327 391 3363 3338 423 
407 3355 3362 856 294 3682 295 1357 1341 
1340 4021 3362 407 3363 408 3520 3474 665 
3499 635 3509 3503 3507 3805 3833 3804 3832 
4462 3132 3972 2899 3767 3833 2493 2469 3833 
3832 3805 3834 3805 3832 1007 3834 524 525 
508 4449 3362 3364 424 408 523 524 507 
4450 1357 4021 1340 1356 1841 1834 4426 1833 
401 3346 400 417 1461 1835 1834 4428 508 
507 524 4449 3808 1073 3786 1074 2635 2636 
4431 1462 1073 3808 3786 2954 4462 3972 3973 
1217 522 523 506 4448 1913 1914 4233 1582 
3132 4462 3972 3973 2374 3985 3951 2393 3341 
3372 3342 3373 4462 2817 3972 1217 3396 3394 
3402 3425 1712 86 2162 1716 431 447 39 
3396 4462 3972 2817 2899 670 2308 3514 3476 
2305 2488 3514 2373 3985 2374 3951 3952 3267 
3273 3156 3161 4189 4178 4182 3023 3331 3372 
3341 3373 4462 2817 2818 2899 3236 3535 3528 
3481 4191 4192 4190 4189 1251 1252 3940 3958 
3154 3122 3958 2956 3464 3918 3916 3917 2729 
4371 2932 2940 1391 2251 1375 4082 3560 3524 
3523 3535 3332 3306 380 3319 1251 1235 3940 
1252 4343 4350 3779 3011 4366 2936 2723 2938 
4366 2723 2722 2938 2992 2939 3116 4368 3470 
3472 3485 3479 4024 2622 2627 2581 4366 2939 
3116 2938 1184 1200 2816 147 3999 4073 4001 
3163 522 505 521 4447 3122 3154 3958 3940 
510 2288 3422 2466 505 3357 504 4447 3118 
3933 3973 3120 2901 3933 3118 3120 3722 3735 
3733 3712 475 3420 492 476 504 521 505 
4447 3335 2221 2277 2314 3400 3367 3401 3389 
3529 690 674 3530 587 595 3509 588 504 
520 521 4447 3363 409 393 3339 2871 3343 
2847 3397 2598 3735 3783 3712 3733 3735 2598 
3712 1117 3882 3883 1118 3494 3502 3915 3495 
1117 1133 3883 3881 3520 3499 3495 3473 510 
494 3422 2288 3917 571 595 596 3447 3431 
2610 3436 3294 3309 318 334 3492 3495 3520 
3494 1218 4478 4462 4463 3663 3665 3664 3645 
3309 3294 318 3293 1218 4478 4481 4462 510 
509 3422 494 497 514 498 4446 1235 4477 
4463 1234 3793 1001 3794 3802 497 513 514 
4446 4117 3739 4110 4107 3894 3876 3895 3896 
510 2466 3422 509 3820 3764 3827 3826 819 
803 802 3642 3821 3841 3816 3871 3806 3807 
3787 2893 3019 3061 3999 3163 1251 4465 3940 
1235 2415 4417 2264 4423 3985 2374 1230 2393 
1843 1469 4144 1468 4398 3040 4397 3010 3106 
2545 3146 4424 1251 3958 3940 4465 3000 4149 
4155 4154 1595 1596 4245 1927 1297 4039 1298 
4003 1235 4465 4477 1234 4306 3079 4307 4304 
3973 4481 4462 1218 4481 3973 4462 3132 3767 
3831 3804 3833 2232 4479 3852 1086 4311 3823 
4310 4314 1997 84 2274 1705 4465 2863 4477 
4476 4479 2232 3852 2377 1702 1711 2705 237 
1234 4477 4463 1233 3453 509 2461 510 494 
2288 510 2214 3990 4049 4047 4038 494 511 
495 2214 2475 3565 2476 2405 2476 4191 2356 
2405 2475 2404 3565 2405 494 510 511 2214 
2266 2192 3675 2193 2050 4387 4378 2049 2670 
1927 4243 4249 4387 1798 1797 2049 4476 2863 
4477 1233 4377 4378 4375 4381 1601 1927 2670 
4249 2050 2049 4378 1792 3236 3535 3235 3528 
2654 1554 1550 263 3399 3379 3380 3348 1064 
1081 1065 3847 1314 4050 1331 1315 3767 3764 
3803 3828 2487 3829 3795 3216 509 3422 492 
4445 1923 1924 4245 1596 2569 2561 2601 3733 
3275 3622 3628 3645 2532 2482 3508 3506 1186 
1170 1169 3960 1280 4003 1297 1281 1314 1330 
1331 4050 2685 1636 248 2682 4281 4273 1951 
2682 475 491 492 3420 3636 3571 3570 3637 
3604 3615 3614 3603 3759 3812 3799 3813 4281 
2682 3022 4273 4087 1415 4088 4103 4274 2682 
4273 2981 2683 2682 1640 4274 508 492 4444 
4445 4281 1636 2685 2682 2181 2184 74 1645 
1642 1959 2687 1652 1081 1097 1098 3821 4281 
1955 1636 1637 2327 3833 2235 3854 3846 1080 
3845 3847 2689 1648 2686 2933 3861 3808 4460 
2955 3846 3848 3820 3764 3475 3506 3510 3514 
4146 1472 1846 1473 1847 4146 1846 1473 508 
509 492 4445 3513 3506 2417 3475 4254 2350 
2088 2397 3861 1106 4460 3808 3513 3506 3475 
3514 3427 3430 3449 3431 3536 3534 3561 3562 
4388 4390 4389 4395 543 542 3468 3453 845 
3672 861 862 3420 492 3422 4444 312 329 
3302 328 3392 445 429 3393 3487 3473 3496 
3497 2279 3294 2442 3292 3310 3298 3324 3239 
3392 444 428 445 429 3392 428 445 2302 
2190 2279 3295 819 3642 802 818 3302 329 
312 313 357 373 374 3316 2779 656 184 
640 1672 1979 1673 4300 183 656 184 2779 
1979 1678 2696 1682 1980 1680 4307 1679 3302 
329 3266 328 3420 491 492 4444 3861 1105 
4460 1106 1932 4252 1931 1608 357 3316 374 
358 4240 2831 1921 1591 1452 4117 1451 867 
3990 2905 2865 3038 4237 4238 4236 4240 1451 
867 4117 868 3861 2955 4460 1105 4000 3990 
3003 3991 3520 3499 3494 3495 1451 4118 1450 
868 3916 3504 3918 3436 2301 3294 2189 2188 
288 2191 863 3686 2442 2301 2447 3294 3309 
318 285 286 3281 3689 3277 3289 286 287 
3293 319 4462 4477 4478 2863 3685 3689 3684 
290 4185 2649 4187 1526 3466 3467 573 557 
3452 3453 2461 2438 4462 4478 4477 4463 2211 
3468 2210 2310 496 497 4482 2770 3027 3321 
2994 3158 3379 3321 3377 3237 3820 3848 3846 
3847 3571 3635 2485 3525 3537 3523 3562 3524 
3549 3234 3617 3557 1001 3801 1000 3826 3793 
3801 1000 1001 3324 3311 3310 3337 3350 3348 
3378 3380 3802 3764 3827 3828 3820 3764 3826 
3801 3971 3957 1183 3931 3883 3902 3899 3901 
3955 3956 3930 3902 3954 3955 3969 3930 3969 
3955 3970 3930 3406 3397 3375 3376 4462 1233 
4477 2863 3697 3063 3695 3152 2929 2695 2692 
4291 2692 2695 1666 4291 508 491 507 4444 
496 480 4482 497 496 2769 4482 480 2966 
4293 4288 4292 3701 3760 3232 3763 496 2770 
4482 2769 4022 1289 3995 4025 3824 3764 3792 
3846 1190 1206 1207 3978 2235 1039 2236 22 
2117 4166 2120 1500 2120 4166 1870 1500 2512 
1101 2321 2376 2117 1500 2120 109 2777 3477 
2776 2880 2120 1500 1870 109 2197 60 3639 
2198 3488 3472 3490 3220 1087 3854 1071 3853 
1707 2704 1998 1711 2706 2707 2001 1717 3559 
3554 3597 3523 3639 2198 2283 2197 3808 1073 
4460 2894 3519 4204 2477 3501 371 372 3324 
388 1920 1594 4241 1593 4412 4427 4417 4401 
3540 683 667 3542 4462 4477 1233 4463 3940 
4478 4481 1235 4241 1922 1920 1589 2263 1922 
4241 1589 2208 2311 2209 3923 3940 4481 4478 
3122 2263 1922 125 1594 3324 388 3326 3337 
3747 3761 3788 3790 3978 3965 3979 1191 1257 
3995 1274 1258 3927 3937 3926 3962 3936 3961 
3935 3962 3845 1080 1064 3847 1338 4060 1337 
4059 2941 4375 3095 4377 3326 388 3324 372 
3940 4465 4478 1235 1073 3808 4460 4461 2419 
2132 4396 2134 2361 2134 2419 4396 2804 2893 
2805 3806 4392 2134 2361 4396 1828 2131 2130 
2076 4414 4419 4442 2074 3940 4478 4465 3122 
2055 1806 1799 2133 4240 1924 4241 4246 3723 
4369 4363 2455 2143 4370 2387 2146 2480 4369 
3723 2455 2728 2731 224 1778 4240 1919 4241 
1592 575 3468 574 3921 1780 4379 2041 2042 
4160 2408 4158 4162 4162 2408 4163 4160 2956 
4465 2820 2863 4115 12 11 2246 4094 2336 
4113 4139 3912 567 3913 600 4482 2875 2769 
2876 4160 2408 2344 2345 910 927 911 3758 
2341 2257 4036 2381 2538 2588 2536 3113 376 
3327 393 377 2287 3455 2310 3454 376 392 
393 3327 1087 3852 2233 3854 3914 599 3913 
568 4465 2956 2820 3958 584 599 3913 3914 
2875 2768 2874 3404 3859 2433 2607 3877 2873 
2766 3403 2767 4481 1218 1235 4478 4256 2675 
2674 2923 3445 3433 3912 3430 2672 2675 1607 
2979 3484 3478 3469 3432 2674 2677 4256 2923 
4478 4465 2863 4477 492 491 508 4444 4241 
1924 4240 1592 1235 4465 4478 4477 1235 4478 
4463 4477 4465 2863 3122 4478 3277 3272 3258 
3270 3276 3632 3629 3222 3308 284 3307 3288 
2532 3219 3508 3501 3638 3639 3615 2198 4357 
4356 4358 4350 3803 3764 3802 3828 3339 3340 
3365 3370 1333 4054 1316 1332 3545 3577 3546 
3578 3745 927 910 3758 814 813 3650 3570 
3779 3727 3778 3784 3720 3713 3728 4105 2485 
2372 2392 3638 3724 4105 3212 3713 3636 3637 
3570 781 3366 3339 3365 3370 505 489 3357 
506 2228 29 3903 2229 410 3340 3339 3370 
410 3339 3366 3370 3490 3481 3517 3535 3490 
3535 3236 3481 3934 1170 3935 3961 3770 3700 
3772 3714 1156 3927 3926 1172 3490 3501 3236 
3535 1259 3997 1276 1260 2522 2402 2354 4222 
3697 3115 4067 4083 2964 4083 2793 2854 3469 
3470 3485 3479 3985 4464 4466 1229 490 3357 
489 506 3985 4466 4464 2374 3236 3481 3088 
3134 3084 4266 4263 4261 2099 2100 1905 1561 
4266 4264 4261 4267 3985 1246 4464 1229 3985 
4464 1246 2374 4256 4259 4258 4266 4256 4266 
3046 4261 3046 4266 4256 4258 3084 4261 3046 
4266 3167 3084 3046 4266 2128 2641 135 1829 
3754 3738 3731 3737 2396 2131 4420 2130 4389 
4394 4388 4395 4419 4420 4443 2075 2640 2641 
4443 4421 3560 3535 3523 3528 4443 4421 2264 
4423 2243 3758 911 927 166 2797 165 896 
290 3689 285 3688 285 3689 3291 3688 285 
3689 3288 3291 2484 2469 2325 3852 2628 3194 
2606 2632 3961 1171 3935 3962 3935 1171 1155 
3926 1333 1317 1316 4054 3849 1083 3848 1082 
2872 2772 2771 3437 2068 1808 4399 4404 3227 
3267 3170 3268 1069 3851 1068 1085 3985 1230 
1246 1229 2628 2556 2606 3194 1509 1507 2115 
110 3611 3587 3600 3601 1853 2259 104 1474 
104 2259 2126 1474 2115 1507 1509 1876 3675 
831 847 3673 332 316 3307 3308 3720 4105 
4120 3724 1876 1506 4173 1507 283 316 3307 
315 3307 316 283 284 3611 3601 3631 3634 
1259 1275 1276 3997 2217 3425 2216 2317 3631 
3601 3611 3599 3634 3601 3631 3571 1038 1022 
1037 3832 3606 722 3593 3594 3594 3596 3607 
723 3594 723 706 707 3832 1022 1037 1021 
3747 3788 3787 962 1338 1322 1321 4060 3773 
3776 966 950 1179 1163 3929 3953 1130 1114 
3876 3878 3787 3788 978 962 1126 1143 3870 
1142 3985 1246 1230 2374 3928 3893 1159 3892 
3515 3923 3513 2311 4231 4238 4233 4239 2091 
4239 2092 2351 2352 2521 4234 2351 4234 4239 
2352 2351 1559 119 2099 1561 4231 4239 4233 
4234 4320 2706 2001 1713 97 2137 1781 1789 
4124 1444 875 4125 1700 238 1696 2702 4352 
2019 1740 4353 2161 85 1710 2164 4123 4124 
4132 1445 1710 85 1706 2164 1884 268 1521 
2829 2492 2466 3422 2288 3694 3241 273 3250 
2688 1654 1963 4288 3028 2849 3438 3006 2688 
4288 2691 1654 3402 3394 3393 3423 1338 4060 
1321 1337 4315 4316 2274 2348 4315 2348 2274 
2166 2835 237 1996 2705 4432 4430 4140 4428 
2688 2691 245 1654 1841 4426 1843 4144 3930 
3900 3955 3902 2177 1970 2178 4299 4320 235 
2706 1713 1493 1865 4159 1862 4159 1865 1487 
1862 3414 2619 2624 2550 2624 3427 3414 2596 
3402 3394 3423 3425 4286 4296 4295 4298 2781 
3526 2851 2882 3551 3529 3552 3553 2174 79 
1675 1978 3301 3263 3300 3265 4136 4105 4135 
4119 497 498 481 4482 1151 29 2229 3903 
855 295 3663 296 3263 295 279 296 3445 
3429 3440 3433 1695 240 2701 1685 336 204 
2759 320 3424 2316 2216 2317 2758 320 2759 
204 2627 2604 4024 2581 724 3596 3608 3583 
3596 3583 724 708 2894 3808 2954 3068 726 
3584 3609 3585 2701 240 2698 1685 3392 3391 
3421 3423 3781 922 3730 3737 3721 3711 3722 
3713 4218 4219 4211 3501 3466 3920 3467 3452 
2758 205 320 204 552 569 3463 568 3914 
569 598 568 4403 2832 2944 3010 3808 3037 
2954 3068 1367 1383 4077 1382 1030 3818 1013 
1029 2628 2605 2597 3214 1363 1379 4074 1378 
3373 3374 3395 3372 3678 302 3677 849 1154 
3925 3887 3924 1815 2076 1828 2130 1975 4300 
1673 1976 2091 2094 123 1583 1579 2093 1577 
1914 4420 2076 1815 2130 1815 2076 4420 2075 
2415 2396 2264 4417 1179 3967 3968 3953 1947 
4264 4271 4277 3469 3480 3485 3470 1508 210 
2753 1497 1402 4079 1403 1386 1630 1951 1631 
4274 4434 1463 4432 1464 4238 4239 4231 2351 
302 849 848 3677 3663 3681 3263 3246 255 
1595 1599 2668 3357 504 488 505 3659 836 
820 837 821 3659 820 837 3659 3661 853 
837 821 3661 3659 837 3259 3251 3246 3693 
3845 1047 1031 1048 1032 3845 1031 1048 2634 
1463 4434 1464 3408 450 434 451 3196 4005 
4000 3991 3679 3693 852 3660 2865 3038 3017 
3990 3678 301 302 849 2536 2612 3202 3186 
1964 4285 1965 1650 1961 1651 1962 2182 3583 
3597 3608 3584 379 3332 396 380 3308 317 
284 285 3308 285 3309 317 379 395 396 
3332 1026 3837 1025 1042 1341 4063 1324 1340 
1341 1325 1324 4063 3837 1041 1025 1042 726 
3609 727 3585 3561 3562 3585 711 1603 1929 
4254 1604 2293 3798 2478 2468 3721 920 3777 
919 3765 3762 3760 3763 3752 3753 3721 920 
2233 2377 2325 3852 2670 1927 1605 4243 3329 
3360 3323 3312 4021 1342 1357 1341 1901 1552 
4209 4212 1902 1552 1901 4212 2707 236 1707 
1717 1273 1290 1274 4025 1037 1021 1020 3830 
3029 3068 3144 3808 1037 3830 1020 1036 3572 
714 698 715 2028 4367 2027 1763 1762 4367 
2030 1763 2030 4367 2031 1763 2143 2146 94 
1764 3971 3957 3931 3956 2031 4370 4367 4369 
1663 1671 2175 1974 1273 1290 4025 1289 1043 
3840 1060 1044 2703 1989 1691 4303 588 589 
3509 621 2226 3957 3971 3956 3217 2483 2595 
2584 3018 3239 3025 3314 3333 3313 3217 2584 
3389 3367 3401 3390 2834 2706 4320 2709 3260 
3265 3252 3317 1844 4423 1841 4147 2396 2128 
2264 4443 2271 2346 4418 2130 2451 2396 4416 
2346 3963 1268 1285 4011 1243 1226 3952 1227 
1531 115 2110 1535 2110 1535 115 2107 278 
3299 277 309 4196 4198 4195 1893 4190 4196 
4195 1534 2786 3618 768 752 846 863 847 
3673 1899 2104 4213 1553 575 3468 558 574 
4213 2101 1553 2104 3819 3762 3815 3844 4140 
4145 4141 4143 1186 3960 3973 3961 3364 408 
3363 409 850 849 301 3678 3974 1186 3973 
3961 3495 3434 3473 3436 3221 3644 3243 3641 
3282 3646 3272 3224 3239 3314 2844 3247 3240 
3247 3241 3251 1899 2104 4206 4213 3377 3348 
3399 3398 198 416 2764 2765 3310 3322 3147 
3157 698 3569 697 714 3681 297 3680 854 
1553 118 1549 2104 701 3545 3543 3576 3058 
3322 3025 3157 853 3680 297 854 3753 3729 
3720 3713 393 3363 392 409 3866 3867 3890 
3869 575 559 558 3468 4206 2104 1549 2103 
1106 1122 1123 3863 2906 3314 2869 2760 3977 
3940 3979 3939 2100 1565 1561 120 2401 2522 
2386 4226 3490 3498 3236 3501 4206 2103 2403 
2104 1960 2982 4282 1643 3428 3432 3442 3193 
200 201 2762 384 4385 4394 4388 4389 2991 
3698 3695 3131 3153 3131 3152 3709 3152 3131 
3695 3709 297 3681 296 854 2906 2760 2759 
3314 4329 4318 2427 2407 4323 1715 2003 4328 
3808 3068 3144 3037 3698 3709 3695 3131 3146 
4151 4158 4149 4236 3125 2959 2909 2660 260 
1568 2663 334 3294 3290 3320 1739 2019 1740 
4352 3497 2571 3435 2572 1796 2737 221 1805 
276 3693 3255 3259 2745 4142 4140 2947 2744 
4142 2745 2947 4006 1283 1266 1267 3334 381 
380 3306 4412 4417 4409 4401 4006 1282 1266 
1283 380 381 364 3306 4410 4401 2415 4424 
435 3408 434 451 3485 3472 3489 3479 2754 
209 2790 832 3198 3345 3199 3208 182 2781 
181 688 3487 3195 3148 3096 1268 3963 1285 
1269 3150 3321 3158 3345 2994 3310 3171 3158 
3617 3549 3060 3234 3857 3879 3841 3850 3121 
3616 3165 3092 832 209 848 2754 1106 3863 
1123 1107 4195 1534 1892 1533 2535 2516 4180 
2337 3077 3104 3522 3549 1530 2646 4181 2647 
4158 4151 4155 4149 4190 1528 4189 4192 4183 
4192 4189 1887 2754 208 209 848 4332 4342 
4336 4338 3613 3589 732 3588 2532 3501 3508 
2453 1732 4341 1731 2014 4184 4178 4183 4192 
2453 2402 2522 3501 2416 2156 4339 2155 2477 
2403 2453 3501 4328 2159 2390 2160 1997 83 
2274 84 3146 2999 3106 4424 1972 4295 1668 
1973 1668 4295 1667 4301 3728 869 4118 3731 
2111 2338 2261 4184 2522 3501 2402 4222 2175 
1974 2176 4298 2402 3501 4211 4222 4335 1729 
1725 233 2453 2403 2402 3501 2629 3268 2577 
2616 3477 3906 2879 3478 2629 3268 2606 2577 
2402 2403 4211 3501 3258 3263 3682 3691 3243 
3644 3233 3641 103 1476 2125 1470 3286 2616 
3226 3287 2770 193 496 512 825 842 826 
3668 3606 3620 3607 3621 316 3308 333 317 
2125 1476 1848 1470 4155 1482 4158 3001 859 
3670 3668 3669 4158 3000 4155 3001 847 863 
3675 3673 1465 1830 217 2741 2837 4399 2944 
2740 3255 3251 3259 3693 2851 3526 2881 3527 
4410 2497 3106 4424 4019 4079 4028 4070 4078 
3194 3182 2556 2593 4070 4092 3210 3792 1081 
3821 1080 4087 3724 3710 4102 2770 2771 192 
512 455 472 456 3413 3457 3906 3438 3456 
2159 1716 2162 86 528 2771 3437 512 3417 
3328 3385 3383 3385 3328 3417 3386 3769 2858 
3034 2891 1036 3830 3828 3831 3544 3578 3575 
3576 193 2770 192 512 3309 3290 334 3294 
4099 1412 1411 4084 2789 174 800 816 3695 
3704 3696 3705 80 1982 2172 1683 2754 2965 
3652 2790 3318 3303 377 361 3772 3706 3769 
3698 3948 3929 3894 3943 2789 2790 173 816 
3841 3880 3857 3850 3841 3868 3856 3875 3950 
3872 3858 3880 3410 3409 453 452 3828 3830 
3767 3831 321 337 338 3314 4014 4030 4027 
4031 4014 4027 4044 4031 4025 4030 4014 4031 
4044 4025 4014 4031 3212 4107 3724 3734 2153 
2156 1734 4344 463 3425 2217 447 209 173 
2790 832 2111 1887 4184 1524 2261 1524 2111 
4184 4182 4179 4183 4176 3984 1197 3969 3986 
174 2789 173 816 2942 4375 2995 2733 3969 
1197 3970 3986 2571 3497 3435 3505 1213 1197 
3984 3986 316 332 333 3308 3489 3472 3488 
3479 1197 1198 3970 3986 4143 4150 1471 1472 
2149 1748 2022 1746 1473 1474 4148 4153 4146 
4152 4143 1472 1850 4152 1472 4150 4281 1646 
2685 1636 247 1642 2687 1652 40 2217 3396 
447 4156 4153 2342 2259 4274 2680 2970 4275 
4141 4150 4145 4151 1851 1474 1473 4153 2243 
15 2242 927 4141 4150 4143 4145 2727 1776 
226 1767 1471 4150 4142 2828 2727 1767 4371 
1776 2726 1772 225 1776 4371 1772 2726 1776 
2806 157 1024 1040 3355 421 422 3381 4329 
4327 3765 3823 3350 3380 3378 420 2003 1716 
2162 4328 3354 405 3355 421 3350 420 403 
404 791 3556 790 807 2415 4410 2473 2361 
2415 2497 2473 4410 2307 2436 3544 2284 3669 
3671 3684 3670 285 3689 284 3288 3282 3223 
3277 3272 3255 299 3679 3693 3683 3684 859 
3669 861 289 3685 290 3077 3104 3549 2949 
2872 2849 3438 3028 3849 3851 3848 1083 676 
660 659 3532 4332 4337 3765 4325 3484 3479 
3485 3489 3442 3195 3096 3193 1185 3959 1168 
1184 2142 1775 96 2139 728 3562 727 3598 
157 2806 156 1040 3608 723 724 740 3161 
3273 3156 3042 1484 2124 2121 106 3273 3224 
3243 3274 1056 155 1072 2808 2991 3703 3016 
2857 3277 3223 3282 3283 2000 1704 1999 4314 
4235 2667 1580 1915 2666 2667 4235 1915 1576 
1914 4233 1913 4234 4239 4233 1914 1576 4234 
4233 1914 4332 4343 3701 4342 4423 4147 1844 
2260 3442 3195 3487 3096 4235 1580 4237 1915 
2747 3000 2746 4154 3260 3249 3246 3251 4275 
2680 2961 2681 1852 2828 2747 4154 2116 4172 
2113 2411 3596 3583 708 3555 2274 4316 1997 
1705 1875 4168 1511 4170 1135 2230 27 1119 
2599 2489 2506 3578 3937 3965 3977 3964 2547 
3313 3333 2584 2599 3578 2506 3525 3978 3965 
3977 3979 1272 3995 1255 1271 273 3247 272 
305 3894 3893 1160 3942 3326 372 3324 3316 
1876 1506 4171 4173 2004 1713 4320 4323 4164 
1498 1497 1867 4357 4355 4351 1744 4282 2982 
4281 1643 4346 4354 2719 1743 2521 3497 2571 
2532 2751 1501 211 1493 1101 2376 1118 1102 
3700 3065 3117 3034 3700 3180 3771 3117 3067 
3759 3747 3761 3076 3180 3747 3700 3355 3337 
3351 3338 1101 1117 1118 2376 3326 3338 3311 
3337 2788 800 2789 174 914 3703 3769 3706 
3340 3371 3341 3331 3593 3582 3594 706 660 
3534 3531 3532 344 361 3318 360 3553 3555 
3554 3582 2808 154 155 1072 3674 3671 3277 
3283 830 831 3651 3673 344 361 345 3318 
3816 3789 3842 3808 3231 3762 3811 3761 3252 
3269 3303 3318 2907 2647 4181 2915 4006 1267 
1266 3958 3845 3847 3820 3846 3766 3764 3794 
3802 3800 3762 3791 3790 1301 4040 1317 4041 
4414 2073 1813 2074 3701 4343 4341 4342 2572 
2610 2571 3435 4053 4042 1333 4054 3003 3990 
3958 3991 1493 1862 4159 1494 4005 3992 4000 
4011 1513 4172 2113 2116 4180 4169 2383 4179 
1779 4374 2036 1778 1367 1351 4055 4056 4330 
4341 4334 4336 623 50 591 3515 633 634 
3502 3499 1317 4040 4054 4041 3306 3269 3303 
3217 3945 3963 3996 3940 1980 1981 1674 4301 
51 3515 50 623 4181 1530 1885 2646 2391 
2366 2173 4302 676 3532 659 675 2968 4341 
2934 2712 4334 4341 2968 2712 3917 570 3465 
571 1869 1868 4162 1495 4331 4324 1719 1718 
1885 1530 1526 2646 4054 4004 4053 4042 543 
45 527 2212 3466 3919 3465 572 3118 3933 
2901 2861 3847 1049 3827 3849 1270 1254 1253 
3963 1247 2223 34 1231 3467 3452 3920 3454 
2213 45 2212 527 1247 35 34 2223 3647 
3667 3275 3645 3147 3322 3058 3157 1002 1019 
1003 3802 1031 3818 1014 1030 2212 45 46 
543 3363 407 3362 3338 3359 3362 3356 3338 
3356 3355 3351 3338 2213 44 45 527 3359 
3311 3363 3338 1035 1019 3802 3830 1270 3963 
1253 1269 152 151 1120 2811 2293 3805 2237 
2328 3509 619 587 620 1152 2814 148 1168 
1017 1033 1034 3802 814 831 3651 830 3827 
3848 3820 3847 1152 149 148 2814 1673 1980 
1674 4301 3306 3269 3217 3287 2521 2572 2571 
3497 3984 3986 3985 1229 1213 3986 3984 1229 
3118 3160 3865 3938 1086 3852 3795 4479 1220 
3940 1237 1221 1463 1836 4432 1837 4431 1463 
4434 2634 3465 556 3466 572 1297 4039 1313 
1314 3775 3727 3779 4343 4096 4128 2888 4095 
4291 4292 2929 4300 4101 4131 4124 4125 2426 
4318 3823 4316 877 4126 876 1442 1667 4300 
1976 4301 1667 1976 1668 4301 1744 2017 4347 
2018 1571 1911 1573 2095 4230 2096 1911 2095 
1571 1908 1570 4226 212 2841 211 1865 2353 
2401 4231 2521 3498 2522 2521 2401 3544 3547 
3546 2308 2203 2308 2204 671 2603 2436 3544 
2459 3277 3223 3283 3669 511 527 44 2214 
970 3796 971 3782 4011 4040 4006 4012 2841 
1493 211 1865 44 43 511 2214 4160 1864 
1489 1490 4159 1863 1494 1862 4323 4327 4326 
4328 4157 2345 4158 4160 1738 4348 1737 2017 
224 2731 1788 1778 1812 2073 4414 2072 4346 
4348 4347 2017 2004 1713 1722 4320 4366 2938 
2722 2939 2722 4368 4366 2939 2722 2939 2725 
4368 2725 2939 2992 4368 2610 3505 2571 3435 
464 3404 465 3403 3309 3291 3308 3290 3143 
3130 3197 3352 3237 3345 3405 3411 3289 3292 
3291 3688 2489 2284 2306 3578 372 3315 3324 
3316 3679 299 852 3693 3355 405 3354 3337 
3363 3311 3359 3312 3362 407 3355 3338 495 
511 43 2214 1283 1284 1267 4006 583 616 
584 3494 1017 3802 1034 1018 3913 3494 584 
3914 1280 1296 1297 4003 583 3492 615 3494 
615 616 583 3494 3682 3665 3663 3263 3773 
933 917 934 676 693 677 3533 820 3643 
3658 3659 1177 3966 1193 1194 3665 3667 3666 
3645 2151 4352 2389 2154 2153 4352 2389 4344 
3793 3801 1001 3802 3821 3216 3816 3822 2748 
1858 1487 1491 3077 3549 3522 3528 3851 1083 
1067 1084 3822 3880 3858 3875 3982 3967 3981 
3983 4183 4178 4184 4179 3420 3391 3421 3388 
3175 3195 3181 3432 2551 2586 3267 3273 2743 
1467 216 1456 2384 2324 3885 2229 3823 4318 
4314 4316 4156 4151 2342 4153 2365 2348 4315 
2166 3800 3791 998 3790 2789 801 2788 2887 
3400 3365 3386 3328 2924 4320 2834 2706 2328 
3833 3805 3834 1999 4314 1998 4317 2988 4322 
2924 2707 2924 2707 4320 2706 1068 3851 1067 
1084 3831 3852 3828 3851 2312 3455 2287 2438 
2509 3373 3331 3313 1906 1563 1562 4223 3772 
914 3769 3706 1694 2165 1701 82 1510 1877 
1511 4168 3920 3452 3918 3436 702 686 3545 
3546 1694 1992 1701 2165 3386 3365 3400 3387 
3936 3937 3889 3855 3390 3392 3331 3388 411 
412 395 3340 3015 3064 3178 3836 4393 2832 
2736 2738 801 3548 2788 2887 3889 3937 3891 
3855 3118 3938 3865 3855 393 410 394 3339 
2326 3798 2293 2468 2522 4227 4219 4222 3303 
3327 3252 3318 3795 3851 3848 3852 3279 3319 
3269 3303 859 860 3684 291 3648 3671 3669 
3670 2212 2312 527 3455 3695 3131 3152 3014 
4323 1713 2001 1714 3292 3687 2302 3295 3980 
3966 1193 3942 2311 3923 3513 3922 2488 3476 
2308 2459 2308 3476 3544 2459 2326 2498 3798 
2468 1438 1454 1455 4138 859 291 3684 292 
3231 3761 3232 3763 343 360 3318 359 3169 
3210 4072 4078 3289 3288 3281 3689 2548 4343 
2423 4350 2151 4353 2423 4352 4187 2833 2646 
2649 3510 3476 669 670 4094 2462 4113 2336 
3532 692 3555 691 2506 2434 2599 3525 3626 
3556 773 774 377 3318 360 376 4323 1714 
2004 1713 4074 4084 4071 1410 3544 2436 2307 
2459 2502 4082 4028 2499 3976 1221 3977 1220 
3977 1221 3976 3978 1252 1253 1236 3940 1209 
3980 1208 1224 2931 3810 3823 3809 2988 4317 
2931 3810 277 3692 297 298 1930 4248 1598 
1929 2687 1642 2684 2982 4088 1415 4087 4077 
3905 562 3457 3907 3823 3810 2931 4317 4013 
4017 4042 3992 3850 3880 3859 2439 1484 1857 
2124 106 3980 3966 3981 1193 4397 2832 4403 
3010 2415 4401 2451 4417 1198 3987 3970 3986 
4022 3963 3995 1271 215 2828 214 1852 2067 
1802 4395 1803 2058 4394 4408 2067 3993 3963 
4022 4016 3515 592 3512 3923 1481 3001 2746 
2749 879 4127 878 1440 1442 4130 4097 4129 
1972 4294 1667 4295 2745 4140 2743 2947 4248 
1597 1598 1929 3859 3880 2607 2439 3697 4130 
4096 4129 2223 1231 1247 1230 1689 241 2699 
1678 321 3314 338 322 3938 3160 3939 3162 
2698 2699 2986 1983 4141 2947 4140 4142 2432 
4299 2175 4298 3258 3223 3277 3669 2369 4299 
2175 2432 1906 4223 1907 1563 3585 3584 3561 
710 2959 3125 4236 3008 3510 3514 670 654 
377 361 360 3318 2177 2369 4290 4299 2669 
1923 1599 1591 2178 2369 2177 4299 3406 3408 
434 3398 3850 2439 2557 3880 4181 2915 4187 
3023 1087 1071 1070 3853 272 206 304 2757 
3351 3380 3379 3348 3399 3380 3378 3348 3850 
2439 2491 2557 3570 811 795 812 1542 2651 
1891 1532 4193 2650 1538 2974 2503 2311 3513 
3922 4193 2650 2916 2651 3545 686 670 3546 
2907 2915 4181 3023 3590 718 3577 3603 3305 
3285 3284 3271 1542 2650 1891 2651 1538 2650 
4193 1891 2815 148 2814 1168 1135 28 27 
2230 4184 4178 4192 2338 4398 4401 2415 4423 
1939 1619 4261 2676 3794 3764 3793 3802 3801 
3764 3826 3802 3891 3867 3856 3871 3951 3988 
2393 3985 1542 2650 1538 1891 3885 3903 3884 
2229 1182 3930 3970 3931 3971 1182 3970 3931 
4087 3724 4088 3710 4134 4121 1448 4120 4119 
869 3728 870 2267 2122 4160 2345 4101 3710 
3708 3717 1030 1014 1013 3818 1967 4293 1660 
4294 1673 1975 1672 4300 1967 2691 1664 4293 
2966 4291 2693 4293 2966 2997 3056 4292 4288 
2997 2966 4292 4289 2997 4288 4292 343 360 
344 3318 1100 3795 1117 1101 2516 4178 2338 
2463 544 2772 191 190 2846 2762 3336 2763 
2297 2251 1375 2252 470 3382 454 3412 914 
3706 3772 915 1314 4039 4050 4007 2780 3526 
672 656 4004 4052 4050 4040 1410 1411 4074 
4084 1100 1116 1117 3795 3637 782 797 781 
368 201 2761 202 1154 3935 1155 3925 974 
991 3798 990 3798 991 974 975 2142 2035 
2141 1777 3568 3524 3560 3535 1312 4038 1313 
1296 2865 4047 2866 2824 4036 2381 2546 2341 
4003 2822 1280 1296 2819 144 2818 1232 4050 
4007 4004 4040 3686 2192 2280 2191 1107 3863 
1124 1108 4157 2122 2359 2345 1218 1202 3974 
1219 3236 3134 3220 3481 3974 1202 1186 1203 
3603 719 3591 57 4295 4298 1973 4299 3077 
3549 3060 2949 2786 2853 3618 3619 992 1008 
1009 3806 544 528 191 2772 1187 1204 3975 
1203 1107 1123 1124 3863 1186 1187 3974 1203 
338 355 3315 354 338 355 339 3315 3772 
964 947 948 3748 3706 914 915 3747 3763 
3761 3790 995 3799 996 3788 3976 3962 3977 
3964 3417 456 3416 440 3982 1194 3981 3967 
496 2769 194 193 549 566 3460 565 496 
480 194 2769 4077 4079 1369 4010 1332 4052 
1315 1331 4021 4081 4028 4079 129 1942 2262 
1616 1939 1613 4256 1614 4296 4298 4286 2432 
910 3742 3757 3744 2262 1942 4260 1616 4160 
2122 4157 2345 4441 1824 4442 2638 3913 584 
583 599 1815 2130 4418 4420 3975 1203 3974 
1187 1844 2127 1842 1831 96 1775 1783 2139 
2030 4367 4368 4372 4368 4369 3116 4371 123 
2094 1579 1583 3461 567 3912 566 3974 1203 
3975 1219 4043 4026 4022 4014 4183 4178 4182 
4189 3891 3893 3892 3871 375 3327 392 376 
3517 3535 3481 3523 2336 2246 4139 2247 3628 
3646 3275 3283 2001 2707 1707 1717 3798 990 
3797 974 3797 989 972 973 2238 991 2239 
19 1112 3873 1129 1113 972 989 3797 988 
2265 2338 2112 4192 1112 1128 1129 3873 3644 
3646 3622 3221 995 994 3799 3788 2264 2260 
2415 4423 1949 1626 4272 1627 1131 3878 1114 
1130 2724 1767 226 1771 3281 3271 3285 3270 
532 3459 549 533 375 391 392 3327 1948 
1625 4267 1626 152 2811 1120 1104 3108 3478 
3075 3469 2950 3480 2880 3103 3478 3480 3469 
3103 4071 1409 1393 1410 3955 3877 3985 3988 
1842 1466 134 2127 4307 3079 2986 3090 2987 
4304 4303 4307 3293 3294 318 319 4163 3273 
2408 3042 1460 4425 1459 2638 1668 1972 1667 
4295 3285 3308 3307 3288 1394 4071 1393 1410 
3464 3449 3463 3916 543 559 3468 542 2094 
1914 1579 1583 4264 1625 1943 1944 3914 3433 
3912 3492 733 3590 3613 3614 3614 3590 3613 
3602 3578 3590 3604 3602 3613 3590 733 3589 
977 994 978 3787 806 3645 823 807 4086 
4072 3169 3210 4101 4124 4123 3708 3168 3698 
2991 3131 3775 3779 3774 3011 3772 962 3769 
946 1189 3964 3978 1190 2118 1507 2115 4173 
4239 1917 1582 1583 4021 1374 1358 4065 1298 
4007 1314 1315 4239 1583 2091 1917 1410 4084 
4071 4083 3705 4125 4098 3708 4126 1442 877 
1441 1312 2823 140 139 1238 3940 1237 1254 
3696 2856 4096 4127 4264 1625 1944 4267 3705 
4126 876 3704 4088 4079 1417 4077 2864 2820 
2956 3958 2636 4429 1461 2637 1462 1835 1461 
4428 4403 4394 4397 4407 4273 4277 1631 4274 
4271 4264 1947 1624 1417 4079 4088 4090 4418 
4420 4419 2075 532 548 549 3459 4422 1832 
1458 1831 1459 1832 1458 4422 1008 992 2804 
3806 2241 3785 943 959 1286 4011 1285 4017 
4091 4106 4108 4107 2385 2138 4379 2137 2291 
3956 2323 2227 2038 2139 4372 4373 1131 1115 
1114 3878 2666 1586 4240 2831 2873 3404 2874 
2767 3945 3940 3944 3979 1581 1582 4233 1916 
2055 4392 2054 1804 3138 4381 3095 3013 4392 
2134 4396 1804 398 3342 3341 414 3859 3877 
3897 3900 3293 3295 287 3687 461 3423 462 
446 4281 3048 2684 2982 4173 1506 1873 1507 
4396 2132 2066 1804 189 2773 2774 3904 2879 
3070 3075 3906 1176 3942 1177 1161 513 529 
3439 3437 369 353 352 3314 2687 1959 2686 
1652 3893 3943 3941 3942 3593 721 705 722 
4351 2019 4349 4353 1939 1623 2676 2677 3897 
3881 3896 3879 1939 1623 1619 2676 916 933 
3773 932 3929 3897 3949 3953 
CELL_TYPES 16260
10
10
10
10
10
10
10
10
10
10
10
10
10
10
10
10
10
10
10
10
10
10
10
10
10
10
10
10
10
10
10
10
10
10
10
10
10
10
10
10
10
10
10
10
10
10
10
10
10
10
10
10
10
10
10
10
10
10
10
10
10
10
10
10
10
10
10
10
10
10
10
10
10
10
10
10
10
10
10
10
10
10
10
10
10
10
10
10
10
10
10
10
10
10
10
10
10
10
10
10
10
10
10
10
10
10
10
10
10
10
10
10
10
10
10
10
10
10
10
10
10
10
10
10
10
10
10
10
10
10
10
10
10
10
10
10
10
10
10
10
10
10
10
10
10
10
10
10
10
10
10
10
10
10
10
10
10
10
10
10
10
10
10
10
10
10
10
10
10
10
10
10
10
10
10
10
10
10
10
10
10
10
10
10
10
10
10
10
10
10
10
10
10
10
10
10
10
10
10
10
10
10
10
10
10
10
10
10
10
10
10
10
10
10
10
10
10
10
10
10
10
10
10
10
10
10
10
10
10
10
10
10
10
10
10
10
10
10
10
10
10
10
10
10
10
10
10
10
10
10
10
10
10
10
10
10
10
10
10
10
10
10
10
10
10
10
10
10
10
10
10
10
10
10
10
10
10
10
10
10
10
10
10
10
10
10
10
10
10
10
10
10
10
10
10
10
10
10
10
10
10
10
10
10
10
10
10
10
10
10
10
10
10
10
10
10
10
10
10
10
10
10
10
10
10
10
10
10
10
10
10
10
10
10
10
10
10
10
10
10
10
10
10
10
10
10
10
10
10
10
10
10
10
10
10
10
10
10
10
10
10
10
10
10
10
10
10
10
10
10
10
10
10
10
10
10
10
10
10
10
10
10
10
10
10
10
10
10
10
10
10
10
10
10
10
10
10
10
10
10
10
10
10
10
10
10
10
10
10
10
10
10
10
10
10
10
10
10
10
10
10
10
10
10
10
10
10
10
10
10
10
10
10
10
10
10
10
10
10
10
10
10
10
10
10
10
10
10
10
10
10
10
10
10
10
10
10
10
10
10
10
10
10
10
10
10
10
10
10
10
10
10
10
10
10
10
10
10
10
10
10
10
10
10
10
10
10
10
10
10
10
10
10
10
10
10
10
10
10
10
10
10
10
10
10
10
10
10
10
10
10
10
10
10
10
10
10
10
10
10
10
10
10
10
10
10
10
10
10
10
10
10
10
10
10
10
10
10
10
10
10
10
10
10
10
10
10
10
10
10
10
10
10
10
10
10
10
10
10
10
10
10
10
10
10
10
10
10
10
10
10
10
10
10
10
10
10
10
10
10
10
10
10
10
10
10
10
10
10
10
10
10
10
10
10
10
10
10
10
10
10
10
10
10
10
10
10
10
10
10
10
10
10
10
10
10
10
10
10
10
10
10
10
10
10
10
10
10
10
10
10
10
10
10
10
10
10
10
10
10
10
10
10
10
10
10
10
10
10
10
10
10
10
10
10
10
10
10
10
10
10
10
10
10
10
10
10
10
10
10
10
10
10
10
10
10
10
10
10
10
10
10
10
10
10
10
10
10
10
10
10
10
10
10
10
10
10
10
10
10
10
10
10
10
10
10
10
10
10
10
10
10
10
10
10
10
10
10
10
10
10
10
10
10
10
10
10
10
10
10
10
10
10
10
10
10
10
10
10
10
10
10
10
10
10
10
10
10
10
10
10
10
10
10
10
10
10
10
10
10
10
10
10
10
10
10
10
10
10
10
10
10
10
10
10
10
10
10
10
10
10
10
10
10
10
10
10
10
10
10
10
10
10
10
10
10
10
10
10
10
10
10
10
10
10
10
10
10
10
10
10
10
10
10
10
10
10
10
10
10
10
10
10
10
10
10
10
10
10
10
10
10
10
10
10
10
10
10
10
10
10
10
10
10
10
10
10
10
10
10
10
10
10
10
10
10
10
10
10
10
10
10
10
10
10
10
10
10
10
10
10
10
10
10
10
10
10
10
10
10
10
10
10
10
10
10
10
10
10
10
10
10
10
10
10
10
10
10
10
10
10
10
10
10
10
10
10
10
10
10
10
10
10
10
10
10
10
10
10
10
10
10
10
10
10
10
10
10
10
10
10
10
10
10
10
10
10
10
10
10
10
10
10
10
10
10
10
10
10
10
10
10
10
10
10
10
10
10
10
10
10
10
10
10
10
10
10
10
10
10
10
10
10
10
10
10
10
10
10
10
10
10
10
10
10
10
10
10
10
10
10
10
10
10
10
10
10
10
10
10
10
10
10
10
10
10
10
10
10
10
10
10
10
10
10
10
10
10
10
10
10
10
10
10
10
10
10
10
10
10
10
10
10
10
10
10
10
10
10
10
10
10
10
10
10
10
10
10
10
10
10
10
10
10
10
10
10
10
10
10
10
10
10
10
10
10
10
10
10
10
10
10
10
10
10
10
10
10
10
10
10
10
10
10
10
10
10
10
10
10
10
10
10
10
10
10
10
10
10
10
10
10
10
10
10
10
10
10
10
10
10
10
10
10
10
10
10
10
10
10
10
10
10
10
10
10
10
10
10
10
10
10
10
10
10
10
10
10
10
10
10
10
10
10
10
10
10
10
10
10
10
10
10
10
10
10
10
10
10
10
10
10
10
10
10
10
10
10
10
10
10
10
10
10
10
10
10
10
10
10
10
10
10
10
10
10
10
10
10
10
10
10
10
10
10
10
10
10
10
10
10
10
10
10
10
10
10
10
10
10
10
10
10
10
10
10
10
10
10
10
10
10
10
10
10
10
10
10
10
10
10
10
10
10
10
10
10
10
10
10
10
10
10
10
10
10
10
10
10
10
10
10
10
10
10
10
10
10
10
10
10
10
10
10
10
10
10
10
10
10
10
10
10
10
10
10
10
10
10
10
10
10
10
10
10
10
10
10
10
10
10
10
10
10
10
10
10
10
10
10
10
10
10
10
10
10
10
10
10
10
10
10
10
10
10
10
10
10
10
10
10
10
10
10
10
10
10
10
10
10
10
10
10
10
10
10
10
10
10
10
10
10
10
10
10
10
10
10
10
10
10
10
10
10
10
10
10
10
10
10
10
10
10
10
10
10
10
10
10
10
10
10
10
10
10
10
10
10
10
10
10
10
10
10
10
10
10
10
10
10
10
10
10
10
10
10
10
10
10
10
10
10
10
10
10
10
10
10
10
10
10
10
10
10
10
10
10
10
10
10
10
10
10
10
10
10
10
10
10
10
10
10
10
10
10
10
10
10
10
10
10
10
10
10
10
10
10
10
10
10
10
10
10
10
10
10
10
10
10
10
10
10
10
10
10
10
10
10
10
10
10
10
10
10
10
10
10
10
10
10
10
10
10
10
10
10
10
10
10
10
10
10
10
10
10
10
10
10
10
10
10
10
10
10
10
10
10
10
10
10
10
10
10
10
10
10
10
10
10
10
10
10
10
10
10
10
10
10
10
10
10
10
10
10
10
10
10
10
10
10
10
10
10
10
10
10
10
10
10
10
10
10
10
10
10
10
10
10
10
10
10
10
10
10
10
10
10
10
10
10
10
10
10
10
10
10
10
10
10
10
10
10
10
10
10
10
10
10
10
10
10
10
10
10
10
10
10
10
10
10
10
10
10
10
10
10
10
10
10
10
10
10
10
10
10
10
10
10
10
10
10
10
10
10
10
10
10
10
10
10
10
10
10
10
10
10
10
10
10
10
10
10
10
10
10
10
10
10
10
10
10
10
10
10
10
10
10
10
10
10
10
10
10
10
10
10
10
10
10
10
10
10
10
10
10
10
10
10
10
10
10
10
10
10
10
10
10
10
10
10
10
10
10
10
10
10
10
10
10
10
10
10
10
10
10
10
10
10
10
10
10
10
10
10
10
10
10
10
10
10
10
10
10
10
10
10
10
10
10
10
10
10
10
10
10
10
10
10
10
10
10
10
10
10
10
10
10
10
10
10
10
10
10
10
10
10
10
10
10
10
10
10
10
10
10
10
10
10
10
10
10
10
10
10
10
10
10
10
10
10
10
10
10
10
10
10
10
10
10
10
10
10
10
10
10
10
10
10
10
10
10
10
10
10
10
10
10
10
10
10
10
10
10
10
10
10
10
10
10
10
10
10
10
10
10
10
10
10
10
10
10
10
10
10
10
10
10
10
10
10
10
10
10
10
10
10
10
10
10
10
10
10
10
10
10
10
10
10
10
10
10
10
10
10
10
10
10
10
10
10
10
10
10
10
10
10
10
10
10
10
10
10
10
10
10
10
10
10
10
10
10
10
10
10
10
10
10
10
10
10
10
10
10
10
10
10
10
10
10
10
10
10
10
10
10
10
10
10
10
10
10
10
10
10
10
10
10
10
10
10
10
10
10
10
10
10
10
10
10
10
10
10
10
10
10
10
10
10
10
10
10
10
10
10
10
10
10
10
10
10
10
10
10
10
10
10
10
10
10
10
10
10
10
10
10
10
10
10
10
10
10
10
10
10
10
10
10
10
10
10
10
10
10
10
10
10
10
10
10
10
10
10
10
10
10
10
10
10
10
10
10
10
10
10
10
10
10
10
10
10
10
10
10
10
10
10
10
10
10
10
10
10
10
10
10
10
10
10
10
10
10
10
10
10
10
10
10
10
10
10
10
10
10
10
10
10
10
10
10
10
10
10
10
10
10
10
10
10
10
10
10
10
10
10
10
10
10
10
10
10
10
10
10
10
10
10
10
10
10
10
10
10
10
10
10
10
10
10
10
10
10
10
10
10
10
10
10
10
10
10
10
10
10
10
10
10
10
10
10
10
10
10
10
10
10
10
10
10
10
10
10
10
10
10
10
10
10
10
10
10
10
10
10
10
10
10
10
10
10
10
10
10
10
10
10
10
10
10
10
10
10
10
10
10
10
10
10
10
10
10
10
10
10
10
10
10
10
10
10
10
10
10
10
10
10
10
10
10
10
10
10
10
10
10
10
10
10
10
10
10
10
10
10
10
10
10
10
10
10
10
10
10
10
10
10
10
10
10
10
10
10
10
10
10
10
10
10
10
10
10
10
10
10
10
10
10
10
10
10
10
10
10
10
10
10
10
10
10
10
10
10
10
10
10
10
10
10
10
10
10
10
10
10
10
10
10
10
10
10
10
10
10
10
10
10
10
10
10
10
10
10
10
10
10
10
10
10
10
10
10
10
10
10
10
10
10
10
10
10
10
10
10
10
10
10
10
10
10
10
10
10
10
10
10
10
10
10
10
10
10
10
10
10
10
10
10
10
10
10
10
10
10
10
10
10
10
10
10
10
10
10
10
10
10
10
10
10
10
10
10
10
10
10
10
10
10
10
10
10
10
10
10
10
10
10
10
10
10
10
10
10
10
10
10
10
10
10
10
10
10
10
10
10
10
10
10
10
10
10
10
10
10
10
10
10
10
10
10
10
10
10
10
10
10
10
10
10
10
10
10
10
10
10
10
10
10
10
10
10
10
10
10
10
10
10
10
10
10
10
10
10
10
10
10
10
10
10
10
10
10
10
10
10
10
10
10
10
10
10
10
10
10
10
10
10
10
10
10
10
10
10
10
10
10
10
10
10
10
10
10
10
10
10
10
10
10
10
10
10
10
10
10
10
10
10
10
10
10
10
10
10
10
10
10
10
10
10
10
10
10
10
10
10
10
10
10
10
10
10
10
10
10
10
10
10
10
10
10
10
10
10
10
10
10
10
10
10
10
10
10
10
10
10
10
10
10
10
10
10
10
10
10
10
10
10
10
10
10
10
10
10
10
10
10
10
10
10
10
10
10
10
10
10
10
10
10
10
10
10
10
10
10
10
10
10
10
10
10
10
10
10
10
10
10
10
10
10
10
10
10
10
10
10
10
10
10
10
10
10
10
10
10
10
10
10
10
10
10
10
10
10
10
10
10
10
10
10
10
10
10
10
10
10
10
10
10
10
10
10
10
10
10
10
10
10
10
10
10
10
10
10
10
10
10
10
10
10
10
10
10
10
10
10
10
10
10
10
10
10
10
10
10
10
10
10
10
10
10
10
10
10
10
10
10
10
10
10
10
10
10
10
10
10
10
10
10
10
10
10
10
10
10
10
10
10
10
10
10
10
10
10
10
10
10
10
10
10
10
10
10
10
10
10
10
10
10
10
10
10
10
10
10
10
10
10
10
10
10
10
10
10
10
10
10
10
10
10
10
10
10
10
10
10
10
10
10
10
10
10
10
10
10
10
10
10
10
10
10
10
10
10
10
10
10
10
10
10
10
10
10
10
10
10
10
10
10
10
10
10
10
10
10
10
10
10
10
10
10
10
10
10
10
10
10
10
10
10
10
10
10
10
10
10
10
10
10
10
10
10
10
10
10
10
10
10
10
10
10
10
10
10
10
10
10
10
10
10
10
10
10
10
10
10
10
10
10
10
10
10
10
10
10
10
10
10
10
10
10
10
10
10
10
10
10
10
10
10
10
10
10
10
10
10
10
10
10
10
10
10
10
10
10
10
10
10
10
10
10
10
10
10
10
10
10
10
10
10
10
10
10
10
10
10
10
10
10
10
10
10
10
10
10
10
10
10
10
10
10
10
10
10
10
10
10
10
10
10
10
10
10
10
10
10
10
10
10
10
10
10
10
10
10
10
10
10
10
10
10
10
10
10
10
10
10
10
10
10
10
10
10
10
10
10
10
10
10
10
10
10
10
10
10
10
10
10
10
10
10
10
10
10
10
10
10
10
10
10
10
10
10
10
10
10
10
10
10
10
10
10
10
10
10
10
10
10
10
10
10
10
10
10
10
10
10
10
10
10
10
10
10
10
10
10
10
10
10
10
10
10
10
10
10
10
10
10
10
10
10
10
10
10
10
10
10
10
10
10
10
10
10
10
10
10
10
10
10
10
10
10
10
10
10
10
10
10
10
10
10
10
10
10
10
10
10
10
10
10
10
10
10
10
10
10
10
10
10
10
10
10
10
10
10
10
10
10
10
10
10
10
10
10
10
10
10
10
10
10
10
10
10
10
10
10
10
10
10
10
10
10
10
10
10
10
10
10
10
10
10
10
10
10
10
10
10
10
10
10
10
10
10
10
10
10
10
10
10
10
10
10
10
10
10
10
10
10
10
10
10
10
10
10
10
10
10
10
10
10
10
10
10
10
10
10
10
10
10
10
10
10
10
10
10
10
10
10
10
10
10
10
10
10
10
10
10
10
10
10
10
10
10
10
10
10
10
10
10
10
10
10
10
10
10
10
10
10
10
10
10
10
10
10
10
10
10
10
10
10
10
10
10
10
10
10
10
10
10
10
10
10
10
10
10
10
10
10
10
10
10
10
10
10
10
10
10
10
10
10
10
10
10
10
10
10
10
10
10
10
10
10
10
10
10
10
10
10
10
10
10
10
10
10
10
10
10
10
10
10
10
10
10
10
10
10
10
10
10
10
10
10
10
10
10
10
10
10
10
10
10
10
10
10
10
10
10
10
10
10
10
10
10
10
10
10
10
10
10
10
10
10
10
10
10
10
10
10
10
10
10
10
10
10
10
10
10
10
10
10
10
10
10
10
10
10
10
10
10
10
10
10
10
10
10
10
10
10
10
10
10
10
10
10
10
10
10
10
10
10
10
10
10
10
10
10
10
10
10
10
10
10
10
10
10
10
10
10
10
10
10
10
10
10
10
10
10
10
10
10
10
10
10
10
10
10
10
10
10
10
10
10
10
10
10
10
10
10
10
10
10
10
10
10
10
10
10
10
10
10
10
10
10
10
10
10
10
10
10
10
10
10
10
10
10
10
10
10
10
10
10
10
10
10
10
10
10
10
10
10
10
10
10
10
10
10
10
10
10
10
10
10
10
10
10
10
10
10
10
10
10
10
10
10
10
10
10
10
10
10
10
10
10
10
10
10
10
10
10
10
10
10
10
10
10
10
10
10
10
10
10
10
10
10
10
10
10
10
10
10
10
10
10
10
10
10
10
10
10
10
10
10
10
10
10
10
10
10
10
10
10
10
10
10
10
10
10
10
10
10
10
10
10
10
10
10
10
10
10
10
10
10
10
10
10
10
10
10
10
10
10
10
10
10
10
10
10
10
10
10
10
10
10
10
10
10
10
10
10
10
10
10
10
10
10
10
10
10
10
10
10
10
10
10
10
10
10
10
10
10
10
10
10
10
10
10
10
10
10
10
10
10
10
10
10
10
10
10
10
10
10
10
10
10
10
10
10
10
10
10
10
10
10
10
10
10
10
10
10
10
10
10
10
10
10
10
10
10
10
10
10
10
10
10
10
10
10
10
10
10
10
10
10
10
10
10
10
10
10
10
10
10
10
10
10
10
10
10
10
10
10
10
10
10
10
10
10
10
10
10
10
10
10
10
10
10
10
10
10
10
10
10
10
10
10
10
10
10
10
10
10
10
10
10
10
10
10
10
10
10
10
10
10
10
10
10
10
10
10
10
10
10
10
10
10
10
10
10
10
10
10
10
10
10
10
10
10
10
10
10
10
10
10
10
10
10
10
10
10
10
10
10
10
10
10
10
10
10
10
10
10
10
10
10
10
10
10
10
10
10
10
10
10
10
10
10
10
10
10
10
10
10
10
10
10
10
10
10
10
10
10
10
10
10
10
10
10
10
10
10
10
10
10
10
10
10
10
10
10
10
10
10
10
10
10
10
10
10
10
10
10
10
10
10
10
10
10
10
10
10
10
10
10
10
10
10
10
10
10
10
10
10
10
10
10
10
10
10
10
10
10
10
10
10
10
10
10
10
10
10
10
10
10
10
10
10
10
10
10
10
10
10
10
10
10
10
10
10
10
10
10
10
10
10
10
10
10
10
10
10
10
10
10
10
10
10
10
10
10
10
10
10
10
10
10
10
10
10
10
10
10
10
10
10
10
10
10
10
10
10
10
10
10
10
10
10
10
10
10
10
10
10
10
10
10
10
10
10
10
10
10
10
10
10
10
10
10
10
10
10
10
10
10
10
10
10
10
10
10
10
10
10
10
10
10
10
10
10
10
10
10
10
10
10
10
10
10
10
10
10
10
10
10
10
10
10
10
10
10
10
10
10
10
10
10
10
10
10
10
10
10
10
10
10
10
10
10
10
10
10
10
10
10
10
10
10
10
10
10
10
10
10
10
10
10
10
10
10
10
10
10
10
10
10
10
10
10
10
10
10
10
10
10
10
10
10
10
10
10
10
10
10
10
10
10
10
10
10
10
10
10
10
10
10
10
10
10
10
10
10
10
10
10
10
10
10
10
10
10
10
10
10
10
10
10
10
10
10
10
10
10
10
10
10
10
10
10
10
10
10
10
10
10
10
10
10
10
10
10
10
10
10
10
10
10
10
10
10
10
10
10
10
10
10
10
10
10
10
10
10
10
10
10
10
10
10
10
10
10
10
10
10
10
10
10
10
10
10
10
10
10
10
10
10
10
10
10
10
10
10
10
10
10
10
10
10
10
10
10
10
10
10
10
10
10
10
10
10
10
10
10
10
10
10
10
10
10
10
10
10
10
10
10
10
10
10
10
10
10
10
10
10
10
10
10
10
10
10
10
10
10
10
10
10
10
10
10
10
10
10
10
10
10
10
10
10
10
10
10
10
10
10
10
10
10
10
10
10
10
10
10
10
10
10
10
10
10
10
10
10
10
10
10
10
10
10
10
10
10
10
10
10
10
10
10
10
10
10
10
10
10
10
10
10
10
10
10
10
10
10
10
10
10
10
10
10
10
10
10
10
10
10
10
10
10
10
10
10
10
10
10
10
10
10
10
10
10
10
10
10
10
10
10
10
10
10
10
10
10
10
10
10
10
10
10
10
10
10
10
10
10
10
10
10
10
10
10
10
10
10
10
10
10
10
10
10
10
10
10
10
10
10
10
10
10
10
10
10
10
10
10
10
10
10
10
10
10
10
10
10
10
10
10
10
10
10
10
10
10
10
10
10
10
10
10
10
10
10
10
10
10
10
10
10
10
10
10
10
10
10
10
10
10
10
10
10
10
10
10
10
10
10
10
10
10
10
10
10
10
10
10
10
10
10
10
10
10
10
10
10
10
10
10
10
10
10
10
10
10
10
10
10
10
10
10
10
10
10
10
10
10
10
10
10
10
10
10
10
10
10
10
10
10
10
10
10
10
10
10
10
10
10
10
10
10
10
10
10
10
10
10
10
10
10
10
10
10
10
10
10
10
10
10
10
10
10
10
10
10
10
10
10
10
10
10
10
10
10
10
10
10
10
10
10
10
10
10
10
10
10
10
10
10
10
10
10
10
10
10
10
10
10
10
10
10
10
10
10
10
10
10
10
10
10
10
10
10
10
10
10
10
10
10
10
10
10
10
10
10
10
10
10
10
10
10
10
10
10
10
10
10
10
10
10
10
10
10
10
10
10
10
10
10
10
10
10
10
10
10
10
10
10
10
10
10
10
10
10
10
10
10
10
10
10
10
10
10
10
10
10
10
10
10
10
10
10
10
10
10
10
10
10
10
10
10
10
10
10
10
10
10
10
10
10
10
10
10
10
10
10
10
10
10
10
10
10
10
10
10
10
10
10
10
10
10
10
10
10
10
10
10
10
10
10
10
10
10
10
10
10
10
10
10
10
10
10
10
10
10
10
10
10
10
10
10
10
10
10
10
10
10
10
10
10
10
10
10
10
10
10
10
10
10
10
10
10
10
10
10
10
10
10
10
10
10
10
10
10
10
10
10
10
10
10
10
10
10
10
10
10
10
10
10
10
10
10
10
10
10
10
10
10
10
10
10
10
10
10
10
10
10
10
10
10
10
10
10
10
10
10
10
10
10
10
10
10
10
10
10
10
10
10
10
10
10
10
10
10
10
10
10
10
10
10
10
10
10
10
10
10
10
10
10
10
10
10
10
10
10
10
10
10
10
10
10
10
10
10
10
10
10
10
10
10
10
10
10
10
10
10
10
10
10
10
10
10
10
10
10
10
10
10
10
10
10
10
10
10
10
10
10
10
10
10
10
10
10
10
10
10
10
10
10
10
10
10
10
10
10
10
10
10
10
10
10
10
10
10
10
10
10
10
10
10
10
10
10
10
10
10
10
10
10
10
10
10
10
10
10
10
10
10
10
10
10
10
10
10
10
10
10
10
10
10
10
10
10
10
10
10
10
10
10
10
10
10
10
10
10
10
10
10
10
10
10
10
10
10
10
10
10
10
10
10
10
10
10
10
10
10
10
10
10
10
10
10
10
10
10
10
10
10
10
10
10
10
10
10
10
10
10
10
10
10
10
10
10
10
10
10
10
10
10
10
10
10
10
10
10
10
10
10
10
10
10
10
10
10
10
10
10
10
10
10
10
10
10
10
10
10
10
10
10
10
10
10
10
10
10
10
10
10
10
10
10
10
10
10
10
10
10
10
10
10
10
10
10
10
10
10
10
10
10
10
10
10
10
10
10
10
10
10
10
10
10
10
10
10
10
10
10
10
10
10
10
10
10
10
10
10
10
10
10
10
10
10
10
10
10
10
10
10
10
10
10
10
10
10
10
10
10
10
10
10
10
10
10
10
10
10
10
10
10
10
10
10
10
10
10
10
10
10
10
10
10
10
10
10
10
10
10
10
10
10
10
10
10
10
10
10
10
10
10
10
10
10
10
10
10
10
10
10
10
10
10
10
10
10
10
10
10
10
10
10
10
10
10
10
10
10
10
10
10
10
10
10
10
10
10
10
10
10
10
10
10
10
10
10
10
10
10
10
10
10
10
10
10
10
10
10
10
10
10
10
10
10
10
10
10
10
10
10
10
10
10
10
10
10
10
10
10
10
10
10
10
10
10
10
10
10
10
10
10
10
10
10
10
10
10
10
10
10
10
10
10
10
10
10
10
10
10
10
10
10
10
10
10
10
10
10
10
10
10
10
10
10
10
10
10
10
10
10
10
10
10
10
10
10
10
10
10
10
10
10
10
10
10
10
10
10
10
10
10
10
10
10
10
10
10
10
10
10
10
10
10
10
10
10
10
10
10
10
10
10
10
10
10
10
10
10
10
10
10
10
10
10
10
10
10
10
10
10
10
10
10
10
10
10
10
10
10
10
10
10
10
10
10
10
10
10
10
10
10
10
10
10
10
10
10
10
10
10
10
10
10
10
10
10
10
10
10
10
10
10
10
10
10
10
10
10
10
10
10
10
10
10
10
10
10
10
10
10
10
10
10
10
10
10
10
10
10
10
10
10
10
10
10
10
10
10
10
10
10
10
10
10
10
10
10
10
10
10
10
10
10
10
10
10
10
10
10
10
10
10
10
10
10
10
10
10
10
10
10
10
10
10
10
10
10
10
10
10
10
10
10
10
10
10
10
10
10
10
10
10
10
10
10
10
10
10
10
10
10
10
10
10
10
10
10
10
10
10
10
10
10
10
10
10
10
10
10
10
10
10
10
10
10
10
10
10
10
10
10
10
10
10
10
10
10
10
10
10
10
10
10
10
10
10
10
10
10
10
10
10
10
10
10
10
10
10
10
10
10
10
10
10
10
10
10
10
10
10
10
10
10
10
10
10
10
10
10
10
10
10
10
10
10
10
10
10
10
10
10
10
10
10
10
10
10
10
10
10
10
10
10
10
10
10
10
10
10
10
10
10
10
10
10
10
10
10
10
10
10
10
10
10
10
10
10
10
10
10
10
10
10
10
10
10
10
10
10
10
10
10
10
10
10
10
10
10
10
10
10
10
10
10
10
10
10
10
10
10
10
10
10
10
10
10
10
10
10
10
10
10
10
10
10
10
10
10
10
10
10
10
10
10
10
10
10
10
10
10
10
10
10
10
10
10
10
10
10
10
10
10
10
10
10
10
10
10
10
10
10
10
10
10
10
10
10
10
10
10
10
10
10
10
10
10
10
10
10
10
10
10
10
10
10
10
10
10
10
10
10
10
10
10
10
10
10
10
10
10
10
10
10
10
10
10
10
10
10
10
10
10
10
10
10
10
10
10
10
10
10
10
10
10
10
10
10
10
10
10
10
10
10
10
10
10
10
10
10
10
10
10
10
10
10
10
10
10
10
10
10
10
10
10
10
10
10
10
10
10
10
10
10
10
10
10
10
10
10
10
10
10
10
10
10
10
10
10
10
10
10
10
10
10
10
10
10
10
10
10
10
10
10
10
10
10
10
10
10
10
10
10
10
10
10
10
10
10
10
10
10
10
10
10
10
10
10
10
10
10
10
10
10
10
10
10
10
10
10
10
10
10
10
10
10
10
10
10
10
10
10
10
10
10
10
10
10
10
10
10
10
10
10
10
10
10
10
10
10
10
10
10
10
10
10
10
10
10
10
10
10
10
10
10
10
10
10
10
10
10
10
10
10
10
10
10
10
10
10
10
10
10
10
10
10
10
10
10
10
10
10
10
10
10
10
10
10
10
10
10
10
10
10
10
10
10
10
10
10
10
10
10
10
10
10
10
10
10
10
10
10
10
10
10
10
10
10
10
10
10
10
10
10
10
10
10
10
10
10
10
10
10
10
10
10
10
10
10
10
10
10
10
10
10
10
10
10
10
10
10
10
10
10
10
10
10
10
10
10
10
10
10
10
10
10
10
10
10
10
10
10
10
10
10
10
10
10
10
10
10
10
10
10
10
10
10
10
10
10
10
10
10
10
10
10
10
10
10
10
10
10
10
10
10
10
10
10
10
10
10
10
10
10
10
10
10
10
10
10
10
10
10
10
10
10
10
10
10
10
10
10
10
10
10
10
10
10
10
10
10
10
10
10
10
10
10
10
10
10
10
10
10
10
10
10
10
10
10
10
10
10
10
10
10
10
10
10
10
10
10
10
10
10
10
10
10
10
10
10
10
10
10
10
10
10
10
10
10
10
10
10
10
10
10
10
10
10
10
10
10
10
10
10
10
10
10
10
10
10
10
10
10
10
10
10
10
10
10
10
10
10
10
10
10
10
10
10
10
10
10
10
10
10
10
10
10
10
10
10
10
10
10
10
10
10
10
10
10
10
10
10
10
10
10
10
10
10
10
10
10
10
10
10
10
10
10
10
10
10
10
10
10
10
10
10
10
10
10
10
10
10
10
10
10
10
10
10
10
10
10
10
10
10
10
10
10
10
10
10
10
10
10
10
10
10
10
10
10
10
10
10
10
10
10
10
10
10
10
10
10
10
10
10
10
10
10
10
10
10
10
10
10
10
10
10
10
10
10
10
10
10
10
10
10
10
10
10
10
10
10
10
10
10
10
10
10
10
10
10
10
10
10
10
10
10
10
10
10
10
10
10
10
10
10
10
10
10
10
10
10
10
10
10
10
10
10
10
10
10
10
10
10
10
10
10
10
10
10
10
10
10
10
10
10
10
10
10
10
10
10
10
10
10
10
10
10
10
10
10
10
10
10
10
10
10
10
10
10
10
10
10
10
10
10
10
10
10
10
10
10
10
10
10
10
10
10
10
10
10
10
10
10
10
10
10
10
10
10
10
10
10
10
10
10
10
10
10
10
10
10
10
10
10
10
10
10
10
10
10
10
10
10
10
10
10
10
10
10
10
10
10
10
10
10
10
10
10
10
10
10
10
10
10
10
10
10
10
10
10
10
10
10
10
10
10
10
10
10
10
10
10
10
10
10
10
10
10
10
10
10
10
10
10
10
10
10
10
10
10
10
10
10
10
10
10
10
10
10
10
10
10
10
10
10
10
10
10
10
10
10
10
10
10
10
10
10
10
10
10
10
10
10
10
10
10
10
10
10
10
10
10
10
10
10
10
10
10
10
10
10
10
10
10
10
10
10
10
10
10
10
10
10
10
10
10
10
10
10
10
10
10
10
10
10
10
10
10
10
10
10
10
10
10
10
10
10
10
10
10
10
10
10
10
10
10
10
10
10
10
10
10
10
10
10
10
10
10
10
10
10
10
10
10
10
10
10
10
10
10
10
10
10
10
10
10
10
10
10
10
10
10
10
10
10
10
10
10
10
10
10
10
10
10
10
10
10
10
10
10
10
10
10
10
10
10
10
10
10
10
10
10
10
10
10
10
10
10
10
10
10
10
10
10
10
10
10
10
10
10
10
10
10
10
10
10
10
10
10
10
10
10
10
10
10
10
10
10
10
10
10
10
10
10
10
10
10
10
10
10
10
10
10
10
10
10
10
10
10
10
10
10
10
10
10
10
10
10
10
10
10
10
10
10
10
10
10
10
10
10
10
10
10
10
10
10
10
10
10
10
10
10
10
10
10
10
10
10
10
10
10
10
10
10
10
10
10
10
10
10
10
10
10
10
10
10
10
10
10
10
10
10
10
10
10
10
10
10
10
10
10
10
10
10
10
10
10
10
10
10
10
10
10
10
10
10
10
10
10
10
10
10
10
10
10
10
10
10
10
10
10
10
10
10
10
10
10
10
10
10
10
10
10
10
10
10
10
10
10
10
10
10
10
10
10
10
10
10
10
10
10
10
10
10
10
10
10
10
10
10
10
10
10
10
10
10
10
10
10
10
10
10
10
10
10
10
10
10
10
10
10
10
10
10
10
10
10
10
10
10
10
10
10
10
10
10
10
10
10
10
10
10
10
10
10
10
10
10
10
10
10
10
10
10
10
10
10
10
10
10
10
10
10
10
10
10
10
10
10
10
10
10
10
10
10
10
10
10
10
10
10
10
10
10
10
10
10
10
10
10
10
10
10
10
10
10
10
10
10
10
10
10
10
10
10
10
10
10
10
10
10
10
10
10
10
10
10
10
10
10
10
10
10
10
10
10
10
10
10
10
10
10
10
10
10
10
10
10
10
10
10
10
10
10
10
10
10
10
10
10
10
10
10
10
10
10
10
10
10
10
10
10
10
10
10
10
10
10
10
10
10
10
10
10
10
10
10
10
10
10
10
10
10
10
10
10
10
10
10
10
10
10
10
10
10
10
10
10
10
10
10
10
10
10
10
10
10
10
10
10
10
10
10
10
10
10
10
10
10
10
10
10
10
10
10
10
10
10
10
10
10
10
10
10
10
10
10
10
10
10
10
10
10
10
10
10
10
10
10
10
10
10
10
10
10
10
10
10
10
10
10
10
10
10
10
10
10
10
10
10
10
10
10
10
10
10
10
10
10
10
10
10
10
10
10
10
10
10
10
10
10
10
10
10
10
10
10
10
10
10
10
10
10
10
10
10
10
10
10
10
10
10
10
10
10
10
10
10
10
10
10
10
10
10
10
10
10
10
10
10
10
10
10
10
10
10
10
10
10
10
10
10
10
10
10
10
10
10
10
10
10
10
10
10
10
10
10
10
10
10
10
10
10
10
10
10
10
10
10
10
10
10
10
10
10
10
10
10
10
10
10
10
10
10
10
10
10
10
10
10
10
10
10
10
10
10
10
10
10
10
10
10
10
10
10
10
10
10
10
10
10
10
10
10
10
10
10
10
10
10
10
10
10
10
10
10
10
10
10
10
10
10
10
10
10
10
10
10
10
10
10
10
10
10
10
10
10
10
10
10
10
10
10
10
10
10
10
10
10
10
10
10
10
10
10
10
10
10
10
10
10
10
10
10
10
10
10
10
10
10
10
10
10
10
10
10
10
10
10
10
10
10
10
10
10
10
10
10
10
10
10
10
10
10
10
10
10
10
10
10
10
10
10
10
10
10
10
10
10
10
10
10
10
10
10
10
10
10
10
10
10
10
10
10
10
10
10
10
10
10
10
10
10
10
10
10
10
10
10
10
10
10
10
10
10
10
10
10
10
10
10
10
10
10
10
10
10
10
10
10
10
10
10
10
10
10
10
10
10
10
10
10
10
10
10
10
10
10
10
10
10
10
10
10
10
10
10
10
10
10
10
10
10
10
10
10
10
10
10
10
10
10
10
10
10
10
10
10
10
10
10
10
10
10
10
10
10
10
10
10
10
10
10
10
10
10
10
10
10
10
10
10
10
10
10
10
10
10
10
10
10
10
10
10
10
10
10
10
10
10
10
10
10
10
10
10
10
10
10
10
10
10
10
10
10
10
10
10
10
10
10
10
10
10
10
10
10
10
10
10
10
10
10
10
10
10
10
10
10
10
10
10
10
10
10
10
10
10
10
10
10
10
10
10
10
10
10
10
10
10
10
10
10
10
10
10
10
10
10
10
10
10
10
10
10
10
10
10
10
10
10
10
10
10
10
10
10
10
10
10
10
10
10
10
10
10
10
10
10
10
10
10
10
10
10
10
10
10
10
10
10
10
10
10
10
10
10
10
10
10
10
10
10
10
10
10
10
10
10
10
10
10
10
10
10
10
10
10
10
10
10
10
10
10
10
10
10
10
10
10
10
10
10
10
10
10
10
10
10
10
10
10
10
10
10
10
10
10
10
10
10
10
10
10
10
10
10
10
10
10
10
10
10
10
10
10
10
10
10
10
10
10
10
10
10
10
10
10
10
10
10
10
10
10
10
10
10
10
10
10
10
10
10
10
10
10
10
10
10
10
10
10
10
10
10
10
10
10
10
10
10
10
10
10
10
10
10
10
10
10
10
10
10
10
10
10
10
10
10
10
10
10
10
10
10
10
10
10
10
10
10
10
10
10
10
10
10
10
10
10
10
10
10
10
10
10
10
10
10
10
10
10
10
10
10
10
10
10
10
10
10
10
10
10
10
10
10
10
10
10
10
10
10
10
10
10
10
10
10
10
10
10
10
10
10
10
10
10
10
10
10
10
10
10
10
10
10
10
10
10
10
10
10
10
10
10
10
10
10
10
10
10
10
10
10
10
10
10
10
10
10
10
10
10
10
10
10
10
10
10
10
10
10
10
10
10
10
10
10
10
10
10
10
10
10
10
10
10
10
10
10
10
10
10
10
10
10
10
10
10
10
10
10
10
10
10
10
10
10
10
10
10
10
10
10
10
10
10
10
10
10
10
10
10
10
10
10
10
10
10
10
10
10
10
10
10
10
10
10
10
10
10
10
10
10
10
10
10
10
10
10
10
10
10
10
10
10
10
10
10
10
10
10
10
10
10
10
10
10
10
10
10
10
10
10
10
10
10
10
10
10
10
10
10
10
10
10
10
10
10
10
10
10
10
10
10
10
10
10
10
10
10
10
10
10
10
10
10
10
10
10
10
10
10
10
10
10
10
10
10
10
10
10
10
10
10
10
10
10
10
10
10
10
10
10
10
10
10
10
10
10
10
10
10
10
10
10
10
10
10
10
10
10
10
10
10
10
10
10
10
10
10
10
10
10
10
10
10
10
10
10
10
10
10
10
10
10
10
10
10
10
10
10
10
10
10
10
10
10
10
10
10
10
10
10
10
10
10
10
10
10
10
10
10
10
10
10
10
10
10
10
10
10
10
10
10
10
10
10
10
10
10
10
10
10
10
10
10
10
10
10
10
10
10
10
10
10
10
10
10
10
10
10
10
10
10
10
10
10
10
10
10
10
10
10
10
10
10
10
10
10
10
10
10
10
10
10
10
10
10
10
10
10
10
10
10
10
10
10
10
10
10
10
10
10
10
10
10
10
10
10
10
10
10
10
10
10
10
10
10
10
10
10
10
10
10
10
10
10
10
10
10
10
10
10
10
10
10
10
10
10
10
10
10
10
10
10
10
10
10
10
10
10
10
10
10
10
10
10
10
10
10
10
10
10
10
10
10
10
10
10
10
10
10
10
10
10
10
10
10
10
10
10
10
10
10
10
10
10
10
10
10
10
10
10
10
10
10
10
10
10
10
10
10
10
10
10
10
10
10
10
10
10
10
10
10
10
10
10
10
10
10
10
10
10
10
10
10
10
10
10
10
10
10
10
10
10
10
10
10
10
10
10
10
10
10
10
10
10
10
10
10
10
10
10
10
10
10
10
10
10
10
10
10
10
10
10
10
10
10
10
10
10
10
10
10
10
10
10
10
10
10
10
10
10
10
10
10
10
10
10
10
10
10
10
10
10
10
10
10
10
10
10
10
10
10
10
10
10
10
10
10
10
10
10
10
10
10
10
10
10
10
10
10
10
10
10
10
10
10
10
10
10
10
10
10
10
10
10
10
10
10
10
10
10
10
10
10
10
10
10
10
10
10
10
10
10
10
10
10
10
10
10
10
10
10
10
10
10
10
10
10
10
10
10
10
10
10
10
10
10
10
10
10
10
10
10
10
10
10
10
10
10
10
10
10
10
10
10
10
10
10
10
10
10
10
10
10
10
10
10
10
10
10
10
10
10
10
10
10
10
10
10
10
10
10
10
10
10
10
10
10
10
10
10
10
10
10
10
10
10
10
10
10
10
10
10
10
10
10
10
10
10
10
10
10
10
10
10
10
10
10
10
10
10
10
10
10
10
10
10
10
10
10
10
10
10
10
10
10
10
10
10
10
10
10
10
10
10
10
10
10
10
10
10
10
10
10
10
10
10
10
10
10
10
10
10
10
10
10
10
10
10
10
10
10
10
10
10
10
10
10
10
10
10
10
10
10
10
10
10
10
10
10
10
10
10
10
10
10
10
10
10
10
10
10
10
10
10
10
10
10
10
10
10
10
10
10
10
10
10
10
10
10
10
10
10
10
10
10
10
10
10
10
10
10
10
10
10
10
10
10
10
10
10
10
10
10
10
10
10
10
10
10
10
10
10
10
10
10
10
10
10
10
10
10
10
10
10
10
10
10
10
10
10
10
10
10
10
10
10
10
10
10
10
10
10
10
10
10
10
10
10
10
10
10
10
10
10
10
10
10
10
10
10
10
10
10
10
10
10
10
10
10
10
10
10
10
10
10
10
10
10
10
10
10
10
10
10
10
10
10
10
10
10
10
10
10
10
10
10
10
10
10
10
10
10
10
10
10
10
10
10
10
10
10
10
10
10
10
10
10
10
10
10
10
10
10
10
10
10
10
10
10
10
10
10
10
10
10
10
10
10
10
10
10
10
10
10
10
10
10
10
10
10
10
10
10
10
10
10
10
10
10
10
10
10
10
10
10
10
10
10
10
10
10
10
10
10
10
10
10
10
10
10
10
10
10
10
10
10
10
10
10
10
10
10
10
10
10
10
10
10
10
10
10
10
10
10
10
10
10
10
10
10
10
10
10
10
10
10
10
10
10
10
10
10
10
10
10
10
10
10
10
10
10
10
10
10
10
10
10
10
10
10
10
10
10
10
10
10
10
10
10
10
10
10
10
10
10
10
10
10
10
10
10
10
10
10
10
10
10
10
10
10
10
10
10
10
10
10
10
10
10
10
10
10
10
10
10
10
10
10
10
10
10
10
10
10
10
10
10
10
10
10
10
10
10
10
10
10
10
10
10
10
10
10
10
10
10
10
10
10
10
10
10
10
10
10
10
10
10
10
10
10
10
10
10
10
10
10
10
10
10
10
10
10
10
10
10
10
10
10
10
10
10
10
10
10
10
10
10
10
10
10
10
10
10
10
10
10
10
10
10
10
10
10
10
10
10
10
10
10
10
10
10
10
10
10
10
10
10
10
10
10
10
10
10
10
10
10
10
10
10
10
10
10
10
10
10
10
10
10
10
10
10
10
10
10
10
10
10
10
10
10
10
10
10
10
10
10
10
10
10
10
10
10
10
10
10
10
10
10
10
10
10
10
10
10
10
10
10
10
10
10
10
10
10
10
10
10
10
10
10
10
10
10
10
10
10
10
10
10
10
10
10
10
10
10
10
10
10
10
10
10
10
10
10
10
10
10
10
10
10
10
10
10
10
10
10
10
10
10
10
10
10
10
10
10
10
10
10
10
10
10
10
10
10
10
10
10
10
10
10
10
10
10
10
10
10
10
10
10
10
10
10
10
10
10
10
10
10
10
10
10
10
10
10
10
10
10
10
10
10
10
10
10
10
10
10
10
10
10
10
10
10
10
10
10
10
10
10
10
10
10
10
10
10
10
10
10
10
10
10
10
10
10
10
10
10
10
10
10
10
10
10
10
10
10
10
10
10
10
10
10
10
10
10
10
10
10
10
10
10
10
10
10
10
10
10
10
10
10
10
10
10
10
10
10
10
10
10
10
10
10
10
10
10
10
10
10
10
10
10
10
10
10
10
10
10
10
10
10
10
10
10
10
10
10
10
10
10
10
10
10
10
10
10
10
10
10
10
10
10
10
10
10
10
10
10
10
10
10
10
10
10
10
10
10
10
10
10
10
10
10
10
10
10
10
10
10
10
10
10
10
10
10
10
10
10
10
10
10
10
10
10
10
10
10
10
10
10
10
10
10
10
10
10
10
10
10
10
10
10
10
10
10
10
10
10
10
10
10
10
10
10
10
10
10
10
10
10
10
10
10
10
10
10
10
10
10
10
10
10
10
10
10
10
10
10
10
10
10
10
10
10
10
10
10
10
10
10
10
10
10
10
10
10
10
10
10
10
10
10
10
10
10
10
10
10
10
10
10
10
10
10
10
10
10
10
10
10
10
10
10
10
10
10
10
10
10
10
10
10
10
10
10
10
10
10
10
10
10
10
10
10
10
10
10
10
10
10
10
10
10
10
10
10
10
10
10
10
10
10
10
10
10
10
10
10
10
10
10
10
10
10
10
10
10
10
10
10
10
10
10
10
10
10
10
10
10
10
10
10
10
10
10
10
10
10
10
10
10
10
10
10
10
10
10
10
10
10
10
10
10
10
10
10
10
10
10
10
10
10
10
10
10
10
10
10
10
10
10
10
10
10
10
10
10
10
10
10
10
10
10
10
10
10
10
10
10
10
10
10
10
10
10
10
10
10
10
10
10
10
10
10
10
10
10
10
10
10
10
10
10
10
10
10
10
10
10
10
10
10
10
10
10
10
10
10
10
10
10
10
10
10
10
10
10
10
10
10
10
10
10
10
10
10
10
10
10
10
10
10
10
10
10
10
10
10
10
10
10
10
10
10
10
10
10
10
10
10
10
10
10
10
10
10
10
10
10
10
10
10
10
10
10
10
10
10
10
10
10
10
10
10
10
10
10
10
10
10
10
10
10
10
10
10
10
10
10
10
10
10
10
10
10
10
10
10
10
10
10
10
10
10
10
10
10
10
10
10
10
10
10
10
10
10
10
10
10
10
10
10
10
10
10
10
10
10
10
10
10
10
10
10
10
10
10
10
10
10
10
10
10
10
10
10
10
10
10
10
10
10
10
10
10
10
10
10
10
10
10
10
10
10
10
10
10
10
10
10
10
10
10
10
10
10
10
10
10
10
10
10
10
10
10
10
10
10
10
10
10
10
10
10
10
10
10
10
10
10
10
10
10
10
10
10
10
10
10
10
10
10
10
10
10
10
10
10
10
10
10
10
10
10
10
10
10
10
10
10
10
10
10
10
10
10
10
10
10
10
10
10
10
10
10
10
10
10
10
10
10
10
10
10
10
10
10
10
10
10
10
10
10
10
10
10
10
10
10
10
10
10
10
10
10
10
10
10
10
10
10
10
10
10
10
10
10
10
10
10
10
10
10
10
10
10
10
10
10
10
10
10
10
10
10
10
10
10
10
10
10
10
10
10
10
10
10
10
10
10
10
10
10
10
10
10
10
10
10
10
10
10
10
10
10
10
10
10
10
10
10
10
10
10
10
10
10
10
10
10
10
10
10
10
10
10
10
10
10
10
10
10
10
10
10
10
10
10
10
10
10
10
10
10
10
10
10
10
10
10
10
10
10
10
10
10
10
10
10
10
10
10
10
10
10
10
10
10
10
10
10
10
10
10
10
10
10
10
10
10
10
10
10
10
10
10
10
10
10
10
10
10
10
10
10
10
10
10
10
10
10
10
10
10
10
10
10
10
10
10
10
10
10
10
10
10
10
10
10
10
10
10
10
10
10
10
10
10
10
10
10
10
10
10
10
10
10
10
10
10
10
10
10
10
10
10
10
10
10
10
10
10
10
10
10
10
10
10
10
10
10
10
10
10
10
10
10
10
10
10
10
10
10
10
10
10
10
10
10
10
10
10
10
10
10
10
10
10
10
10
10
10
10
10
10
10
10
10
10
10
10
10
10
10
10
10
10
10
10
10
10
10
10
10
10
10
10
10
10
10
10
10
10
10
10
10
10
10
10
10
10
10
10
10
10
10
10
10
10
10
10
10
10
10
10
10
10
10
10
10
10
10
10
10
10
10
10
10
10
10
10
10
10
10
10
10
10
10
10
10
10
10
10
10
10
10
10
10
10
10
10
10
10
10
10
10
10
10
10
10
10
10
10
10
10
10
10
10
10
10
10
10
10
10
10
10
10
10
10
10
10
10
10
10
10
10
10
10
10
10
10
10
10
10
10
10
10
10
10
10
10
10
10
10
10
10
10
10
10
10
10
10
10
10
10
10
10
10
10
10
10
10
10
10
10
10
10
10
10
10
10
10
10
10
10
10
10
10
10
10
10
10
10
10
10
10
10
10
10
10
10
10
10
10
10
10
10
10
10
10
10
10
10
10
10
10
10
10
10
10
10
10
10
10
10
10
10
10
10
10
10
10
10
10
10
10
10
10
10
10
10
10
10
10
10
10
10
10
10
10
10
10
10
10
10
10
10
10
10
10
10
10
10
10
10
10
10
10
10
10
10
10
10
10
10
10
10
10
10
10
10
10
10
10
10
10
10
10
10
10
10
10
10
10
10
10
10
10
10
10
10
10
10
10
10
10
10
10
10
10
10
10
10
10
10
10
10
10
10
10
10
10
10
10
10
10
10
10
10
10
10
10
10
10
10
10
10
10
10
10
10
10
10
10
10
10
10
10
10
10
10
10
10
10
10
10
10
10
10
10
10
10
10
10
10
10
10
10
10
10
10
10
10
10
10
10
10
10
10
10
10
10
10
10
10
10
10
10
10
10
10
10
10
10
10
10
10
10
10
10
10
10
10
10
10
10
10
10
10
10
10
10
10
10
10
10
10
10
10
10
10
10
10
10
10
10
10
10
10
10
10
10
10
10
10
10
10
10
10
10
10
10
10
10
10
10
10
10
10
10
10
10
10
10
10
10
10
10
10
10
10
10
10
10
10
10
10
10
10
10
10
10
10
10
10
10
10
10
10
10
10
10
10
10
10
10
10
10
10
10
10
10
10
10
10
10
10
10
10
10
10
10
10
10
10
10
10
10
10
10
10
10
10
10
10
10
10
10
10
10
10
10
10
10
10
10
10
10
10
10
10
10
10
10
10
10
10
10
10
10
10
10
10
10
10
10
10
10
10
10
10
10
10
10
10
10
10
10
10
10
10
10
10
10
10
10
10
10
10
10
10
10
10
10
10
10
10
10
10
10
10
10
10
10
10
10
10
10
10
10
10
10
10
10
10
10
10
10
10
10
10
10
10
10
10
10
10
10
10
10
10
10
10
10
10
10
10
10
10
10
10
10
10
10
10
10
10
10
10
10
10
10
10
10
10
10
10
10
10
10
10
10
10
10
10
10
10
10
10
10
10
10
10
10
10
10
10
10
10
10
10
10
10
10
10
10
10
10
10
10
10
10
10
10
10
10
10
10
10
10
10
10
10
10
10
10
10
10
10
10
10
10
10
10
10
10
10
10
10
10
10
10
10
10
10
10
10
10
10
10
10
10
10
10
10
10
10
10
10
10
10
10
10
10
10
10
10
10
10
10
10
10
10
10
10
10
10
10
10
10
10
10
10
10
10
10
10
10
10
10
10
10
10
10
10
10
10
10
10
10
10
10
10
10
10
10
10
10
10
10
10
10
10
10
10
10
10
10
10
10
10
10
10
10
10
10
10
10
10
10
10
10
10
10
10
10
10
10
10
10
10
10
10
10
10
10
10
10
10
10
10
10
10
10
10
10
10
10
10
10
10
10
10
10
10
10
10
10
10
10
10
10
10
10
10
10
10
10
10
10
10
10
10
10
10
10
10
10
10
10
10
10
10
10
10
10
10
10
10
10
10
10
10
10
10
10
10
10
10
10
10
10
10
10
10
10
10
10
10
10
10
10
10
10
10
10
10
10
10
10
10
10
10
10
10
10
10
10
10
10
10
10
10
10
10
10
10
10
10
10
10
10
10
10
10
10
10
10
10
10
10
10
10
10
10
10
10
10
10
10
10
10
10
10
10
10
10
10
10
10
10
10
10
10
10
10
10
10
10
10
10
10
10
10
10
10
10
10
10
10
10
10
10
10
10
10
10
10
10
10
10
10
10
10
10
10
10
10
10
10
10
10
10
10
10
10
10
10
10
10
10
10
10
10
10
10
10
10
10
10
10
10
10
10
10
10
10
10
10
10
10
10
10
10
10
10
10
10
10
10
10
10
10
10
10
10
10
10
10
10
10
10
10
10
10
10
10
10
10
10
10
10
10
10
10
10
10
10
10
10
10
10
10
10
10
10
10
10
10
10
10
10
10
10
10
10
10
10
10
10
10
10
10
10
10
10
10
10
10
10
10
10
10
10
10
10
10
10
10
10
10
10
10
10
10
10
10
10
10
10
10
10
10
10
10
10
10
10
10
10
10
10
10
10
10
10
10
10
10
10
10
10
10
10
10
10
10
10
10
10
10
10
10
10
10
10
10
10
10
10
10
10
10
10
10
10
10
10
10
10
10
10
10
10
10
10
10
10
10
10
10
10
10
10
10
10
10
10
10
10
10
10
10
10
10
10
10
10
10
10
10
10
10
10
10
10
10
10
10
10
10
10
10
10
10
10
10
10
10
10
10
10
10
10
10
10
10
10
10
10
10
10
10
10
10
10
10
10
10
10
10
10
10
10
10
10
10
10
10
10
10
10
10
10
10
10
10
10
10
10
10
10
10
10
10
10
10
10
10
10
10
10
10
10
10
10
10
10
10
10
10
10
10
10
10
10
10
10
10
10
10
10
10
10
10
10
10
10
10
10
10
10
10
10
10
10
10
10
10
10
10
10
10
10
10
10
10
10
10
10
10
10
10
10
10
10
10
10
10
10
10
10
10
10
10
10
10
10
10
10
10
10
10
10
10
10
10
10
10
10
10
10
10
10
10
10
10
10
10
10
10
10
10
10
10
10
10
10
10
10
10
10
10
10
10
10
10
10
10
10
10
10
10
10
10
10
10
10
10
10
10
10
10
10
10
10
10
10
10
10
10
10
10
10
10
10
10
10
10
10
10
10
10
10
10
10
10
10
10
10
10
10
10
10
10
10
10
10
10
10
10
10
10
10
10
10
10
10
10
10
10
10
10
10
10
10
10
10
10
10
10
10
10
10
10
10
10
10
10
10
10
10
10
10
10
10
10
10
10
10
10
10
10
10
10
10
10
10
10
10
10
10
10
10
10
10
10
10
10
10
10
10
10
10
10
10
10
10
10
10
10
10
10
10
10
10
10
10
10
10
10
10
10
10
10
10
10
10
10
10
10
10
10
10
10
10
10
10
10
10
10
10
10
10
10
10
10
10
10
10
10
10
10
10
10
10
10
10
10
10
10
10
10
10
10
10
10
10
10
10
10
10
10
10
10
10
10
10
10
10
10
10
10
10
10
10
10
10
10
10
10
10
10
10
10
10
10
10
10
10
10
10
10
10
10
10
10
10
10
10
10
10
10
10
10
10
10
10
10
10
10
10
10
10
10
10
10
10
10
10
10
10
10
10
10
10
10
10
10
10
10
10
10
10
10
10
10
10
10
10
10
10
10
10
10
10
10
10
10
10
10
10
10
10
10
10
10
10
10
10
10
10
10
10
10
10
10
10
10
10
10
10
10
10
10
10
10
10
10
10
10
10
10
10
10
10
10
10
10
10
10
10
10
10
10
10
10
10
10
10
10
10
10
10
10
10
10
10
10
10
10
10
10
10
10
10
10
10
10
10
10
10
10
10
10
10
10
10
10
10
10
10
10
10
10
10
10
10
10
10
10
10
10
10
10
10
10
10
10
10
10
10
10
10
10
10
10
10
10
10
10
10
10
10
10
10
10
10
10
10
10
10
10
10
10
10
10
10
10
10
10
10
10
10
10
10
10
10
10
10
10
10
10
10
10
10
10
10
10
10
10
10
10
10
10
10
10
10
10
10
10
10
10
10
10
10
10
10
10
10
10
10
10
10
10
10
10
10
10
10
10
10
10
10
10
10
10
10
10
10
10
10
10
10
10
10
10
10
10
10
10
10
10
10
10
10
10
10
10
10
10
10
10
10
10
10
10
10
10
10
10
10
10
10
10
10
10
10
10
10
10
10
10
10
10
10
10
10
10
10
10
10
10
10
10
10
10
10
10
10
10
10
10
10
10
10
10
10
10
10
10
10
10
10
10
10
10
10
10
10
10
10
10
10
10
10
10
10
10
10
10
10
10
10
10
10
10
10
10
10
10
10
10
10
10
10
10
10
10
10
10
10
10
10
10
10
10
10
10
10
10
10
10
10
10
10
10
10
10
10
10
10
10
10
10
10
10
10
10
10
10
10
10
10
10
10
10
10
10
10
10
10
10
10
10
10
10
10
10
10
10
10
10
10
10
10
10
10
10
10
10
10
10
10
10
10
10
10
10
10
10
10
10
10
10
10
10
10
10
10
10
10
10
10
10
10
10
10
10
10
10
10
10
10
10
10
10
10
10
10
10
10
10
10
10
10
10
10
10
10
10
10
10
10
10
10
10
10
10
10
10
10
10
10
10
10
10
10
10
10
10
10
10
10
10
10
10
10
10
10
10
10
10
10
10
10
10
10
10
10
10
10
10
10
10
10
10
10
10
10
10
10
10
10
10
10
10
10
10
10
10
10
10
10
10
10
10
10
10
10
10
10
10
10
10
10
10
10
10
10
10
10
10
10
10
10
10
10
10
10
10
10
10
10
10
10
10
10
10
10
10
10
10
10
10
10
10
10
10
10
10
10
10
10
10
10
10
10
10
10
10
10
10
10
10
10
10
10
10
10
10
10
10
10
10
10
10
10
10
10
10
10
10
10
10
10
10
10
10
10
10
10
10
10
10
10
10
10
10
10
10
10
10
10
10
10
10
10
10
10
10
10
10
10
10
10
10
10
10
10
10
10
10
10
10
10
10
10
10
10
10
10
10
10
10
10
10
10
10
10
10
10
10
10
10
10
10
10
10
10
10
10
10
10
10
10
10
10
10
10
10
10
10
10
10
10
10
10
10
10
10
10
10
10
10
10
10
10
10
10
10
10
10
10
10
10
10
10
10
10
10
10
10
10
10
10
10
10
10
10
10
10
10
10
10
10
10
10
10
10
10
10
10
10
10
10
10
10
10
10
10
10
10
10
10
10
10
10
10
10
10
10
10
10
10
10
10
10
10
10
10
10
10
10
10
10
10
10
10
10
10
10
10
10
10
10
10
10
10
10
10
10
10
10
10
10
10
10
10
10
10
10
10
10
10
10
10
10
10
10
10
10
10
10
10
10
10
10
10
10
10
10
10
10
10
10
10
10
10
10
10
10
10
10
10
10
10
10
10
10
10
10
10
10
10
10
10
10
10
10
10
10
10
10
10
10
10
10
10
10
10
10
10
10
10
10
10
10
10
10
10
10
10
10
10
10
10
10
10
10
10
10
10
10
10
10
10
10
10
10
10
10
10
10
10
10
10
10
10
10
10
10
10
10
10
10
10
10
10
10
10
10
10
10
10
10
10
10
10
10
10
10
10
10
10
10
10
10
10
10
10
10
10
10
10
10
10
10
10
10
10
10
10
10
10
10
10
10
10
10
10
10
10
10
10
10
10
10
10
10
10
10
10
10
10
10
10
10
10
10
10
10
10
10
10
10
10
10
10
10
10
10
10
10
10
10
10
10
10
10
10
10
10
10
10
10
10
10
10
10
10
10
10
10
10
10
10
10
10
10
10
10
10
10
10
10
10
10
10
10
10
10
10
10
10
10
10
10
10
10
10
10
10
10
10
10
10
10
10
10
10
10
10
10
10
10
10
10
10
10
10
10
10
10
10
10
10
10
10
10
10
10
10
10
10
10
10
10
10
10
10
10
10
10
10
10
10
10
10
10
10
10
10
10
10
10
10
10
10
10
10
10
10
10
10
10
10
10
10
10
10
10
10
10
10
10
10
10
10
10
10
10
10
10
10
10
10
10
10
10
10
10
10
10
10
10
10
10
10
10
10
10
10
10
10
10
10
10
10
10
10
10
10
10
10
10
10
10
10
10
10
10
10
10
10
10
10
10
10
10
10
10
10
10
10
10
10
10
10
10
10
10
10
10
10
10
10
10
10
10
10
10
10
10
10
10
10
10
10
10
10
10
10
10
10
10
10
10
10
10
10
10
10
10
10
10
10
10
10
10
10
10
10
10
10
10
10
10
10
10
10
10
10
10
10
10
10
10
10
10
10
10
10
10
10
10
10
10
10
10
10
10
10
10
10
10
10
10
10
10
10
10
10
10
10
10
10
10
10
10
10
10
10
10
10
10
10
10
10
10
10
10
10
10
10
10
10
10
10
10
10
10
10
10
10
10
10
10
10
10
10
10
10
10
10
10
10
10
10
10
10
10
10
10
10
10
10
10
10
10
10
10
10
10
10
10
10
10
10
10
10
10
10
10
10
10
10
10
10
10
10
10
10
10
10
10
10
10
10
10
10
10
10
10
10
10
10
10
10
10
10
10
10
10
10
10
10
10
10
10
10
10
10
10
10
10
10
10
10
10
10
10
10
10
10
10
10
10
10
10
10
10
10
10
10
10
10
10
10
10
10
10
10
10
10
10
10
10
10
10
10
10
10
10
10
10
10
10
10
10
10
10
10
10
10
10
10
10
10
10
10
10
10
10
10
10
10
10
10
10
10
10
10
10
10
10
10
10
10
10
10
10
10
10
10
10
10
10
10
10
10
10
10
10
10
10
10
10
10
10
10
10
10
10
10
10
10
10
10
10
10
10
10
10
10
10
10
10
10
10
10
10
10
10
10
10
10
10
10
10
10
10
10
10
10
10
10
10
10
10
10
10
10
10
10
10
10
10
10
10
10
10
10
10
10
10
10
10
10
10
10
10
10
10
10
10
10
10
10
10
10
10
10
10
10
10
10
10
10
10
10
10
10
10
10
10
10
10
10
10
10
10
10
10
10
10
10
10
10
10
10
10
10
10
10
10
10
10
10
10
10
10
10
10
10
10
10
10
10
10
10
10
10
10
10
10
10
10
10
10
10
10
10
10
10
10
10
10
10
10
10
10
10
10
10
10
10
10
10
10
10
10
10
10
10
10
10
10
10
10
10
10
10
10
10
10
10
10
10
10
10
10
10
10
10
10
10
10
10
10
10
10
10
10
10
10
10
10
10
10
10
10
10
10
10
10
10
10
10
10
10
10
10
10
10
10
10
10
10
10
10
10
10
10
10
10
10
10
10
10
10
10
10
10
10
10
10
10
10
10
10
10
10
10
10
10
10
10
10
10
10
10
10
10
10
10
10
10
10
10
10
10
10
10
10
10
10
10
10
10
10
10
10
10
10
10
10
10
10
10
10
10
10
10
10
10
10
10
10
10
10
10
10
10
10
10
10
10
10
10
10
10
10
10
10
10
10
10
10
10
10
10
10
10
10
10
10
10
10
10
10
10
10
10
10
10
10
10
10
10
10
10
10
10
10
10
10
10
10
10
10
10
10
10
10
10
10
10
10
10
10
10
10
10
10
10
10
10
10
10
10
10
10
10
10
10
10
10
10
10
10
10
10
10
10
10
10
10
10
10
10
10
10
10
10
10
10
10
10
10
10
10
10
10
10
10
10
10
10
10
10
10
10
10
10
10
10
10
10
10
10
10
10
10
10
10
10
10
10
10
10
10
10
10
10
10
10
10
10
10
10
10
10
10
10
10
10
10
10
10
10
10
10
10
10
10
10
10
10
10
10
10
10
10
10
10
10
10
10
10
10
10
10
10
10
10
10
10
10
10
10
10
10
10
10
10
10
10
10
10
10
10
10
10
10
10
10
10
10
10
10
10
10
10
10
10
10
10
10
10
10
10
10
10
10
10
10
10
10
10
10
10
10
10
10
10
10
10
10
10
10
10
10
10
10
10
10
10
10
10
10
10
10
10
10
10
10
10
10
10
10
10
10
10
10
10
10
10
10
10
10
10
10
10
10
10
10
10
10
10
10
10
10
10
10
10
10
10
10
10
10
10
10
10
10
10
10
10
10
10
10
10
10
10
10
10
10
10
10
10
10
10
10
10
10
10
10
10
10
10
10
10
10
10
10
10
10
10
10
10
10
10
10
10
10
10
10
10
10
10
10
10
10
10
10
10
10
10
10
10
10
10
10
10
10
10
10
10
10
10
10
10
10
10
10
10
10
10
10
10
10
10
10
10
10
10
10
10
10
10
10
10
10
10
10
10
10
10
10
10
10
10
10
10
10
10
10
10
10
10
10
10
10
10
10
10
10
10
10
10
10
10
10
10
10
10
10
10
10
10
10
10
10
10
10
10
10
10
10
10
10
10
10
10
10
10
10
10
10
10
10
10
10
10
10
10
10
10
10
10
10
10
10
10
10
10
10
10
10
10
10
10
10
10
10
10
10
10
10
10
10
10
10
10
10
10
10
10
10
10
10
10
10
10
10
10
10
10
10
10
10
10
10
10
10
10
10
10
10
10
10
10
10
10
10
10
10
10
10
10
10
10
10
10
10
10
10
10
10
10
10
10
10
10
10
10
10
10
10
10
10
10
10
10
10
10
10
10
10
10
10
10
10
10
10
10
10
10
10
10
10
10
10
10
10
10
10
10
10
10
10
10
10
10
10
10
10
10
10
10
10
10
10
10
10
10
10
10
10
10
10
10
10
10
10
10
10
10
10
10
10
10
10
10
10
10
10
10
10
10
10
10
10
10
10
10
10
10
10
10
10
10
10
10
10
10
10
10
10
10
10
10
10
10
10
10
10
10
10
10
10
10
10
10
10
10
10
10
10
10
10
10
10
10
10
10
10
10
10
10
10
10
10
10
10
10
10
10
10
10
10
10
10
10
10
10
10
10
10
10
10
10
10
10
10
10
10
10
10
10
10
10
10
10
10
10
10
10
10
10
10
10
10
10
10
10
10
10
10
10
10
10
10
10
10
10
10
10
10
10
10
10
10
10
10
10
10
10
10
10
10
10
10
10
10
10
10
10
10
10
10
10
10
10
10
10
10
10
10
10
10
10
10
10
10
10
10
10
10
10
10
10
10
10
10
10
10
10
10
10
10
10
10
10
10
10
10
10
10
10
10
10
10
10
10
10
10
10
10
10
10
10
10
10
10
10
10
10
10
10
10
10
10
10
10
10
10
10
10
10
10
10
10
10
10
10
10
10
10
10
10
10
10
10
10
10
10
10
10
10
10
10
10
10
10
10
10
10
10
10
10
10
10
10
10
10
10
10
10
10
10
10
10
10
10
10
10
10
10
10
10
10
10
10
10
10
10
10
10
10
10
10
10
10
10
10
10
10
10
10
10
10
10
10
10
10
10
10
10
10
10
10
10
10
10
10
10
10
10
10
10
10
10
10
10
10
10
10
10
10
10
10
10
10
10
10
10
10
10
10
10
10
10
10
10
10
10
10
10
10
10
10
10
10
10
10
10
10
10
10
10
10
10
10
10
10
10
10
10
10
10
10
10
10
10
10
10
10
10
10
10
10
10
10
10
10
10
10
10
10
10
10
10
10
10
10
10
10
10
10
10
10
10
10
10
10
10
10
10
10
10
10
10
10
10
10
10
10
10
10
10
10
10
10
10
10
10
10
10
10
10
10
10
10
10
10
10
10
10
10
10
10
10
10
10
10
10
10
10
10
10
10
10
10
10
10
10
10
10
10
10
10
10
10
10
10
10
10
10
10
10
10
10
10
10
10
10
10
10
10
10
10
10
10
10
10
10
10
10
10
10
10
10
10
10
10
10
10
10
10
10
10
10
10
10
10
10
10
10
10
10
10
10
10
10
10
10
10
10
10
10
10
10
10
10
10
10
10
10
10
10
10
10
10
10
10
10
10
10
10
10
10
10
10
10
10
10
10
10
10
10
10
10
10
10
10
10
10
10
10
10
10
10
10
10
10
10
10
10
10
10
10
10
10
10
10
10
10
10
10
10
10
10
10
10
10
10
10
10
10
10
10
10
10
10
10
10
10
10
10
10
10
10
10
10
10
10
10
10
10
10
10
10
10
10
10
10
10
10
10
10
10
10
10
10
10
10
10
10
10
10
10
10
10
10
10
10
10
10
10
10
10
10
10
10
10
10
10
10
10
10
10
10
10
10
10
10
10
10
10
10
10
10
10
10
10
10
10
10
10
10
10
10
10
10
10
10
10
10
10
10
10
10
10
10
10
10
10
10
10
10
10
10
10
10
10
10
10
10
10
10
10
10
10
10
10
10
10
10
10
10
10
10
10
10
10
10
10
10
10
10
10
10
10
10
10
10
10
10
10
10
10
10
10
10
10
10
10
10
10
10
10
10
10
10
10
10
10
10
10
10
10
10
10
10
10
10
10
10
10
10
10
10
10
10
10
10
10
10
10
10
10
10
10
10
10
10
10
10
10
10
10
10
10
10
10
10
10
10
10
10
10
10
10
10
10
10
10
10
10
10
10
10
10
10
10
10
10
10
10
10
10
10
10
10
10
10
10
10
10
10
10
10
10
10
10
10
10
10
10
10
10
10
10
10
10
10
10
10
10
10
10
10
10
10
10
10
10
10
10
10
10
10
10
10
10
10
10
10
10
10
10
10
10
10
10
10
10
10
10
10
10
10
10
10
10
10
10
10
10
10
10
10
10
10
10
10
10
10
10
10
10
10
10
10
10
10
10
10
10
10
10
10
10
10
10
10
10
10
10
10
10
10
10
10
10
10
10
10
10
10
10
10
10
10
10
10
10
10
10
10
10
10
10
10
10
10
10
10
10
10
10
10
10
10
10
10
10
10
10
10
10
10
10
10
10
10
10
10
10
10
10
10
10
10
10
10
10
10
10
10
10
10
10
10
10
10
10
10
10
10
10
10
10
10
10
10
10
10
10
10
10
10
10
10
10
10
10
10
10
10
10
10
10
10
10
10
10
10
10
10
10
10
10
10
10
10
10
10
10
10
10
10
10
10
10
10
10
10
10
10
10
10
10
10
10
10
10
10
10
10
10
10
10
10
10
10
10
10
10
10
10
10
10
10
10
10
10
10
10
10
10
10
10
10
10
10
10
10
10
10
10
10
10
10
10
10
10
10
10
10
10
10
10
10
10
10
10
10
10
10
10
10
10
10
10
10
10
10
10
10
10
10
10
10
10
10
10
10
10
10
10
10
10
10
10
10
10
10
10
10
10
10
10
10
10
10
10
10
10
10
10
10
10
10
10
10
10
10
10
10
10
10
10
10
10
10
10
10
10
10
10
10
10
10
10
10
10
10
10
10
10
10
10
10
10
10
10
10
10
10
10
10
10
10
10
10
10
10
10
10
10
10
10
10
10
10
10
10
10
10
10
10
10
10
10
10
10
10
10
10
10
10
10
10
10
10
10
10
10
10
10
10
10
10
10
10
10
10
10
10
10
10
10
10
10
10
10
10
10
10
10
10
10
10
10
10
10
10
10
10
10
10
10
10
10
10
10
10
10
10
10
10
10
10
10
10
10
10
10
10
10
10
10
10
10
10
10
10
10
10
10
10
10
10
10
10
10
10
10
10
10
10
10
10
10
10
10
10
10
10
10
10
10
10
10
10
10
10
10
10
10
10
10
10
10
10
10
10
10
10
10
10
10
10
10
10
10
10
10
10
10
10
10
10
10
10
10
10
10
10
10
10
10
10
10
10
10
10
10
10
10
10
10
10
10
10
10
10
10
10
10
10
10
10
10
10
10
10
10
10
10
10
10
10
10
10
10
10
10
10
10
10
10
10
10
10
10
10
10
10
10
10
10
10
10
10
10
10
10
10
10
10
10
10
10
10
10
10
10
10
10
10
10
10
10
10
10
10
10
10
10
10
10
10
10
10
10
10
10
10
10
10
10
10
10
10
10
10
10
10
10
10
10
10
10
10
10
10
10
10
10
10
10
10
10
10
10
10
10
10
10
10
10
10
10
10
10
10
10
10
10
10
10
10
10
10
10
10
10
10
10
10
10
10
10
10
10
10
10
10
10
10
10
10
10
10
10
10
10
10
10
10
10
10
10
10
10
10
10
10
10
10
10
10
10
10
10
10
10
10
10
10
10
10
10
10
10
10
10
10
10
10
10
10
10
10
10
10
10
10
10
10
10
10
10
10
10
10
10
10
10
10
10
10
10
10
10
10
10
10
10
10
10
10
10
10
10
10
10
10
10
10
10
10
10
10
10
10
10
10
10
10
10
10
10
10
10
10
10
10
10
10
10
10
10
10
10
10
10
10
10
10
10
10
10
10
10
10
10
10
10
10
10
10
10
10
10
10
10
10
10
10
10
10
10
10
10
10
10
10
10
10
10
10
10
10
10
10
10
10
10
10
10
10
10
10
10
10
10
10
10
10
10
10
10
10
10
10
10
10
10
10
10
10
10
10
10
10
10
10
10
10
10
10
10
10
10
10
10
10
10
10
10
10
10
10
10
10
10
10
10
10
10
10
10
10
10
10
10
10
10
10
10
10
10
10
10
10
10
10
10
10
10
10
10
10
10
10
10
10
10
10
10
10
10
10
10
10
10
10
10
10
10
10
10
10
10
10
10
10
10
10
10
10
10
10
10
10
10
10
10
10
10
10
10
10
10
10
10
10
10
10
10
10
10
10
10
10
10
10
10
10
10
10
10
10
10
10
10
10
10
10
10
10
10
10
10
10
10
10
10
10
10
10
10
10
10
10
10
10
10
10
10
10
10
10
10
10
10
10
10
10
10
10
10
10
10
10
10
10
10
10
10
10
10
10
10
10
10
10
10
10
10
10
10
10
10
10
10
10
10
10
10
10
10
10
10
10
10
10
10
10
10
10
10
10
10
10
10
10
10
10
10
10
10
10
10
10
10
10
10
10
10
10
10
10
10
10
10
10
10
10
10
10
10
10
10
10
10
10
10
10
10
10
10
10
10
10
10
10
10
10
10
10
10
10
10
10
10
10
10
10
10
10
10
10
10
10
10
10
10
10
10
10
10
10
10
10
10
10
10
10
10
10
10
10
10
10
10
10
10
10
10
10
10
10
10
10
10
10
10
10
10
10
10
10
10
10
10
10
10
10
10
10
10
10
10
10
10
10
10
10
10
10
10
10
10
10
10
10
10
10
10
10
10
10
10
10
10
10
10
10
10
10
10
10
10
10
10
10
10
10
10
10
10
10
10
10
10
10
10
10
10
10
10
10
10
10
10
10
10
10
10
10
10
10
10
10
10
10
10
10
10
10
10
10
10
10
10
10
10
10
10
10
10
10
10
10
10
10
10
10
10
10
10
10
10
10
10
10
10
10
10
10
10
10
10
10
10
10
10
10
10
10
10
10
10
10
10
10
10
10
10
10
10
10
10
10
10
10
10
10
10
10
10
10
10
10
10
10
10
10
10
10
10
10
10
10
10
10
10
10
10
10
10
10
10
10
10
10
10
10
10
10
10
10
10
10
10
10
10
10
10
10
10
10
10
10
10
10
10
10
10
10
10
10
10
10
10
10
10
10
10
10
10
10
10
10
10
10
10
10
10
10
10
10
10
10
10
10
10
10
10
10
10
10
10
10
10
10
10
10
10
10
10
10
10
10
10
10
10
10
10
10
10
10
10
10
10
10
10
10
10
10
10
10
10
10
10
10
10
10
10
10
10
10
10
10
10
10
10
10
10
10
10
10
10
10
10
10
10
10
10
10
10
10
10
10
10
10
10
10
10
10
10
10
10
10
10
10
10
10
10
10
10
10
10
10
10
10
10
10
10
10
10
10
10
10
10

