Joint 1,Joint 2,Joint 3,Joint 4,Joint 5,Joint 6,Joint 7
0.0,0.0,0.0,0.0,0.0,0.0,0.0
0.0,1076.4963227295898,0.0,-2373.42865275813,1185.0,2120.8219491037503,7.787872180647619e-13
0.0,1076.4963227295898,0.0,-2373.42865275813,1185.0,2120.8219491037503,7.787872180647619e-13
0.0,1076.4963227295898,0.0,-2373.42865275813,1185.0,2120.8219491037503,7.787872180647619e-13
0.0,1076.4963227295898,0.0,-2373.42865275813,1185.0,2120.8219491037503,7.787872180647619e-13
0.0,1076.4963227295898,0.0,-2373.42865275813,1185.0,2120.8219491037503,7.787872180647619e-13
0.0,1076.4963227295898,0.0,-2373.42865275813,1185.0,2120.8219491037503,7.787872180647619e-13
0.0,1076.4963227295898,0.0,-2373.42865275813,1185.0,2120.8219491037503,7.787872180647619e-13
0.0,1076.4963227295898,0.0,-2373.42865275813,1185.0,2120.8219491037503,7.787872180647619e-13
0.0,1076.4963227295898,0.0,-2373.42865275813,1185.0,2120.8219491037503,7.787872180647619e-13
0.0,1076.4963227295898,0.0,-2373.42865275813,1185.0,2120.8219491037503,7.787872180647619e-13
-88.05877862048116,4378.9565756788115,-59.43176180686482,4788.991274927316,-341.81204452739183,-365.4411003257932,-5.166517619422756
-88.05877862048116,4378.9565756788115,-59.43176180686482,4788.991274927316,-341.81204452739183,-365.4411003257932,-5.166517619422756
-88.05877862048116,4378.9565756788115,-59.43176180686482,4788.991274927316,-341.81204452739183,-365.4411003257932,-5.166517619422756
-88.05877862048116,4378.9565756788115,-59.43176180686482,4788.991274927316,-341.81204452739183,-365.4411003257932,-5.166517619422756
-88.05877862048116,4378.9565756788115,-59.43176180686482,4788.991274927316,-341.81204452739183,-365.4411003257932,-5.166517619422756
-88.05877862048116,4378.9565756788115,-59.43176180686482,4788.991274927316,-341.81204452739183,-365.4411003257932,-5.166517619422756
-88.05877862048116,4378.9565756788115,-59.43176180686482,4788.991274927316,-341.81204452739183,-365.4411003257932,-5.166517619422756
-88.05877862048116,4378.9565756788115,-59.43176180686482,4788.991274927316,-341.81204452739183,-365.4411003257932,-5.166517619422756
-88.05877862048116,4378.9565756788115,-59.43176180686482,4788.991274927316,-341.81204452739183,-365.4411003257932,-5.166517619422756
-88.05877862048116,4378.9565756788115,-59.43176180686482,4788.991274927316,-341.81204452739183,-365.4411003257932,-5.166517619422756
-271.19299922946357,777.6571427579693,-480.9924294858993,1185.081300697792,-485.81435443268833,-614.5501169652164,6.047063177818757
-271.19299922946357,777.6571427579693,-480.9924294858993,1185.081300697792,-485.81435443268833,-614.5501169652164,6.047063177818757
-271.19299922946357,777.6571427579693,-480.9924294858993,1185.081300697792,-485.81435443268833,-614.5501169652164,6.047063177818757
-271.19299922946357,777.6571427579693,-480.9924294858993,1185.081300697792,-485.81435443268833,-614.5501169652164,6.047063177818757
-271.19299922946357,777.6571427579693,-480.9924294858993,1185.081300697792,-485.81435443268833,-614.5501169652164,6.047063177818757
-271.19299922946357,777.6571427579693,-480.9924294858993,1185.081300697792,-485.81435443268833,-614.5501169652164,6.047063177818757
-271.19299922946357,777.6571427579693,-480.9924294858993,1185.081300697792,-485.81435443268833,-614.5501169652164,6.047063177818757
-271.19299922946357,777.6571427579693,-480.9924294858993,1185.081300697792,-485.81435443268833,-614.5501169652164,6.047063177818757
-271.19299922946357,777.6571427579693,-480.9924294858993,1185.081300697792,-485.81435443268833,-614.5501169652164,6.047063177818757
-271.19299922946357,777.6571427579693,-480.9924294858993,1185.081300697792,-485.81435443268833,-614.5501169652164,6.047063177818757
-238.6694643339509,-374.38537515568237,-200.73824986001486,130.37969872609168,-332.68066876810167,-484.6985831551423,5.52595993174377
-238.6694643339509,-374.38537515568237,-200.73824986001486,130.37969872609168,-332.68066876810167,-484.6985831551423,5.52595993174377
-238.6694643339509,-374.38537515568237,-200.73824986001486,130.37969872609168,-332.68066876810167,-484.6985831551423,5.52595993174377
-238.6694643339509,-374.38537515568237,-200.73824986001486,130.37969872609168,-332.68066876810167,-484.6985831551423,5.52595993174377
-238.6694643339509,-374.38537515568237,-200.73824986001486,130.37969872609168,-332.68066876810167,-484.6985831551423,5.52595993174377
-238.6694643339509,-374.38537515568237,-200.73824986001486,130.37969872609168,-332.68066876810167,-484.6985831551423,5.52595993174377
-238.6694643339509,-374.38537515568237,-200.73824986001486,130.37969872609168,-332.68066876810167,-484.6985831551423,5.52595993174377
-238.6694643339509,-374.38537515568237,-200.73824986001486,130.37969872609168,-332.68066876810167,-484.6985831551423,5.52595993174377
-238.6694643339509,-374.38537515568237,-200.73824986001486,130.37969872609168,-332.68066876810167,-484.6985831551423,5.52595993174377
-238.6694643339509,-374.38537515568237,-200.73824986001486,130.37969872609168,-332.68066876810167,-484.6985831551423,5.52595993174377
-51.66135682305184,-744.3344158457851,-14.472124940190822,-90.58889526133628,-168.99928869290855,-302.6842394930951,0.3715042651221896
-51.66135682305184,-744.3344158457851,-14.472124940190822,-90.58889526133628,-168.99928869290855,-302.6842394930951,0.3715042651221896
-51.66135682305184,-744.3344158457851,-14.472124940190822,-90.58889526133628,-168.99928869290855,-302.6842394930951,0.3715042651221896
-51.66135682305184,-744.3344158457851,-14.472124940190822,-90.58889526133628,-168.99928869290855,-302.6842394930951,0.3715042651221896
-51.66135682305184,-744.3344158457851,-14.472124940190822,-90.58889526133628,-168.99928869290855,-302.6842394930951,0.3715042651221896
-51.66135682305184,-744.3344158457851,-14.472124940190822,-90.58889526133628,-168.99928869290855,-302.6842394930951,0.3715042651221896
-51.66135682305184,-744.3344158457851,-14.472124940190822,-90.58889526133628,-168.99928869290855,-302.6842394930951,0.3715042651221896
-51.66135682305184,-744.3344158457851,-14.472124940190822,-90.58889526133628,-168.99928869290855,-302.6842394930951,0.3715042651221896
-51.66135682305184,-744.3344158457851,-14.472124940190822,-90.58889526133628,-168.99928869290855,-302.6842394930951,0.3715042651221896
-51.66135682305184,-744.3344158457851,-14.472124940190822,-90.58889526133628,-168.99928869290855,-302.6842394930951,0.3715042651221896
36.922753709083864,-849.4195824826422,49.05561303384085,-37.12228583125844,-72.38995278209157,-160.38243060863476,-1.0503403370685307
36.922753709083864,-849.4195824826422,49.05561303384085,-37.12228583125844,-72.38995278209157,-160.38243060863476,-1.0503403370685307
36.922753709083864,-849.4195824826422,49.05561303384085,-37.12228583125844,-72.38995278209157,-160.38243060863476,-1.0503403370685307
36.922753709083864,-849.4195824826422,49.05561303384085,-37.12228583125844,-72.38995278209157,-160.38243060863476,-1.0503403370685307
36.922753709083864,-849.4195824826422,49.05561303384085,-37.12228583125844,-72.38995278209157,-160.38243060863476,-1.0503403370685307
36.922753709083864,-849.4195824826422,49.05561303384085,-37.12228583125844,-72.38995278209157,-160.38243060863476,-1.0503403370685307
36.922753709083864,-849.4195824826422,49.05561303384085,-37.12228583125844,-72.38995278209157,-160.38243060863476,-1.0503403370685307
36.922753709083864,-849.4195824826422,49.05561303384085,-37.12228583125844,-72.38995278209157,-160.38243060863476,-1.0503403370685307
36.922753709083864,-849.4195824826422,49.05561303384085,-37.12228583125844,-72.38995278209157,-160.38243060863476,-1.0503403370685307
36.922753709083864,-849.4195824826422,49.05561303384085,-37.12228583125844,-72.38995278209157,-160.38243060863476,-1.0503403370685307
72.97046397068792,-862.8007022691842,61.92838409704721,71.18816975119935,-28.529773256185592,-70.276430603551,-0.9828289162973544
72.97046397068792,-862.8007022691842,61.92838409704721,71.18816975119935,-28.529773256185592,-70.276430603551,-0.9828289162973544
72.97046397068792,-862.8007022691842,61.92838409704721,71.18816975119935,-28.529773256185592,-70.276430603551,-72.95147342139646,-804.9437545218324,66.91403845314883,120.56725170595934,-38.02014704790959,-79.7151225922948,0.8508782008221291
72.95147342139646,-804.9437545218324,66.91403845314883,120.56725170595934,-38.02014704790959,-79.7151225922948,0.8508782008221291
72.95147342139646,-804.9437545218324,66.91403845314883,120.56725170595934,-38.02014704790959,-79.7151225922948,0.8508782008221291
72.95147342139646,-804.9437545218324,66.91403845314883,120.56725170595934,-38.02014704790959,-79.7151225922948,0.8508782008221291
72.95147342139646,-804.9437545218324,66.91403845314883,120.56725170595934,-38.02014704790959,-79.7151225922948,0.8508782008221291
72.95147342139646,-804.9437545218324,66.91403845314883,120.56725170595934,-38.02014704790959,-79.7151225922948,0.8508782008221291
72.95147342139646,-804.9437545218324,66.91403845314883,120.56725170595934,-38.02014704790959,-79.7151225922948,0.8508782008221291
83.86353773721068,-739.451689527834,64.55352129410986,174.8628799289025,-19.406303776532642,-31.850603187958914,0.8040075888376997
83.86353773721068,-739.451689527834,64.55352129410986,174.8628799289025,-19.406303776532642,-31.850603187958914,0.8040075888376997
83.86353773721068,-739.451689527834,64.55352129410986,174.8628799289025,-19.406303776532642,-31.850603187958914,0.8040075888376997
83.86353773721068,-739.451689527834,64.55352129410986,174.8628799289025,-19.406303776532642,-31.850603187958914,0.8040075888376997
83.86353773721068,-739.451689527834,64.55352129410986,174.8628799289025,-19.406303776532642,-31.850603187958914,0.8040075888376997
83.86353773721068,-739.451689527834,64.55352129410986,174.8628799289025,-19.406303776532642,-31.850603187958914,0.8040075888376997
83.86353773721068,-739.451689527834,64.55352129410986,174.8628799289025,-19.406303776532642,-31.850603187958914,0.8040075888376997
83.86353773721068,-739.451689527834,64.55352129410986,174.8628799289025,-19.406303776532642,-31.850603187958914,0.8040075888376997
83.86353773721068,-739.451689527834,64.55352129410986,174.8628799289025,-19.406303776532642,-31.850603187958914,0.8040075888376997
83.86353773721068,-739.451689527834,64.55352129410986,174.8628799289025,-19.406303776532642,-31.850603187958914,0.8040075888376997
84.42785706751044,-659.8068492050273,58.22480415255333,207.8896626408489,-14.512106719585583,-8.539304302560002,0.7239423893359177
84.42785706751044,-659.8068492050273,58.22480415255333,207.8896626408489,-14.512106719585583,-8.539304302560002,0.7239423893359177
84.42785706751044,-659.8068492050273,58.22480415255333,207.8896626408489,-14.512106719585583,-8.539304302560002,0.7239423893359177
84.42785706751044,-659.8068492050273,58.22480415255333,207.8896626408489,-14.512106719585583,-8.539304302560002,0.7239423893359177
84.42785706751044,-659.8068492050273,58.22480415255333,207.8896626408489,-14.512106719585583,-8.539304302560002,0.7239423893359177
84.42785706751044,-659.8068492050273,58.22480415255333,207.8896626408489,-14.512106719585583,-8.539304302560002,0.7239423893359177
84.42785706751044,-659.8068492050273,58.22480415255333,207.8896626408489,-14.512106719585583,-8.539304302560002,0.7239423893359177
84.42785706751044,-659.8068492050273,58.22480415255333,207.8896626408489,-14.512106719585583,-8.539304302560002,0.7239423893359177
84.42785706751044,-659.8068492050273,58.22480415255333,207.8896626408489,-14.512106719585583,-8.539304302560002,0.7239423893359177
84.42785706751044,-659.8068492050273,58.22480415255333,207.8896626408489,-14.512106719585583,-8.539304302560002,0.7239423893359177
79.96021186594191,-573.4447520047637,50.82641678334603,216.99329778449885,-14.42377713199382,1.027512128188057,0.6317982785751194
79.96021186594191,-573.4447520047637,50.82641678334603,216.99329778449885,-14.42377713199382,1.027512128188057,0.6317982785751194
79.96021186594191,-573.4447520047637,50.82641678334603,216.99329778449885,-14.42377713199382,1.027512128188057,0.6317982785751194
79.96021186594191,-573.4447520047637,50.82641678334603,216.99329778449885,-14.42377713199382,1.027512128188057,0.6317982785751194
79.96021186594191,-573.4447520047637,50.82641678334603,216.99329778449885,-14.42377713199382,1.027512128188057,0.6317982785751194
79.96021186594191,-573.4447520047637,50.82641678334603,216.99329778449885,-14.42377713199382,1.027512128188057,0.6317982785751194
79.96021186594191,-573.4447520047637,50.82641678334603,216.99329778449885,-14.42377713199382,1.027512128188057,0.6317982785751194
79.96021186594191,-573.4447520047637,50.82641678334603,216.99329778449885,-14.42377713199382,1.027512128188057,0.6317982785751194
79.96021186594191,-573.4447520047637,50.82641678334603,216.99329778449885,-14.42377713199382,1.027512128188057,0.6317982785751194
79.96021186594191,-573.4447520047637,50.82641678334603,216.99329778449885,-14.42377713199382,1.027512128188057,0.6317982785751194
72.22860835083148,-484.3407284110141,43.73886480410786,205.6710548868912,-14.691424184774704,3.9541167269875706,0.5376080583501408
72.22860835083148,-484.3407284110141,43.73886480410786,205.6710548868912,-14.691424184774704,3.9541167269875706,0.5376080583501408
72.22860835083148,-484.3407284110141,43.73886480410786,205.6710548868912,-14.691424184774704,3.9541167269875706,0.5376080583501408
72.22860835083148,-484.3407284110141,43.73886480410786,205.6710548868912,-14.691424184774704,3.9541167269875706,0.5376080583501408
72.22860835083148,-484.3407284110141,43.73886480410786,205.6710548868912,-14.691424184774704,3.9541167269875706,0.5376080583501408
72.22860835083148,-484.3407284110141,43.73886480410786,205.6710548868912,-14.691424184774704,3.9541167269875706,0.5376080583501408
72.22860835083148,-484.3407284110141,43.73886480410786,205.6710548868912,-14.691424184774704,3.9541167269875706,0.5376080583501408
72.22860835083148,-484.3407284110141,43.73886480410786,205.6710548868912,-14.691424184774704,3.9541167269875706,0.5376080583501408
72.22860835083148,-484.3407284110141,43.73886480410786,205.6710548868912,-14.691424184774704,3.9541167269875706,0.5376080583501408
72.22860835083148,-484.3407284110141,43.73886480410786,205.6710548868912,-14.691424184774704,3.9541167269875706,0.5376080583501408
62.48388139591418,-395.57941916581433,36.841738662181776,179.52496614080295,-13.775317713256822,4.187377442303097,0.4472600934826371
62.48388139591418,-395.57941916581433,36.841738662181776,179.52496614080295,-13.775317713256822,4.187377442303097,0.4472600934826371
62.48388139591418,-395.57941916581433,36.841738662181776,179.52496614080295,-13.775317713256822,4.187377442303097,0.4472600934826371
62.48388139591418,-395.57941916581433,36.841738662181776,179.52496614080295,-13.775317713256822,4.187377442303097,0.4472600934826371
62.48388139591418,-395.57941916581433,36.841738662181776,179.52496614080295,-13.775317713256822,4.187377442303097,0.4472600934826371
62.48388139591418,-395.57941916581433,36.841738662181776,179.52496614080295,-13.775317713256822,4.187377442303097,0.4472600934826371
62.48388139591418,-395.57941916581433,36.841738662181776,179.52496614080295,-13.775317713256822,4.187377442303097,0.4472600934826371
62.48388139591418,-395.57941916581433,36.841738662181776,179.52496614080295,-13.775317713256822,4.187377442303097,0.4472600934826371
62.48388139591418,-395.57941916581433,36.841738662181776,179.52496614080295,-13.775317713256822,4.187377442303097,0.4472600934826371
62.48388139591418,-395.57941916581433,36.841738662181776,179.52496614080295,-13.775317713256822,4.187377442303097,0.4472600934826371
51.46346501156978,-310.11615515894414,30.111275418111177,144.37623970015926,-11.60295941166824,3.5623603461106246,0.3619717749734682
51.46346501156978,-310.11615515894414,30.111275418111177,144.37623970015926,-11.60295941166824,3.5623603461106246,0.3619717749734682
51.46346501156978,-310.11615515894414,30.111275418111177,144.37623970015926,-11.60295941166824,3.5623603461106246,0.3619717749734682
51.46346501156978,-310.11615515894414,30.111275418111177,144.37623970015926,-11.60295941166824,3.5623603461106246,0.3619717749734682
51.46346501156978,-310.11615515894414,30.111275418111177,144.37623970015926,-11.60295941166824,3.5623603461106246,0.3619717749734682
51.46346501156978,-310.11615515894414,30.111275418111177,144.37623970015926,-11.60295941166824,3.5623603461106246,0.3619717749734682
51.46346501156978,-310.11615515894414,30.111275418111177,144.37623970015926,-11.60295941166824,3.5623603461106246,0.3619717749734682
51.46346501156978,-310.11615515894414,30.111275418111177,144.37623970015926,-11.60295941166824,3.5623603461106246,0.3619717749734682
51.46346501156978,-310.11615515894414,30.111275418111177,144.37623970015926,-11.60295941166824,3.5623603461106246,0.3619717749734682
51.46346501156978,-310.11615515894414,30.111275418111177,144.37623970015926,-11.60295941166824,3.5623603461106246,0.3619717749734682
39.87691242644372,-230.2203502258122,23.44502357092884,105.68669683622451,-8.659945862782134,2.8263178511066793,0.2818328684569336
39.87691242644372,-230.2203502258122,23.44502357092884,105.68669683622451,-8.659945862782134,2.8263178511066793,0.2818328684569336
39.87691242644372,-230.2203502258122,23.44502357092884,105.68669683622451,-8.659945862782134,2.8263178511066793,0.2818328684569336
39.87691242644372,-230.2203502258122,23.44502357092884,105.68669683622451,-8.659945862782134,2.8263178511066793,0.2818328684569336
39.87691242644372,-230.2203502258122,23.44502357092884,105.68669683622451,-8.659945862782134,2.8263178511066793,0.2818328684569336
39.87691242644372,-230.2203502258122,23.44502357092884,105.68669683622451,-8.659945862782134,2.8263178511066793,0.2818328684569336
39.87691242644372,-230.2203502258122,23.44502357092884,105.68669683622451,-8.659945862782134,2.8263178511066793,0.2818328684569336
39.87691242644372,-230.2203502258122,23.44502357092884,105.68669683622451,-8.659945862782134,2.8263178511066793,0.2818328684569336
39.87691242644372,-230.2203502258122,23.44502357092884,105.68669683622451,-8.659945862782134,2.8263178511066793,0.2818328684569336
39.87691242644372,-230.2203502258122,23.44502357092884,105.68669683622451,-8.659945862782134,2.8263178511066793,0.2818328684569336
28.335546401564066,-157.62908820765495,16.92471899769818,67.86847239591816,-5.506352791748197,2.1694291778184045,0.20697116139367797
28.335546401564066,-157.62908820765495,16.92471899769818,67.86847239591816,-5.506352791748197,2.1694291778184045,0.20697116139367797
28.335546401564066,-157.62908820765495,16.92471899769818,67.86847239591816,-5.506352791748197,2.1694291778184045,0.20697116139367797
28.335546401564066,-157.62908820765495,16.92471899769818,67.86847239591816,-5.506352791748197,2.1694291778184045,0.20697116139367797
28.335546401564066,-157.62908820765495,16.92471899769818,67.86847239591816,-5.506352791748197,2.1694291778184045,0.20697116139367797
28.335546401564066,-157.62908820765495,16.92471899769818,67.86847239591816,-5.506352791748197,2.1694291778184045,0.20697116139367797
28.335546401564066,-157.62908820765495,16.92471899769818,67.86847239591816,-5.506352791748197,2.1694291778184045,0.20697116139367797
28.335546401564066,-157.62908820765495,16.92471899769818,67.86847239591816,-5.506352791748197,2.1694291778184045,0.20697116139367797
28.335546401564066,-157.62908820765495,16.92471899769818,67.86847239591816,-5.506352791748197,2.1694291778184045,0.20697116139367797
28.335546401564066,-157.62908820765495,16.92471899769818,67.86847239591816,-5.506352791748197,2.1694291778184045,0.20697116139367797
17.430409010547038,-93.63045008562285,10.70474577704319,34.067691608140315,-2.579936340071097,1.5754998618174771,0.13826074065118535
17.430409010547038,-93.63045008562285,10.70474577704319,34.067691608140315,-2.579936340071097,1.5754998618174771,0.13826074065118535
17.430409010547038,-93.63045008562285,10.70474577704319,34.067691608140315,-2.579936340071097,1.5754998618174771,0.13826074065118535
17.430409010547038,-93.63045008562285,10.70474577704319,34.067691608140315,-2.579936340071097,1.5754998618174771,0.13826074065118535
17.430409010547038,-93.63045008562285,10.70474577704319,34.067691608140315,-2.579936340071097,1.5754998618174771,0.13826074065118535
17.430409010547038,-93.63045008562285,10.70474577704319,34.067691608140315,-2.579936340071097,1.5754998618174771,0.13826074065118535
17.430409010547038,-93.63045008562285,10.70474577704319,34.067691608140315,-2.579936340071097,1.5754998618174771,0.13826074065118535
17.430409010547038,-93.63045008562285,10.70474577704319,34.067691608140315,-2.579936340071097,1.5754998618174771,0.13826074065118535
17.430409010547038,-93.63045008562285,10.70474577704319,34.067691608140315,-2.579936340071097,1.5754998618174771,0.13826074065118535
17.430409010547038,-93.63045008562285,10.70474577704319,34.067691608140315,-2.579936340071097,1.5754998618174771,0.13826074065118535
7.6747312223150566,-39.10926183697368,5.004660947213684,6.1269542799978645,-0.14620780060887473,0.9953498667527642,0.07688937995637318
7.6747312223150566,-39.10926183697368,5.004660947213684,6.1269542799978645,-0.14620780060887473,0.9953498667527642,0.07688937995637318
7.6747312223150566,-39.10926183697368,5.004660947213684,6.1269542799978645,-0.14620780060887473,0.9953498667527642,0.07688937995637318
7.6747312223150566,-39.10926183697368,5.004660947213684,6.1269542799978645,-0.14620780060887473,0.9953498667527642,0.07688937995637318
7.6747312223150566,-39.10926183697368,5.004660947213684,6.1269542799978645,-0.14620780060887473,0.9953498667527642,0.07688937995637318
7.6747312223150566,-39.10926183697368,5.004660947213684,6.1269542799978645,-0.14620780060887473,0.9953498667527642,0.07688937995637318
7.6747312223150566,-39.10926183697368,5.004660947213684,6.1269542799978645,-0.14620780060887473,0.9953498667527642,0.07688937995637318
7.6747312223150566,-39.10926183697368,5.004660947213684,6.1269542799978645,-0.14620780060887473,0.9953498667527642,0.07688937995637318
7.6747312223150566,-39.10926183697368,5.004660947213684,6.1269542799978645,-0.14620780060887473,0.9953498667527642,0.07688937995637318
7.6747312223150566,-39.10926183697368,5.004660947213684,6.1269542799978645,-0.14620780060887473,0.9953498667527642,0.07688937995637318
-0.5330499993034366,5.431521771865434,0.047064004144233396,-15.269364718217389,1.6877087414590135,0.4116758796162069,0.024018432480676293
-0.5330499993034366,5.431521771865434,0.047064004144233396,-15.269364718217389,1.6877087414590135,0.4116758796162069,0.024018432480676293
-0.5330499993034366,5.431521771865434,0.047064004144233396,-15.269364718217389,1.6877087414590135,0.4116758796162069,0.024018432480676293
-0.5330499993034366,5.431521771865434,0.047064004144233396,-15.269364718217389,1.6877087414590135,0.4116758796162069,0.024018432480676293
-0.5330499993034366,5.431521771865434,0.047064004144233396,-15.269364718217389,1.6877087414590135,0.4116758796162069,0.024018432480676293
-0.5330499993034366,5.431521771865434,0.047064004144233396,-15.269364718217389,1.6877087414590135,0.4116758796162069,0.024018432480676293
-0.5330499993034366,5.431521771865434,0.047064004144233396,-15.269364718217389,1.6877087414590135,0.4116758796162069,0.024018432480676293
-0.5330499993034366,5.431521771865434,0.047064004144233396,-15.269364718217389,1.6877087414590135,0.4116758796162069,0.024018432480676293
-0.5330499993034366,5.431521771865434,0.047064004144233396,-15.269364718217389,1.6877087414590135,0.4116758796162069,0.024018432480676293
-0.5330499993034366,5.431521771865434,0.047064004144233396,-15.269364718217389,1.6877087414590135,0.4116758796162069,0.024018432480676293
-6.924777553511831,39.78042892917662,-3.9717354387875177,-30.224865256135505,2.9221321790039876,-0.15645966326250077,-0.01938451057999575
-6.924777553511831,39.78042892917662,-3.9717354387875177,-30.224865256135505,2.9221321790039876,-0.15645966326250077,-0.01938451057999575
-6.924777553511831,39.78042892917662,-3.9717354387875177,-30.224865256135505,2.9221321790039876,-0.15645966326250077,-0.01938451057999575
-6.924777553511831,39.78042892917662,-3.9717354387875177,-30.224865256135505,2.9221321790039876,-0.15645966326250077,-0.01938451057999575
-6.924777553511831,39.78042892917662,-3.9717354387875177,-30.224865256135505,2.9221321790039876,-0.15645966326250077,-0.01938451057999575
-6.924777553511831,39.78042892917662,-3.9717354387875177,-30.224865256135505,2.9221321790039876,-0.15645966326250077,-0.01938451057999575
-6.924777553511831,39.78042892917662,-3.9717354387875177,-30.224865256135505,2.9221321790039876,-0.15645966326250077,-0.01938451057999575
-6.924777553511831,39.78042892917662,-3.9717354387875177,-30.224865256135505,2.9221321790039876,-0.15645966326250077,-0.01938451057999575
-6.924777553511831,39.78042892917662,-3.9717354387875177,-30.224865256135505,2.9221321790039876,-0.15645966326250077,-0.01938451057999575
-6.924777553511831,39.78042892917662,-3.9717354387875177,-30.224865256135505,2.9221321790039876,-0.15645966326250077,-0.01938451057999575
-11.398960373890375,64.10631622804524,-6.923068716809366,-39.352554386594,3.621695834770996,-0.6664720743735102,-0.05269234590931529
-11.398960373890375,64.10631622804524,-6.923068716809366,-39.352554386594,3.621695834770996,-0.6664720743735102,-0.05269234590931529
-11.398960373890375,64.10631622804524,-6.923068716809366,-39.352554386594,3.621695834770996,-0.6664720743735102,-0.05269234590931529
-11.398960373890375,64.10631622804524,-6.923068716809366,-39.352554386594,3.621695834770996,-0.6664720743735102,-0.05269234590931529
-11.398960373890375,64.10631622804524,-6.923068716809366,-39.352554386594,3.621695834770996,-0.6664720743735102,-0.05269234590931529
-11.398960373890375,64.10631622804524,-6.923068716809366,-39.352554386594,3.621695834770996,-0.6664720743735102,-0.05269234590931529
-11.398960373890375,64.10631622804524,-6.923068716809366,-39.352554386594,3.621695834770996,-0.6664720743735102,-0.05269234590931529
-11.398960373890375,64.10631622804524,-6.923068716809366,-39.352554386594,3.621695834770996,-0.6664720743735102,-0.05269234590931529
-11.398960373890375,64.10631622804524,-6.923068716809366,-39.352554386594,3.621695834770996,-0.6664720743735102,-0.05269234590931529
-11.398960373890375,64.10631622804524,-6.923068716809366,-39.352554386594,3.621695834770996,-0.6664720743735102,-0.05269234590931529
-14.02612202082934,78.99264949643857,-8.775725542509978,-43.51811853648012,3.8794074394649565,-1.0745755661353535,-0.07579002671461728
-14.02612202082934,78.99264949643857,-8.775725542509978,-43.51811853648012,3.8794074394649565,-1.0745755661353535,-0.07579002671461728
-14.02612202082934,78.99264949643857,-8.775725542509978,-43.51811853648012,3.8794074394649565,-1.0745755661353535,-0.07579002671461728
-14.02612202082934,78.99264949643857,-8.775725542509978,-43.51811853648012,3.8794074394649565,-1.0745755661353535,-0.07579002671461728
-14.02612202082934,78.99264949643857,-8.775725542509978,-43.51811853648012,3.8794074394649565,-1.0745755661353535,-0.07579002671461728
-14.02612202082934,78.99264949643857,-8.775725542509978,-43.51811853648012,3.8794074394649565,-1.0745755661353535,-0.07579002671461728
-14.02612202082934,78.99264949643857,-8.775725542509978,-43.51811853648012,3.8794074394649565,-1.0745755661353535,-0.07579002671461728
-14.02612202082934,78.99264949643857,-8.775725542509978,-43.51811853648012,3.8794074394649565,-1.0745755661353535,-0.07579002671461728
-14.02612202082934,78.99264949643857,-8.775725542509978,-43.51811853648012,3.8794074394649565,-1.0745755661353535,-0.07579002671461728
-14.02612202082934,78.99264949643857,-8.775725542509978,-43.51811853648012,3.8794074394649565,-1.0745755661353535,-0.07579002671461728
-15.012585434898654,85.33970161113825,-9.591928308984286,-43.65248387734883,3.7932281611216583,-1.349767029335533,-0.08905223367794851
-15.012585434898654,85.33970161113825,-9.591928308984286,-43.65248387734883,3.7932281611216583,-1.349767029335533,-0.08905223367794851
-15.012585434898654,85.33970161113825,-9.591928308984286,-43.65248387734883,3.7932281611216583,-1.349767029335533,-0.08905223367794851
-15.012585434898654,85.33970161113825,-9.591928308984286,-43.65248387734883,3.7932281611216583,-1.349767029335533,-0.08905223367794851
-15.012585434898654,85.33970161113825,-9.591928308984286,-43.65248387734883,3.7932281611216583,-1.349767029335533,-0.08905223367794851
-15.012585434898654,85.33970161113825,-9.591928308984286,-43.65248387734883,3.7932281611216583,-1.349767029335533,-0.08905223367794851
-15.012585434898654,85.33970161113825,-9.591928308984286,-43.65248387734883,3.7932281611216583,-1.349767029335533,-0.08905223367794851
-15.012585434898654,85.33970161113825,-9.591928308984286,-43.65248387734883,3.7932281611216583,-1.349767029335533,-0.08905223367794851
-15.012585434898654,85.33970161113825,-9.591928308984286,-43.65248387734883,3.7932281611216583,-1.349767029335533,-0.08905223367794851
-15.012585434898654,85.33970161113825,-9.591928308984286,-43.65248387734883,3.7932281611216583,-1.349767029335533,-0.08905223367794851
-14.666096815124204,84.33576597256757,-9.519775910570075,-40.65914383423726,3.454596571230482,-1.4797336204071745,-0.09341104721559122
-14.666096815124204,84.33576597256757,-9.519775910570075,-40.65914383423726,3.454596571230482,-1.4797336204071745,-0.09341104721559122
-14.666096815124204,84.33576597256757,-9.519775910570075,-40.65914383423726,3.454596571230482,-1.4797336204071745,-0.09341104721559122
-14.666096815124204,84.33576597256757,-9.519775910570075,-40.65914383423726,3.454596571230482,-1.4797336204071745,-0.09341104721559122
-14.666096815124204,84.33576597256757,-9.519775910570075,-40.65914383423726,3.454596571230482,-1.4797336204071745,-0.09341104721559122
-14.666096815124204,84.33576597256757,-9.519775910570075,-40.65914383423726,3.454596571230482,-1.4797336204071745,-0.09341104721559122
-14.666096815124204,84.33576597256757,-9.519775910570075,-40.65914383423726,3.454596571230482,-1.4797336204071745,-0.09341104721559122
-14.666096815124204,84.33576597256757,-9.519775910570075,-40.65914383423726,3.454596571230482,-1.4797336204071745,-0.09341104721559122
-14.666096815124204,84.33576597256757,-9.519775910570075,-40.65914383423726,3.454596571230482,-1.4797336204071745,-0.09341104721559122
-14.666096815124204,84.33576597256757,-9.519775910570075,-40.65914383423726,3.454596571230482,-1.4797336204071745,-0.09341104721559122
-13.342774776245353,77.36143643112366,-8.765713020501979,-35.36149727702225,2.9428939441185142,-1.4711314880437125,-0.09028549936101553
-13.342774776245353,77.36143643112366,-8.765713020501979,-35.36149727702225,2.9428939441185142,-1.4711314880437125,-0.09028549936101553
-13.342774776245353,77.36143643112366,-8.765713020501979,-35.36149727702225,2.9428939441185142,-1.4711314880437125,-0.09028549936101553
-13.342774776245353,77.36143643112366,-8.765713020501979,-35.36149727702225,2.9428939441185142,-1.4711314880437125,-0.09028549936101553
-13.342774776245353,77.36143643112366,-8.765713020501979,-35.36149727702225,2.9428939441185142,-1.4711314880437125,-0.09028549936101553
-13.342774776245353,77.36143643112366,-8.765713020501979,-35.36149727702225,2.9428939441185142,-1.4711314880437125,-0.09028549936101553
-13.342774776245353,77.36143643112366,-8.765713020501979,-35.36149727702225,2.9428939441185142,-1.4711314880437125,-0.09028549936101553
-13.342774776245353,77.36143643112366,-8.765713020501979,-35.36149727702225,2.9428939441185142,-1.4711314880437125,-0.09028549936101553
-13.342774776245353,77.36143643112366,-8.765713020501979,-35.36149727702225,2.9428939441185142,-1.4711314880437125,-0.09028549936101553
-13.342774776245353,77.36143643112366,-8.765713020501979,-35.36149727702225,2.9428939441185142,-1.4711314880437125,-0.09028549936101553
-11.396197666860985,65.86964578179875,-7.556482761720392,-28.491276253836762,2.3251039766752664,-1.344333083181894,-0.08137112791735761
-11.396197666860985,65.86964578179875,-7.556482761720392,-28.491276253836762,2.3251039766752664,-1.344333083181894,-0.08137112791735761
-11.396197666860985,65.86964578179875,-7.556482761720392,-28.491276253836762,2.3251039766752664,-1.344333083181894,-0.08137112791735761
-11.396197666860985,65.86964578179875,-7.556482761720392,-28.491276253836762,2.3251039766752664,-1.344333083181894,-0.08137112791735761
-11.396197666860985,65.86964578179875,-7.55648276178.702256664092172,-29.82257733985218,5.060761681265312,13.551678597157116,-1.3375932672671509,0.40385289272969804,0.048640522883986
8.702256664092172,-29.82257733985218,5.060761681265312,13.551678597157116,-1.3375932672671509,0.40385289272969804,0.048640522883986
8.702256664092172,-29.82257733985218,5.060761681265312,13.551678597157116,-1.3375932672671509,0.40385289272969804,0.048640522883986
8.702256664092172,-29.82257733985218,5.060761681265312,13.551678597157116,-1.3375932672671509,0.40385289272969804,0.048640522883986
8.702256664092172,-29.82257733985218,5.060761681265312,13.551678597157116,-1.3375932672671509,0.40385289272969804,0.048640522883986
8.702256664092172,-29.82257733985218,5.060761681265312,13.551678597157116,-1.3375932672671509,0.40385289272969804,0.048640522883986
8.702256664092172,-29.82257733985218,5.060761681265312,13.551678597157116,-1.3375932672671509,0.40385289272969804,0.048640522883986
8.237702482243021,-37.33350204413128,4.584300936004621,16.972402642771385,-1.5432406895320883,0.5814412507568676,0.019787688311758686
8.237702482243021,-37.33350204413128,4.584300936004621,16.972402642771385,-1.5432406895320883,0.5814412507568676,0.019787688311758686
8.237702482243021,-37.33350204413128,4.584300936004621,16.972402642771385,-1.5432406895320883,0.5814412507568676,0.019787688311758686
8.237702482243021,-37.33350204413128,4.584300936004621,16.972402642771385,-1.5432406895320883,0.5814412507568676,0.019787688311758686
8.237702482243021,-37.33350204413128,4.584300936004621,16.972402642771385,-1.5432406895320883,0.5814412507568676,0.019787688311758686
8.237702482243021,-37.33350204413128,4.584300936004621,16.972402642771385,-1.5432406895320883,0.5814412507568676,0.019787688311758686
8.237702482243021,-37.33350204413128,4.584300936004621,16.972402642771385,-1.5432406895320883,0.5814412507568676,0.019787688311758686
8.237702482243021,-37.33350204413128,4.584300936004621,16.972402642771385,-1.5432406895320883,0.5814412507568676,0.019787688311758686
8.237702482243021,-37.33350204413128,4.584300936004621,16.972402642771385,-1.5432406895320883,0.5814412507568676,0.019787688311758686
8.237702482243021,-37.33350204413128,4.584300936004621,16.972402642771385,-1.5432406895320883,0.5814412507568676,0.019787688311758686
7.439999833105571,-43.5563755906123,3.923037778191431,19.752995924518082,-1.6860056112828545,0.7324439544888047,-0.0046636500633999295
7.439999833105571,-43.5563755906123,3.923037778191431,19.752995924518082,-1.6860056112828545,0.7324439544888047,-0.0046636500633999295
7.439999833105571,-43.5563755906123,3.923037778191431,19.752995924518082,-1.6860056112828545,0.7324439544888047,-0.0046636500633999295
7.439999833105571,-43.5563755906123,3.923037778191431,19.752995924518082,-1.6860056112828545,0.7324439544888047,-0.0046636500633999295
7.439999833105571,-43.5563755906123,3.923037778191431,19.752995924518082,-1.6860056112828545,0.7324439544888047,-0.0046636500633999295
7.439999833105571,-43.5563755906123,3.923037778191431,19.752995924518082,-1.6860056112828545,0.7324439544888047,-0.0046636500633999295
7.439999833105571,-43.5563755906123,3.923037778191431,19.752995924518082,-1.6860056112828545,0.7324439544888047,-0.0046636500633999295
7.439999833105571,-43.5563755906123,3.923037778191431,19.752995924518082,-1.6860056112828545,0.7324439544888047,-0.0046636500633999295
7.439999833105571,-43.5563755906123,3.923037778191431,19.752995924518082,-1.6860056112828545,0.7324439544888047,-0.0046636500633999295
7.439999833105571,-43.5563755906123,3.923037778191431,19.752995924518082,-1.6860056112828545,0.7324439544888047,-0.0046636500633999295
6.417337015178431,-48.407953463540295,3.1500146810627117,21.868794346216085,-1.7714720092207432,0.8537458917539267,-0.024673553008488378
6.417337015178431,-48.407953463540295,3.1500146810627117,21.868794346216085,-1.7714720092207432,0.8537458917539267,-0.024673553008488378
6.417337015178431,-48.407953463540295,3.1500146810627117,21.868794346216085,-1.7714720092207432,0.8537458917539267,-0.024673553008488378
6.417337015178431,-48.407953463540295,3.1500146810627117,21.868794346216085,-1.7714720092207432,0.8537458917539267,-0.024673553008488378
6.417337015178431,-48.407953463540295,3.1500146810627117,21.868794346216085,-1.7714720092207432,0.8537458917539267,-0.024673553008488378
6.417337015178431,-48.407953463540295,3.1500146810627117,21.868794346216085,-1.7714720092207432,0.8537458917539267,-0.024673553008488378
6.417337015178431,-48.407953463540295,3.1500146810627117,21.868794346216085,-1.7714720092207432,0.8537458917539267,-0.024673553008488378
6.417337015178431,-48.407953463540295,3.1500146810627117,21.868794346216085,-1.7714720092207432,0.8537458917539267,-0.024673553008488378
6.417337015178431,-48.407953463540295,3.1500146810627117,21.868794346216085,-1.7714720092207432,0.8537458917539267,-0.024673553008488378
6.417337015178431,-48.407953463540295,3.1500146810627117,21.868794346216085,-1.7714720092207432,0.8537458917539267,-0.024673553008488378
5.26763392806403,-51.89602288338435,2.3289758732195494,23.33368551880813,-1.8064886645540703,0.944945372174595,-0.04041996787393838
5.26763392806403,-51.89602288338435,2.3289758732195494,23.33368551880813,-1.8064886645540703,0.944945372174595,-0.04041996787393838
5.26763392806403,-51.89602288338435,2.3289758732195494,23.33368551880813,-1.8064886645540703,0.944945372174595,-0.04041996787393838
5.26763392806403,-51.89602288338435,2.3289758732195494,23.33368551880813,-1.8064886645540703,0.944945372174595,-0.04041996787393838
5.26763392806403,-51.89602288338435,2.3289758732195494,23.33368551880813,-1.8064886645540703,0.944945372174595,-0.04041996787393838
5.26763392806403,-51.89602288338435,2.3289758732195494,23.33368551880813,-1.8064886645540703,0.944945372174595,-0.04041996787393838
5.26763392806403,-51.89602288338435,2.3289758732195494,23.33368551880813,-1.8064886645540703,0.944945372174595,-0.04041996787393838
5.26763392806403,-51.89602288338435,2.3289758732195494,23.33368551880813,-1.8064886645540703,0.944945372174595,-0.04041996787393838
5.26763392806403,-51.89602288338435,2.3289758732195494,23.33368551880813,-1.8064886645540703,0.944945372174595,-0.04041996787393838
5.26763392806403,-51.89602288338435,2.3289758732195494,23.33368551880813,-1.8064886645540703,0.944945372174595,-0.04041996787393838
4.07551582739999,-54.09913864842819,1.5128916643054215,24.192476014294677,-1.798791645407666,1.0075209778117105,-0.05220462641571104
4.07551582739999,-54.09913864842819,1.5128916643054215,24.192476014294677,-1.798791645407666,1.0075209778117105,-0.05220462641571104
4.07551582739999,-54.09913864842819,1.5128916643054215,24.192476014294677,-1.798791645407666,1.0075209778117105,-0.05220462641571104
4.07551582739999,-54.09913864842819,1.5128916643054215,24.192476014294677,-1.798791645407666,1.0075209778117105,-0.05220462641571104
4.07551582739999,-54.09913864842819,1.5128916643054215,24.192476014294677,-1.798791645407666,1.0075209778117105,-0.05220462641571104
4.07551582739999,-54.09913864842819,1.5128916643054215,24.192476014294677,-1.798791645407666,1.0075209778117105,-0.05220462641571104
4.07551582739999,-54.09913864842819,1.5128916643054215,24.192476014294677,-1.798791645407666,1.0075209778117105,-0.05220462641571104
4.07551582739999,-54.09913864842819,1.5128916643054215,24.192476014294677,-1.798791645407666,1.0075209778117105,-0.05220462641571104
4.07551582739999,-54.09913864842819,1.5128916643054215,24.192476014294677,-1.798791645407666,1.0075209778117105,-0.05220462641571104
4.07551582739999,-54.09913864842819,1.5128916643054215,24.192476014294677,-1.798791645407666,1.0075209778117105,-0.05220462641571104
2.9110418059329786,-55.14795052267168,0.7435883250808809,24.513178461134594,-1.75667476911816,1.044194884732792,-0.0604229961381208
2.9110418059329786,-55.14795052267168,0.7435883250808809,24.513178461134594,-1.75667476911816,1.044194884732792,-0.0604229961381208
2.9110418059329786,-55.14795052267168,0.7435883250808809,24.513178461134594,-1.75667476911816,1.044194884732792,-0.0604229961381208
2.911040.11339348558462214,-26.521135513344866,-0.17419711407735988,16.270642968670693,-1.2220049710005536,0.27581947443606875,0.005253392053169104
0.11339348558462214,-26.521135513344866,-0.17419711407735988,16.270642968670693,-1.2220049710005536,0.27581947443606875,0.005253392053169104
0.11339348558462214,-26.521135513344866,-0.17419711407735988,16.270642968670693,-1.2220049710005536,0.27581947443606875,0.005253392053169104
0.11339348558462214,-26.521135513344866,-0.17419711407735988,16.270642968670693,-1.2220049710005536,0.27581947443606875,0.005253392053169104
0.11339348558462214,-26.521135513344866,-0.17419711407735988,16.270642968670693,-1.2220049710005536,0.27581947443606875,0.005253392053169104
0.11339348558462214,-26.521135513344866,-0.17419711407735988,16.270642968670693,-1.2220049710005536,0.27581947443606875,0.005253392053169104
0.11339348558462214,-26.521135513344866,-0.17419711407735988,16.270642968670693,-1.2220049710005536,0.27581947443606875,0.005253392053169104
1.0304879463400436,-37.58895719806949,0.36590382449098197,21.232613992189933,-1.5739496897967904,0.47800694437832103,0.01562583638314995
1.0304879463400436,-37.58895719806949,0.36590382449098197,21.232613992189933,-1.5739496897967904,0.47800694437832103,0.01562583638314995
1.0304879463400436,-37.58895719806949,0.36590382449098197,21.232613992189933,-1.5739496897967904,0.47800694437832103,0.01562583638314995
1.0304879463400436,-37.58895719806949,0.36590382449098197,21.232613992189933,-1.5739496897967904,0.47800694437832103,0.01562583638314995
1.0304879463400436,-37.58895719806949,0.36590382449098197,21.232613992189933,-1.5739496897967904,0.47800694437832103,0.01562583638314995
1.0304879463400436,-37.58895719806949,0.36590382449098197,21.232613992189933,-1.5739496897967904,0.47800694437832103,0.01562583638314995
1.0304879463400436,-37.58895719806949,0.36590382449098197,21.232613992189933,-1.5739496897967904,0.47800694437832103,0.01562583638314995
1.0304879463400436,-37.58895719806949,0.36590382449098197,21.232613992189933,-1.5739496897967904,0.47800694437832103,0.01562583638314995
1.0304879463400436,-37.58895719806949,0.36590382449098197,21.232613992189933,-1.5739496897967904,0.47800694437832103,0.01562583638314995
1.0304879463400436,-37.58895719806949,0.36590382449098197,21.232613992189933,-1.5739496897967904,0.47800694437832103,0.01562583638314995
1.639763278832464,-46.3003961791482,0.7006851266641331,25.078308752171324,-1.8370210052395977,0.633588735786395,0.023749107392599098
1.639763278832464,-46.3003961791482,0.7006851266641331,25.078308752171324,-1.8370210052395977,0.633588735786395,0.023749107392599098
1.639763278832464,-46.3003961791482,0.7006851266641331,25.078308752171324,-1.8370210052395977,0.633588735786395,0.023749107392599098
1.639763278832464,-46.3003961791482,0.7006851266641331,25.078308752171324,-1.8370210052395977,0.633588735786395,0.023749107392599098
1.639763278832464,-46.3003961791482,0.7006851266641331,25.078308752171324,-1.8370210052395977,0.633588735786395,0.023749107392599098
1.639763278832464,-46.3003961791482,0.7006851266641331,25.078308752171324,-1.8370210052395977,0.633588735786395,0.023749107392599098
1.639763278832464,-46.3003961791482,0.7006851266641331,25.078308752171324,-1.8370210052395977,0.633588735786395,0.023749107392599098
1.639763278832464,-46.3003961791482,0.7006851266641331,25.078308752171324,-1.8370210052395977,0.633588735786395,0.023749107392599098
1.639763278832464,-46.3003961791482,0.7006851266641331,25.078308752171324,-1.8370210052395977,0.633588735786395,0.023749107392599098
1.639763278832464,-46.3003961791482,0.7006851266641331,25.078308752171324,-1.8370210052395977,0.633588735786395,0.023749107392599098
1.9815624776062135,-52.64246904307032,0.8632836908490333,27.812997969617932,-2.0146776269310447,0.7433880163272003,0.029667918089579793
1.9815624776062135,-52.64246904307032,0.8632836908490333,27.812997969617932,-2.0146776269310447,0.7433880163272003,0.029667918089579793
1.9815624776062135,-52.64246904307032,0.8632836908490333,27.812997969617932,-2.0146776269310447,0.7433880163272003,0.029667918089579793
1.9815624776062135,-52.64246904307032,0.8632836908490333,27.812997969617932,-2.0146776269310447,0.7433880163272003,0.029667918089579793
1.9815624776062135,-52.64246904307032,0.8632836908490333,27.812997969617932,-2.0146776269310447,0.7433880163272003,0.029667918089579793
1.9815624776062135,-52.64246904307032,0.8632836908490333,27.812997969617932,-2.0146776269310447,0.7433880163272003,0.029667918089579793
1.9815624776062135,-52.64246904307032,0.8632836908490333,27.812997969617932,-2.0146776269310447,0.7433880163272003,0.029667918089579793
1.9815624776062135,-52.64246904307032,0.8632836908490333,27.812997969617932,-2.0146776269310447,0.7433880163272003,0.029667918089579793
1.9815624776062135,-52.64246904307032,0.8632836908490333,27.812997969617932,-2.0146776269310447,0.7433880163272003,0.029667918089579793
1.9815624776062135,-52.64246904307032,0.8632836908490333,27.812997969617932,-2.0146776269310447,0.7433880163272003,0.029667918089579793
2.102821836994735,-56.736542929711746,0.8899835265225784,29.496867908141375,-2.113786941619426,0.8111213472827661,0.03354440355136801
2.102821836994735,-56.736542929711746,0.8899835265225784,29.496867908141375,-2.113786941619426,0.8111213472827661,0.03354440355136801
2.102821836994735,-56.736542929711746,0.8899835265225784,29.496867908141375,-2.113786941619426,0.8111213472827661,0.03354440355136801
2.102821836994735,-56.736542929711746,0.8899835265225784,29.496867908141375,-2.113786941619426,0.8111213472827661,0.03354440355136801
2.102821836994735,-56.736542929711746,0.8899835265225784,29.496867908141375,-2.113786941619426,0.8111213472827661,0.03354440355136801
2.102821836994735,-56.736542929711746,0.8899835265225784,29.496867908141375,-2.113786941619426,0.8111213472827661,0.03354440355136801
2.102821836994735,-56.736542929711746,0.8899835265225784,29.496867908141375,-2.113786941619426,0.8111213472827661,0.03354440355136801
2.102821836994735,-56.736542929711746,0.8899835265225784,29.496867908141375,-2.113786941619426,0.8111213472827661,0.03354440355136801
2.102821836994735,-56.736542929711746,0.8899835265225784,29.496867908141375,-2.113786941619426,0.8111213472827661,0.03354440355136801
2.102821836994735,-56.736542929711746,0.8899835265225784,29.496867908141375,-2.113786941619426,0.8111213472827661,0.03354440355136801
2.051892340516713,-58.80118473271136,0.8162456763731483,30.233613370730257,-2.1438765986030015,0.8422395043289035,0.03561521430644653
2.051892340516713,-58.80118473271136,0.8162456763731483,30.233613370730257,-2.1438765986030015,0.8422395043289035,0.03561521430644653
2.051892340516713,-58.80118473271136,0.8162456763731483,30.233613370730257,-2.1438765986030015,0.8422395043289035,0.03561521430644653
2.051892340516713,-58.80118473271136,0.8162456763731483,30.233613370730257,-2.1438765986030015,0.8422395043289035,0.03561521430644653
2.051892340516713,-58.80118473271136,0.8162456763731483,30.233613370730257,-2.1438765986030015,0.8422395043289035,0.03561521430644653
2.051892340516713,-58.80118473271136,0.8162456763731483,30.233613370730257,-2.1438765986030015,0.8422395043289035,0.03561521430644653
2.051892340516713,-58.80118473271136,0.8162456763731483,30.233613370730257,-2.1438765986030015,0.8422395043289035,0.03561521430644653
2.051892340516713,-58.80118473271136,0.8162456763731483,30.233613370730257,-2.1438765986030015,0.8422395043289035,0.03561521430644653
2.051892340516713,-58.80118473271136,0.8162456763731483,30.233613370730257,-2.1438765986030015,0.8422395043289035,0.03561521430644653
2.051892340516713,-58.80118473271136,0.8162456763731483,30.233613370730257,-2.1438765986030015,0.8422395043289035,0.03561521430644653
1.8753314345873053,-59.12066836066509,0.6744082112272222,30.15841341184321,-2.1163186767709594,0.8430007663583703,0.0361612136746809
1.8753314345873053,-59.12066836066509,0.6744082112272222,30.15841341184321,-2.1163186767709594,0.8430007663583703,0.0361612136746809
1.87533143-1.444359457532944,-47.234471894199,-1.841193553529783,20.097945871184674,-1.221176946537588,0.9286014995577955,-0.0632938821.8753314345873053,-59.12066836066509,0.6744082112272222,30.15841341184321,-2.1163186767709594,0.8430007663583703,0.0361612136746809
1.8753314345873053,-59.12066836066509,0.6744082112272222,30.15841341184321,-2.1163186767709594,0.8430007663583703,0.0361612136746809
1.8753314345873053,-59.12066836066509,0.6744082112272222,30.15841341184321,-2.1163186767709594,0.8430007663583703,0.0361612136746809
1.8753314345873053,-59.12066836066509,0.6744082112272222,30.15841341184321,-2.1163186767709594,0.8430007663583703,0.0361612136746809
1.8753314345873053,-59.12066836066509,0.6744082112272222,30.15841341184321,-2.1163186767709594,0.8430007663583703,0.0361612136746809
1.8753314345873053,-59.12066836066509,0.6744082112272222,30.15841341184321,-2.1163186767709594,0.8430007663583703,0.0361612136746809
1.8753314345873053,-59.12066836066509,0.6744082112272222,30.15841341184321,-2.1163186767709594,0.8430007663583703,0.0361612136746809
1.6157680304235698,-58.0161370529782,0.49252469641864166,29.425845069784373,-2.0435169952759082,0.8198150140830599,0.03548190144548936
1.6157680304235698,-58.0161370529782,0.49252469641864166,29.425845069784373,-2.0435169952759082,0.8198150140830599,0.03548190144548936
1.6157680304235698,-58.0161370529782,0.49252469641864166,29.425845069784373,-2.0435169952759082,0.8198150140830599,0.03548190144548936
1.6157680304235698,-58.0161370529782,0.49252469641864166,29.425845069784373,-2.0435169952759082,0.8198150140830599,0.03548190144548936
1.6157680304235698,-58.0161370529782,0.49252469641864166,29.425845069784373,-2.0435169952759082,0.8198150140830599,0.03548190144548936
1.6157680304235698,-58.0161370529782,0.49252469641864166,29.425845069784373,-2.0435169952759082,0.8198150140830599,0.03548190144548936
1.6157680304235698,-58.0161370529782,0.49252469641864166,29.425845069784373,-2.0435169952759082,0.8198150140830599,0.03548190144548936
1.6157680304235698,-58.0161370529782,0.49252469641864166,29.425845069784373,-2.0435169952759082,0.8198150140830599,0.03548190144548936
1.6157680304235698,-58.0161370529782,0.49252469641864166,29.425845069784373,-2.0435169952759082,0.8198150140830599,0.03548190144548936
1.6157680304235698,-58.0161370529782,0.49252469641864166,29.425845069784373,-2.0435169952759082,0.8198150140830599,0.03548190144548936
1.3104394829480595,-55.82195147694394,0.29368500882504095,28.197804229403893,-1.9380214713082777,0.7787697475026046,0.033880478744670345
1.3104394829480595,-55.82195147694394,0.29368500882504095,28.197804229403893,-1.9380214713082777,0.7787697475026046,0.033880478744670345
1.3104394829480595,-55.82195147694394,0.29368500882504095,28.197804229403893,-1.9380214713082777,0.7787697475026046,0.033880478744670345
1.3104394829480595,-55.82195147694394,0.29368500882504095,28.197804229403893,-1.9380214713082777,0.7787697475026046,0.033880478744670345
1.3104394829480595,-55.82195147694394,0.29368500882504095,28.197804229403893,-1.9380214713082777,0.7787697475026046,0.033880478744670345
1.3104394829480595,-55.82195147694394,0.29368500882504095,28.197804229403893,-1.9380214713082777,0.7787697475026046,0.033880478744670345
1.3104394829480595,-55.82195147694394,0.29368500882504095,28.197804229403893,-1.9380214713082777,0.7787697475026046,0.033880478744670345
1.3104394829480595,-55.82195147694394,0.29368500882504095,28.197804229403893,-1.9380214713082777,0.7787697475026046,0.033880478744670345
1.3104394829480595,-55.82195147694394,0.29368500882504095,28.197804229403893,-1.9380214713082777,0.7787697475026046,0.033880478744670345
1.3104394829480595,-55.82195147694394,0.29368500882504095,28.197804229403893,-1.9380214713082777,0.7787697475026046,0.033880478744670345
0.9903220444448676,-52.86318427647768,0.09608437813654219,26.633187814948222,-1.8118587784759401,0.7254391057931686,0.03164192804682429
0.9903220444448676,-52.86318427647768,0.09608437813654219,26.633187814948222,-1.8118587784759401,0.7254391057931686,0.03164192804682429
0.9903220444448676,-52.86318427647768,0.09608437813654219,26.633187814948222,-1.8118587784759401,0.7254391057931686,0.03164192804682429
0.9903220444448676,-52.86318427647768,0.09608437813654219,26.633187814948222,-1.8118587784759401,0.7254391057931686,0.03164192804682429
0.9903220444448676,-52.86318427647768,0.09608437813654219,26.633187814948222,-1.8118587784759401,0.7254391057931686,0.03164192804682429
0.9903220444448676,-52.86318427647768,0.09608437813654219,26.633187814948222,-1.8118587784759401,0.7254391057931686,0.03164192804682429
0.9903220444448676,-52.86318427647768,0.09608437813654219,26.633187814948222,-1.8118587784759401,0.7254391057931686,0.03164192804682429
0.9903220444448676,-52.86318427647768,0.09608437813654219,26.633187814948222,-1.8118587784759401,0.7254391057931686,0.03164192804682429
0.9903220444448676,-52.86318427647768,0.09608437813654219,26.633187814948222,-1.8118587784759401,0.7254391057931686,0.03164192804682429
0.9903220444448676,-52.86318427647768,0.09608437813654219,26.633187814948222,-1.8118587784759401,0.7254391057931686,0.03164192804682429
0.6801930633753568,-49.442344580599055,-0.08662686430673966,24.880303478348726,-1.6760084693571833,0.6647767521131926,0.029024598089828504
0.6801930633753568,-49.442344580599055,-0.08662686430673966,24.880303478348726,-1.6760084693571833,0.6647767521131926,0.029024598089828504
0.6801930633753568,-49.442344580599055,-0.08662686430673966,24.880303478348726,-1.6760084693571833,0.6647767521131926,0.029024598089828504
0.6801930633753568,-49.442344580599055,-0.08662686430673966,24.880303478348726,-1.6760084693571833,0.6647767521131926,0.029024598089828504
0.6801930633753568,-49.442344580599055,-0.08662686430673966,24.880303478348726,-1.6760084693571833,0.6647767521131926,0.029024598089828504
0.6801930633753568,-49.442344580599055,-0.08662686430673966,24.880303478348726,-1.6760084693571833,0.6647767521131926,0.029024598089828504
0.6801930633753568,-49.442344580599055,-0.08662686430673966,24.880303478348726,-1.6760084693571833,0.6647767521131926,0.029024598089828504
0.6801930633753568,-49.442344580599055,-0.08662686430673966,24.880303478348726,-1.6760084693571833,0.6647767521131926,0.029024598089828504
0.6801930633753568,-49.442344580599055,-0.08662686430673966,24.880303478348726,-1.6760084693571833,0.6647767521131926,0.029024598089828504
0.6801930633753568,-49.442344580599055,-0.08662686430673966,24.880303478348726,-1.6760084693571833,0.6647767521131926,0.029024598089828504
0.398383358753739,-45.827274393620314,-0.24515056894687043,23.06936165771541,-1.5398607646378037,0.6010195285819023,0.026255178280649473
0.398383358753739,-45.827274393620314,-0.24515056894687043,23.06936165771541,-1.5398607646378037,0.6010195285819023,0.026255178280649473
0.398383358753739,-45.827274393620314,-0.24515056894687043,23.06936165771541,-1.5398607646378037,0.6010195285819023,0.026255178280649473
0.398383358753739,-45.827274393620314,-0.24515056894687043,23.06936165771541,-1.5398607646378037,0.6010195285819023,0.026255178280649473
0.398383358753739,-45.827274393620314,-0.24515056894687043,23.06936165771541,-1.5398607646378037,0.6010195285819023,0.026255178280649473
0.398383358753739,-45.827274393620314,-0.24515056894687043,23.06936165771541,-1.5398607646378037,0.6010195285819023,0.026255178280649473
0.398383358753739,-45.827274393620314,-0.24515056894687043,23.06936165771541,-1.5398607646378037,0.6010195285819023,0.026255178280649473
0.398383358753739,-45.827274393620314,-0.24515056894687043,23.06936165771541,-1.5398607646378037,0.6010195285819023,0.026255178280649473
0.398383358753739,-45.827274393620314,-0.24515056894687043,23.06936165771541,-1.5398607646378037,0.6010195285819023,0.026255178280649473
0.398383358753739,-45.827274393620314,-0.24515056894687043,23.06936165771541,-1.5398607646378037,0.6010195285819023,0.026255178280649473
0.15719058813978615,-42.24413977853422,-0.3739565833252815,21.308813266131317,-1.4109889844088481,0.5377331907162917,0.023520806665127143
0.15719058813978615,-4-1.2038582986435475,-37.935605372157625,-1.4717003813506135,15.761985978595956,-0.9438504827762251,0.7249597112894701,-0.050894636237086135
-1.2038582986435475,-37.935605372157625,-1.4717003813506135,15.761985978595956,-0.9438504827762251,0.7249597112894701,-0.050894636237086135
-1.2038582986435475,-37.935605372157625,-1.4717003813506135,15.761985978595956,-0.9438504827762251,0.7249597112894701,-0.050894636237086135
-1.2038582986435475,-37.935605372157625,-1.4717003813506135,15.761985978595956,-0.9438504827762251,0.7249597112894701,-0.050894636237086135
-1.2038582986435475,-37.935605372157625,-1.4717003813506135,15.761985978595956,-0.9438504827762251,0.7249597112894701,-0.050894636237086135
-1.2038582986435475,-37.935605372157625,-1.4717003813506135,15.761985978595956,-0.9438504827762251,0.7249597112894701,-0.050894636237086135
-1.2038582986435475,-37.935605372157625,-1.4717003813506135,15.761985978595956,-0.9438504827762251,0.7249597112894701,-0.050894636237086135
-1.2038582986435475,-37.935605372157625,-1.4717003813506135,15.761985978595956,-0.9438504827762251,0.7249597112894701,-0.050894636237086135
-1.2038582986435475,-37.935605372157625,-1.4717003813506135,15.761985978595956,-0.9438504827762251,0.7249597112894701,-0.050894636237086135
-0.9743835872925574,-37.330638836535954,-1.3118910768541312,15.519201759584817,-0.9405119673397885,0.7084354252630108,-0.050518198957314325
-0.9743835872925574,-37.330638836535954,-1.3118910768541312,15.519201759584817,-0.9405119673397885,0.7084354252630108,-0.050518198957314325
-0.9743835872925574,-37.330638836535954,-1.3118910768541312,15.519201759584817,-0.9405119673397885,0.7084354252630108,-0.050518198957314325
-0.9743835872925574,-37.330638836535954,-1.3118910768541312,15.519201759584817,-0.9405119673397885,0.7084354252630108,-0.050518198957314325
-0.9743835872925574,-37.330638836535954,-1.3118910768541312,15.519201759584817,-0.9405119673397885,0.7084354252630108,-0.050518198957314325
-0.9743835872925574,-37.330638836535954,-1.3118910768541312,15.519201759584817,-0.9405119673397885,0.7084354252630108,-0.050518198957314325
-0.9743835872925574,-37.330638836535954,-1.3118910768541312,15.519201759584817,-0.9405119673397885,0.7084354252630108,-0.050518198957314325
-0.9743835872925574,-37.330638836535954,-1.3118910768541312,15.519201759584817,-0.9405119673397885,0.7084354252630108,-0.050518198957314325
-0.9743835872925574,-37.330638836535954,-1.3118910768541312,15.519201759584817,-0.9405119673397885,0.7084354252630108,-0.050518198957314325
-0.9743835872925574,-37.330638836535954,-1.3118910768541312,15.519201759584817,-0.9405119673397885,0.7084354252630108,-0.050518198957314325
-0.7400157173365013,-36.98770030662486,-1.154975399329916,15.40068775441243,-0.945796443150524,0.6974897461278465,-0.05065571102971293
-0.7400157173365013,-36.98770030662486,-1.154975399329916,15.40068775441243,-0.945796443150524,0.6974897461278465,-0.05065571102971293
-0.7400157173365013,-36.98770030662486,-1.154975399329916,15.40068775441243,-0.945796443150524,0.6974897461278465,-0.05065571102971293
-0.7400157173365013,-36.98770030662486,-1.154975399329916,15.40068775441243,-0.945796443150524,0.6974897461278465,-0.05065571102971293
-0.7400157173365013,-36.98770030662486,-1.154975399329916,15.40068775441243,-0.945796443150524,0.6974897461278465,-0.05065571102971293
-0.7400157173365013,-36.98770030662486,-1.154975399329916,15.40068775441243,-0.945796443150524,0.6974897461278465,-0.05065571102971293
-0.7400157173365013,-36.98770030662486,-1.154975399329916,15.40068775441243,-0.945796443150524,0.6974897461278465,-0.05065571102971293
-0.7400157173365013,-36.98770030662486,-1.154975399329916,15.40068775441243,-0.945796443150524,0.6974897461278465,-0.05065571102971293
-0.7400157173365013,-36.98770030662486,-1.154975399329916,15.40068775441243,-0.945796443150524,0.6974897461278465,-0.05065571102971293
-0.7400157173365013,-36.98770030662486,-1.154975399329916,15.40068775441243,-0.945796443150524,0.6974897461278465,-0.05065571102971293
-0.513805360291731,-36.87477904930697,-1.008509587313862,15.38879171009739,-0.957774973226842,0.6916449936395014,-0.05124092061788297
-0.513805360291731,-36.87477904930697,-1.008509587313862,15.38879171009739,-0.957774973226842,0.6916449936395014,-0.05124092061788297
-0.513805360291731,-36.87477904930697,-1.008509587313862,15.38879171009739,-0.957774973226842,0.6916449936395014,-0.05124092061788297
-0.513805360291731,-36.87477904930697,-1.008509587313862,15.38879171009739,-0.957774973226842,0.6916449936395014,-0.05124092061788297
-0.513805360291731,-36.87477904930697,-1.008509587313862,15.38879171009739,-0.957774973226842,0.6916449936395014,-0.05124092061788297
-0.513805360291731,-36.87477904930697,-1.008509587313862,15.38879171009739,-0.957774973226842,0.6916449936395014,-0.05124092061788297
-0.513805360291731,-36.87477904930697,-1.008509587313862,15.38879171009739,-0.957774973226842,0.6916449936395014,-0.05124092061788297
-0.513805360291731,-36.87477904930697,-1.008509587313862,15.38879171009739,-0.957774973226842,0.6916449936395014,-0.05124092061788297
-0.513805360291731,-36.87477904930697,-1.008509587313862,15.38879171009739,-0.957774973226842,0.6916449936395014,-0.05124092061788297
-0.513805360291731,-36.87477904930697,-1.008509587313862,15.38879171009739,-0.957774973226842,0.6916449936395014,-0.05124092061788297
-0.3057516311684131,-36.95389975734645,-0.8779828630016,15.463726678601313,-0.9745493328165952,0.6902445230056931,-0.052193170895824904
-0.3057516311684131,-36.95389975734645,-0.8779828630016,15.463726678601313,-0.9745493328165952,0.6902445230056931,-0.052193170895824904
-0.3057516311684131,-36.95389975734645,-0.8779828630016,15.463726678601313,-0.9745493328165952,0.6902445230056931,-0.052193170895824904
-0.3057516311684131,-36.95389975734645,-0.8779828630016,15.463726678601313,-0.9745493328165952,0.6902445230056931,-0.052193170895824904
-0.3057516311684131,-36.95389975734645,-0.8779828630016,15.463726678601313,-0.9745493328165952,0.6902445230056931,-0.052193170895824904
-0.3057516311684131,-36.95389975734645,-0.8779828630016,15.463726678601313,-0.9745493328165952,0.6902445230056931,-0.052193170895824904
-0.3057516311684131,-36.95389975734645,-0.8779828630016,15.463726678601313,-0.9745493328165952,0.6902445230056931,-0.052193170895824904
-0.3057516311684131,-36.95389975734645,-0.8779828630016,15.463726678601313,-0.9745493328165952,0.6902445230056931,-0.052193170895824904
-0.3057516311684131,-36.95389975734645,-0.8779828630016,15.463726678601313,-0.9745493328165952,0.6902445230056931,-0.052193170895824904
-0.3057516311684131,-36.95389975734645,-0.8779828630016,15.463726678601313,-0.9745493328165952,0.6902445230056931,-0.052193170895824904
-0.12306132193834551,-37.18444197243089,-0.7670579463707914,15.60495167751208,-0.9943303850279174,0.6925194110254967,-0.0534227839484775
-0.12306132193834551,-37.18444197243089,-0.7670579463707914,15.60495167751208,-0.9943303850279174,0.6925194110254967,-0.0534227839484775
-0.12306132193834551,-37.18444197243089,-0.7670579463707914,15.60495167751208,-0.9943303850279174,0.6925194110254967,-0.0534227839484775
-0.12306132193834551,-37.18444197243089,-0.7670579463707914,15.60495167751208,-0.9943303850279174,0.6925194110254967,-0.0534227839484775
-0.12306132193834551,-37.18444197243089,-0.7670579463707914,15.60495167751208,-0.9943303850279174,0.6925194110254967,-0.0534227839484775
-0.12306132193834551,-37.18444197243089,-0.7670579463707914,15.60495167751208,-0.9943303850279174,0.6925194110254967,-0.0534227839484775
-0.12306132193834551,-37.18444197243089,-0.7670579463707914,15.60495167751208,-0.9943303850279174,0.6925194110254967,-0.0534227839484775
-0.12306132193834551,-37.18444197243089,-0.7670579463707914,15.60495167751208,-0.9943303850279174,0.6925194110254967,-0.0534227839484775
-0.12306132193834551,-37.18444197243089,-0.7670579463707914,15.60495167751208,-0.9943303850279174,0.6925194110254967,-0.0534227839484775
-0.12306132193834551,-37.18444197243089,-0.7670579463707914,15.60495167751208,-0.9943303850279174,0.6925194110254967,-0.0534227839484775
0.029842959200452324,-37.52548506520361,-0.6776211931279265,15.792447855179244,-1.0155237630649956,0.6976507109905804,-0.05484027642281944
0.029842959200452324,-37.52548506520361,-0.6776211931279265,15.792447855179244,-1.0155237630649956,0.6976507109905804,-0.05484027642281944
0.029842959200452324,-37.52548506520361,-0.6776211931279265,15.792447855179244,-1.0155237630649956,0.6976507109905804,-0.05484027642281944
0.029842959200452324,-37.52548506520361,-0.6776211931279265,15.792447855179244,-1.0155237630649956,0.6976507109905804,-0.05484027642281944
0.029842959200452324,-37.52548506520361,-0.6776211931279265,15.792447855179244,-1.0155237630649956,0.6976507109905804,-0.05484027642281944
0.029842959200452324,-37.52548506520361,-0.6776211931279265,15.792447855179244,-1.0155237630649956,0.6976507109905804,-0.05484027642281944
0.029842959200452324,-37.52548506520361,-0.6776211931279265,15.792447855179244,-1.0155237630649956,0.6976507109905804,-0.05484027642281944
0.029842959200452324,-37.52548506520361,-0.6776211931279265,15.792447855179244,-1.0155237630649956,0.6976507109905804,-0.05484027642281944
0.029842959200452324,-37.52548506520361,-0.6776211931279265,15.792447855179244,-1.0155237630649956,0.6976507109905804,-0.05484027642281944
0.029842959200452324,-37.52548506520361,-0.6776211931279265,15.792447855179244,-1.0155237630649956,0.6976507109905804,-0.05484027642281944
0.15090966931670102,-37.93804671707911,-0.6100935401797531,16.00755644945779,-1.0367642104846406,0.7048179610392207,-0.05635949058557854
0.15090966931670102,-37.93804671707911,-0.6100935401797531,16.00755644945779,-1.0367642104846406,0.7048179610392207,-0.05635949058557854
0.15090966931670102,-37.93804671707911,-0.6100935401797531,16.00755644945779,-1.0367642104846406,0.7048179610392207,-0.05635949058557854
0.15090966931670102,-37.93804671707911,-0.6100935401797531,16.00755644945779,-1.0367642104846406,0.7048179610392207,-0.05635949058557854
0.15090966931670102,-37.93804671707911,-0.6100935401797531,16.00755644945779,-1.0367642104846406,0.7048179610392207,-0.05635949058557854
0.15090966931670102,-37.93804671707911,-0.6100935401797531,16.00755644945779,-1.0367642104846406,0.7048179610392207,-0.05635949058557854
0.15090966931670102,-37.93804671707911,-0.6100935401797531,16.00755644945779,-1.0367642104846406,0.7048179610392207,-0.05635949058557854
0.15090966931670102,-37.93804671707911,-0.6100935401797531,16.00755644945779,-1.0367642104846406,0.7048179610392207,-0.05635949058557854
0.15090966931670102,-37.93804671707911,-0.6100935401797531,16.00755644945779,-1.0367642104846406,0.7048179610392207,-0.05635949058557854
0.15090966931670102,-37.93804671707911,-0.6100935401797531,16.00755644945779,-1.0367642104846406,0.7048179610392207,-0.05635949058557854
0.24022620783725313,-38.386958040254406,-0.5636200398246161,16.233851887149548,-1.0569551664894885,0.7132509850610942,-0.05790398567235996
0.24022620783725313,-38.386958040254406,-0.5636200398246161,16.233851887149548,-1.0569551664894885,0.7132509850610942,-0.05790398567235996
0.24022620783725313,-38.386958040254406,-0.5636200398246161,16.233851887149548,-1.0569551664894885,0.7132509850610942,-0.05790398567235996
0.24022620783725313,-38.386958040254406,-0.5636200398246161,16.233851887149548,-1.0569551664894885,0.7132509850610942,-0.05790398567235996
0.24022620783725313,-38.386958040254406,-0.5636200398246161,16.233851887149548,-1.0569551664894885,0.7132509850610942,-0.05790398567235996
0.24022620783725313,-38.386958040254406,-0.5636200398246161,16.233851887149548,-1.0569551664894885,0.7132509850610942,-0.05790398567235996
0.24022620783725313,-38.386958040254406,-0.5636200398246161,16.233851887149548,-1.0569551664894885,0.7132509850610942,-0.05790398567235996
0.24022620783725313,-38.386958040254406,-0.5636200398246161,16.233851887149548,-1.0569551664894885,0.7132509850610942,-0.05790398567235996
0.24022620783725313,-38.386958040254406,-0.5636200398246161,16.233851887149548,-1.0569551664894885,0.7132509850610942,-0.05790398567235996
0.24022620783725313,-38.386958040254406,-0.5636200398246161,16.233851887149548,-1.0569551664894885,0.7132509850610942,-0.05790398567235996
0.2994869014423335,-38.84194160008894,-0.5364283129534274,16.457468147825153,-1.0752647437853087,0.7222595644239511,-0.059407719441879114
0.2994869014423335,-38.84194160008894,-0.5364283129534274,16.457468147825153,-1.0752647437853087,0.7222595644239511,-0.059407719441879114
0.2994869014423335,-38.84194160008894,-0.5364283129534274,16.457468147825153,-1.0752647437853087,0.7222595644239511,-0.059407719441879114
0.2994869014423335,-38.84194160008894,-0.5364283129534274,16.457468147825153,-1.0752647437853087,0.7222595644239511,-0.059407719441879114
0.2994869014423335,-38.84194160008894,-0.5364283129534274,16.457468147825153,-1.0752647437853087,0.7222595644239511,-0.059407719441879114
0.2994869014423335,-38.84194160008894,-0.5364283129534274,16.457468147825153,-1.0752647437853087,0.7222595644239511,-0.059407719441879114
0.2994869014423335,-38.84194160008894,-0.5364283129534274,16.457468147825153,-1.0752647437853087,0.7222595644239511,-0.059407719441879114
0.2994869014423335,-38.84194160008894,-0.5364283129534274,16.457468147825153,-1.0752647437853087,0.7222595644239511,-0.059407719441879114
0.2994869014423335,-38.84194160008894,-0.5364283129534274,16.457468147825153,-1.0752647437853087,0.7222595644239511,-0.059407719441879114
0.2994869014423335,-38.84194160008894,-0.5364283129534274,16.457468147825153,-1.0752647437853087,0.7222595644239511,-0.059407719441879114
0.33154894770896604,-39.27796215771549,-0.5261205243084808,16.667212660243823,-1.0911083581176426,0.731251794322973,-0.06081588159739963
0.33154894770896604,-39.27796215771549,-0.5261205243084808,16.667212660243823,-1.0911083581176426,0.731251794322973,-0.06081588159739963
0.33154894770896604,-39.27796215771549,-0.5261205243084808,16.667212660243823,-1.0911083581176426,0.731251794322973,-0.06081588159739963
0.33154894770896604,-39.27796215771549,-0.5261205243084808,16.667212660243823,-1.0911083581176426,0.731251794322973,-0.06081588159739963
0.33154894770896604,-39.27796215771549,-0.5261205243084808,16.667212660243823,-1.0911083581176426,0.731251794322973,-0.06081588159739963
0.33154894770896604,-39.27796215771549,-0.5261205243084808,16.667212660243823,-1.0911083581176426,0.731251794322973,-0.06081588159739963
0.33154894770896604,-39.27796215771549,-0.5261205243084808,16.667212660243823,-1.0911083581176426,0.731251794322973,-0.06081588159739963
0.33154894770896604,-39.27796215771549,-0.5261205243084808,16.667212660243823,-1.0911083581176426,0.731251794322973,-0.06081588159739963
0.33154894770896604,-39.27796215771549,-0.5261205243084808,16.667212660243823,-1.0911083581176426,0.731251794322973,-0.06081588159739963
0.33154894770896604,-39.27796215771549,-0.5261205243084808,16.667212660243823,-1.0911083581176426,0.731251794322973,-0.06081588159739963
0.3401394001296918,-39.67583584258116,-0.5298804581932703,16.85479472474621,-1.104140460392392,0.7397533454804992,-0.06208814281776322
0.3401394001296918,-39.67583584258116,-0.5298804581932703,16.85479472474621,-1.104140460392392,0.7397533454804992,-0.06208814281776322
0.3401394001296918,-39.67583584258116,-0.5298804581932703,16.85479472474621,-1.104140460392392,0.7397533454804992,-0.06208814281776322
0.3401394001296918,-39.67583584258116,-0.5298804581932703,16.85479472474621,-1.104140460392392,0.7397533454804992,-0.06208814281776322
0.3401394001296918,-39.67583584258116,-0.5298804581932703,16.85479472474621,-1.104140460392392,0.7397533454804992,-0.06208814281776322
0.3401394001296918,-39.67583584258116,-0.5298804581932703,16.85479472474621,-1.104140460392392,0.7397533454804992,-0.06208814281776322
0.3401394001296918,-39.67583584258116,-0.5298804581932703,16.85479472474621,-1.104140460392392,0.7397533454804992,-0.06208814281776322
0.3401394001296918,-39.67583584258116,-0.5298804581932703,16.85479472474621,-1.104140460392392,0.7397533454804992,-0.06208814281776322
0.3401394001296918,-39.67583584258116,-0.5298804581932703,16.85479472474621,-1.104140460392392,0.7397533454804992,-0.06208814281776322
0.3401394001296918,-39.67583584258116,-0.5298804581932703,16.85479472474621,-1.104140460392392,0.7397533454804992,-0.06208814281776322
0.3294592878491402,-40.02203521755692,-0.5447166594234959,17.014654371525477,-1.1142257440143353,0.7474080126030084,-0.06319693318244923
0.3294592878491402,-40.02203521755692,-0.5447166594234959,17.014654371525477,-1.1142257440143353,0.7474080126030084,-0.06319693318244923
0.3294592878491402,-40.02203521755692,-0.5447166594234959,17.014654371525477,-1.1142257440143353,0.7474080126030084,-0.06319693318244923
0.3294592878491402,-40.02203521755692,-0.5447166594234959,17.014654371525477,-1.1142257440143353,0.7474080126030084,-0.06319693318244923
0.3294592878491402,-40.02203521755692,-0.5447166594234959,17.014654371525477,-1.1142257440143353,0.7474080126030084,-0.06319693318244923
0.3294592878491402,-40.02203521755692,-0.5447166594234959,17.014654371525477,-1.1142257440143353,0.7474080126030084,-0.06319693318244923
0.3294592878491402,-40.02203521755692,-0.5447166594234959,17.014654371525477,-1.1142257440143353,0.7474080126030084,-0.06319693318244923
0.3294592878491402,-40.02203521755692,-0.5447166594234959,17.014654371525477,-1.1142257440143353,0.7474080126030084,-0.06319693318244923
0.3294592878491402,-40.02203521755692,-0.5447166594234959,17.014654371525477,-1.1142257440143353,0.7474080126030084,-0.06319693318244923
0.3294592878491402,-40.02203521755692,-0.5447166594234959,17.014654371525477,-1.1142257440143353,0.7474080126030084,-0.06319693318244923
0.30387366468910637,-40.308318415189895,-0.5676558251995996,17.143732836408677,-1.1214058920167207,0.7539738622460266,-0.06412684602644911
0.30387366468910637,-40.308318415189895,-0.5676558251995996,17.143732836408677,-1.1214058920167207,0.7539738622460266,-0.06412684602644911
0.30387366468910637,-40.308318415189895,-0.5676558251995996,17.143732836408677,-1.1214058920167207,0.7539738622460266,-0.06412684602644911
0.30387366468910637,-40.308318415189895,-0.5676558251995996,17.143732836408677,-1.1214058920167207,0.7539738622460266,-0.06412684602644911
0.30387366468910637,-40.308318415189895,-0.5676558251995996,17.143732836408677,-1.1214058920167207,0.7539738622460266,-0.06412684602644911
0.30387366468910637,-40.308318415189895,-0.5676558251995996,17.143732836408677,-1.1214058920167207,0.7539738622460266,-0.06412684602644911
0.30387366468910637,-40.308318415189895,-0.5676558251995996,17.143732836408677,-1.1214058920167207,0.7539738622460266,-0.06412684602644911
0.30387366468910637,-40.308318415189895,-0.5676558251995996,17.143732836408677,-1.1214058920167207,0.7539738622460266,-0.06412684602644911
0.30387366468910637,-40.308318415189895,-0.5676558251995996,17.143732836408677,-1.1214058920167207,0.7539738622460266,-0.06412684602644911
0.30387366468910637,-40.308318415189895,-0.5676558251995996,17.143732836408677,-1.1214058920167207,0.7539738622460266,-0.06412684602644911
0.2676530703348047,-40.53115168856088,-0.5958939342076136,17.241157261991717,-1.1258637897527126,0.759313868043151,-0.06487333213472588
0.2676530703348047,-40.53115168856088,-0.5958939342076136,17.241157261991717,-1.1258637897527126,0.759313868043151,-0.06487333213472588
0.2676530703348047,-40.53115168856088,-0.5958939342076136,17.241157261991717,-1.1258637897527126,0.759313868043151,-0.06487333213472588
0.2676530703348047,-40.53115168856088,-0.5958939342076136,17.241157261991717,-1.1258637897527126,0.759313868043151,-0.06487333213472588
0.2676530703348047,-40.53115168856088,-0.5958939342076136,17.241157261991717,-1.1258637897527126,0.759313868043151,-0.06487333213472588
0.2676530703348047,-40.53115168856088,-0.5958939342076136,17.241157261991717,-1.1258637897527126,0.759313868043151,-0.06487333213472588
0.2676530703348047,-40.53115168856088,-0.5958939342076136,17.241157261991717,-1.1258637897527126,0.759313868043151,-0.06487333213472588
0.2676530703348047,-40.53115168856088,-0.5958939342076136,17.241157261991717,-1.1258637897527126,0.759313868043151,-0.06487333213472588
0.2676530703348047,-40.53115168856088,-0.5958939342076136,17.241157261991717,-1.1258637897527126,0.759313868043151,-0.06487333213472588
0.2676530703348047,-40.53115168856088,-0.5958939342076136,17.241157261991717,-1.1258637897527126,0.759313868043151,-0.06487333213472588
0.22477186971115545,-40.69099522166285,-0.6269091670011508,17.307871684224633,-1.1278874204903708,0.7633826357899846,-0.06544104267254723
0.22477186971115545,-40.69099522166285,-0.6269091670011508,17.307871684224633,-1.1278874204903708,0.7633826357899846,-0.06544104267254723
0.22477186971115545,-40.69099522166285,-0.6269091670011508,17.307871684224633,-1.1278874204903708,0.7633826357899846,-0.06544104267254723
0.22477186971115545,-40.69099522166285,-0.6269091670011508,17.307871684224633,-1.1278874204903708,0.7633826357899846,-0.06544104267254723
0.22477186971115545,-40.69099522166285,-0.6269091670011508,17.307871684224633,-1.1278874204903708,0.7633826357899846,-0.06544104267254723
0.22477186971115545,-40.69099522166285,-0.6269091670011508,17.307871684224633,-1.1278874204903708,0.7633826357899846,-0.06544104267254723
0.22477186971115545,-40.69099522166285,-0.6269091670011508,17.307871684224633,-1.1278874204903708,0.7633826357899846,-0.06544104267254723
0.22477186971115545,-40.69099522166285,-0.6269091670011508,17.307871684224633,-1.1278874204903708,0.7633826357899846,-0.06544104267254723
0.22477186971115545,-40.69099522166285,-0.6269091670011508,17.307871684224633,-1.1278874204903708,0.7633826357899846,-0.06544104267254723
0.22477186971115545,-40.69099522166285,-0.6269091670011508,17.307871684224633,-1.1278874204903708,0.7633826357899846,-0.06544104267254723
0.17876172046548536,-40.791516007115725,-0.6585370149727997,17.346243291587214,-1.127835263232233,0.7662108271784592,-0.06584199100860609
0.17876172046548536,-40.791516007115725,-0.6585370149727997,17.346243291587214,-1.127835263232233,0.7662108271784592,-0.06584199100860609
0.17876172046548536,-40.791516007115725,-0.6585370149727997,17.346243291587214,-1.127835263232233,0.7662108271784592,-0.06584199100860609
0.17876172046548536,-40.791516007115725,-0.6585370149727997,17.346243291587214,-1.127835263232233,0.7662108271784592,-0.06584199100860609
0.17876172046548536,-40.791516007115725,-0.6585370149727997,17.346243291587214,-1.127835263232233,0.7662108271784592,-0.06584199100860609
0.17876172046548536,-40.791516007115725,-0.6585370149727997,17.346243291587214,-1.127835263232233,0.7662108271784592,-0.06584199100860609
0.17876172046548536,-40.791516007115725,-0.6585370149727997,17.346243291587214,-1.127835263232233,0.7662108271784592,-0.06584199100860609
0.17876172046548536,-40.791516007115725,-0.6585370149727997,17.346243291587214,-1.127835263232233,0.7662108271784592,-0.06584199100860609
0.17876172046548536,-40.791516007115725,-0.6585370149727997,17.346243291587214,-1.127835263232233,0.7662108271784592,-0.06584199100860609
0.17876172046548536,-40.791516007115725,-0.6585370149727997,17.346243291587214,-1.127835263232233,0.7662108271784592,-0.06584199100860609
0.13262954453923012,-40.838751810961114,-0.6890030147542701,17.359664929107623,-1.1261053767089664,0.767888093433321,-0.06609336554076745
0.13262954453923012,-40.838751810961114,-0.6890030147542701,17.359664929107623,-1.1261053767089664,0.767888093433321,-0.06609336554076745
0.13262954453923012,-40.838751810961114,-0.6890030147542701,17.359664929107623,-1.1261053767089664,0.767888093433321,-0.06609336554076745
0.13262954453923012,-40.838751810961114,-0.6890030147542701,17.359664929107623,-1.1261053767089664,0.767888093433321,-0.06609336554076745
0.13262954453923012,-40.838751810961114,-0.6890030147542701,17.359664929107623,-1.1261053767089664,0.767888093433321,-0.06609336554076745
0.13262954453923012,-40.838751810961114,-0.6890030147542701,17.359664929107623,-1.1261053767089664,0.767888093433321,-0.06609336554076745
0.13262954453923012,-40.838751810961114,-0.6890030147542701,17.359664929107623,-1.1261053767089664,0.767888093433321,-0.06609336554076745
0.13262954453923012,-40.838751810961114,-0.6890030147542701,17.359664929107623,-1.1261053767089664,0.76780.07807149979430411,-32.96115523330.13262954453923012,-40.838751810961114,-0.6890030147542701,17.359664929107623,-1.1261053767089664,0.767888093433321,-0.06609336554076745
0.13262954453923012,-40.838751810961114,-0.6890030147542701,17.359664929107623,-1.1261053767089664,0.767888093433321,-0.06609336554076745
0.08877160432309872,-40.84044970996286,-0.7169623813298116,17.352194255400338,-1.123105118306693,0.7685481060309198,-0.06621690366008824
0.08877160432309872,-40.84044970996286,-0.7169623813298116,17.352194255400338,-1.123105118306693,0.7685481060309198,-0.06621690366008824
0.08877160432309872,-40.84044970996286,-0.7169623813298116,17.352194255400338,-1.123105118306693,0.7685481060309198,-0.06621690366008824
0.08877160432309872,-40.84044970996286,-0.7169623813298116,17.352194255400338,-1.123105118306693,0.7685481060309198,-0.06621690366008824
0.08877160432309872,-40.84044970996286,-0.7169623813298116,17.352194255400338,-1.123105118306693,0.7685481060309198,-0.06621690366008824
0.08877160432309872,-40.84044970996286,-0.7169623813298116,17.352194255400338,-1.123105118306693,0.7685481060309198,-0.06621690366008824
0.08877160432309872,-40.84044970996286,-0.7169623813298116,17.352194255400338,-1.123105118306693,0.7685481060309198,-0.06621690366008824
0.08877160432309872,-40.84044970996286,-0.7169623813298116,17.352194255400338,-1.123105118306693,0.7685481060309198,-0.06621690366008824
0.08877160432309872,-40.84044970996286,-0.7169623813298116,17.352194255400338,-1.123105118306693,0.7685481060309198,-0.06621690366008824
0.08877160432309872,-40.84044970996286,-0.7169623813298116,17.352194255400338,-1.123105118306693,0.7685481060309198,-0.06621690366008824
0.04900175160484693,-40.80521107788087,-0.7414602910583867,17.328208877307063,-1.1192310607307145,0.7683524091960214,-0.06623540350180096
0.04900175160484693,-40.80521107788087,-0.7414602910583867,17.328208877307063,-1.1192310607307145,0.7683524091960214,-0.06623540350180096
0.04900175160484693,-40.80521107788087,-0.7414602910583867,17.328208877307063,-1.1192310607307145,0.7683524091960214,-0.06623540350180096
0.04900175160484693,-40.80521107788087,-0.7414602910583867,17.328208877307063,-1.1192310607307145,0.7683524091960214,-0.06623540350180096
0.04900175160484693,-40.80521107788087,-0.7414602910583867,17.328208877307063,-1.1192310607307145,0.7683524091960214,-0.06623540350180096
0.04900175160484693,-40.80521107788087,-0.7414602910583867,17.328208877307063,-1.1192310607307145,0.7683524091960214,-0.06623540350180096
0.04900175160484693,-40.80521107788087,-0.7414602910583867,17.328208877307063,-1.1192310607307145,0.7683524091960214,-0.06623540350180096
0.04900175160484693,-40.80521107788087,-0.7414602910583867,17.328208877307063,-1.1192310607307145,0.7683524091960214,-0.06623540350180096
0.04900175160484693,-40.80521107788087,-0.7414602910583867,17.328208877307063,-1.1192310607307145,0.7683524091960214,-0.06623540350180096
0.04900175160484693,-40.80521107788087,-0.7414602910583867,17.328208877307063,-1.1192310607307145,0.7683524091960214,-0.06623540350180096
0.014564841496850695,-40.741927043862816,-0.7619119808643534,17.292113434302802,-1.1148496100450922,0.7674758266279511,-0.06617238698232958
0.014564841496850695,-40.741927043862816,-0.7619119808643534,17.292113434302802,-1.1148496100450922,0.7674758266279511,-0.06617238698232958
0.014564841496850695,-40.741927043862816,-0.7619119808643534,17.292113434302802,-1.1148496100450922,0.7674758266279511,-0.06617238698232958
0.014564841496850695,-40.741927043862816,-0.7619119808643534,17.292113434302802,-1.1148496100450922,0.7674758266279511,-0.06617238698232958
0.014564841496850695,-40.741927043862816,-0.7619119808643534,17.292113434302802,-1.1148496100450922,0.7674758266279511,-0.06617238698232958
0.014564841496850695,-40.741927043862816,-0.7619119808643534,17.292113434302802,-1.1148496100450922,0.7674758266279511,-0.06617238698232958
0.014564841496850695,-40.741927043862816,-0.7619119808643534,17.292113434302802,-1.1148496100450922,0.7674758266279511,-0.06617238698232958
0.014564841496850695,-40.741927043862816,-0.7619119808643534,17.292113434302802,-1.1148496100450922,0.7674758266279511,-0.06617238698232958
0.014564841496850695,-40.741927043862816,-0.7619119808643534,17.292113434302802,-1.1148496100450922,0.7674758266279511,-0.06617238698232958
0.014564841496850695,-40.741927043862816,-0.7619119808643534,17.292113434302802,-1.1148496100450922,0.7674758266279511,-0.06617238698232958
-0.013825157117882,-40.65924228719337,-0.7780641720300316,17.24809334734221,-1.110282479603638,0.7660947511713954,-0.06605073067334337
-0.013825157117882,-40.65924228719337,-0.7780641720300316,17.24809334734221,-1.110282479603638,0.7660947511713954,-0.06605073067334337
-0.013825157117882,-40.65924228719337,-0.7780641720300316,17.24809334734221,-1.110282479603638,0.7660947511713954,-0.06605073067334337
-0.013825157117882,-40.65924228719337,-0.7780641720300316,17.24809334734221,-1.110282479603638,0.7660947511713954,-0.06605073067334337
-0.013825157117882,-40.65924228719337,-0.7780641720300316,17.24809334734221,-1.110282479603638,0.7660947511713954,-0.06605073067334337
-0.013825157117882,-40.65924228719337,-0.7780641720300316,17.24809334734221,-1.110282479603638,0.7660947511713954,-0.06605073067334337
-0.013825157117882,-40.65924228719337,-0.7780641720300316,17.24809334734221,-1.110282479603638,0.7660947511713954,-0.06605073067334337
-0.013825157117882,-40.65924228719337,-0.7780641720300316,17.24809334734221,-1.110282479603638,0.7660947511713954,-0.06605073067334337
-0.013825157117882,-40.65924228719337,-0.7780641720300316,17.24809334734221,-1.110282479603638,0.7660947511713954,-0.06605073067334337
-0.013825157117882,-40.65924228719337,-0.7780641720300316,17.24809334734221,-1.110282479603638,0.7660947511713954,-0.06605073067334337
-0.03588792823479468,-40.56518497322392,-0.7899257248010169,17.199971489192848,-1.1058018440727475,0.7643788012373435,-0.06589115284364994
-0.03588792823479468,-40.56518497322392,-0.7899257248010169,17.199971489192848,-1.1058018440727475,0.7643788012373435,-0.06589115284364994
-0.03588792823479468,-40.56518497322392,-0.7899257248010169,17.199971489192848,-1.1058018440727475,0.7643788012373435,-0.06589115284364994
-0.03588792823479468,-40.56518497322392,-0.7899257248010169,17.199971489192848,-1.1058018440727475,0.7643788012373435,-0.06589115284364994
-0.03588792823479468,-40.56518497322392,-0.7899257248010169,17.199971489192848,-1.1058018440727475,0.7643788012373435,-0.06589115284364994
-0.03588792823479468,-40.56518497322392,-0.7899257248010169,17.199971489192848,-1.1058018440727475,0.7643788012373435,-0.06589115284364994
-0.03588792823479468,-40.56518497322392,-0.7899257248010169,17.199971489192848,-1.1058018440727475,0.7643788012373435,-0.06589115284364994
-0.03588792823479468,-40.56518497322392,-0.7899257248010169,17.199971489192848,-1.1058018440727475,0.7643788012373435,-0.06589115284364994
-0.03588792823479468,-40.56518497322392,-0.7899257248010169,17.199971489192848,-1.1058018440727475,0.7643788012373435,-0.06589115284364994
-0.03588792823479468,-40.56518497322392,-0.7899257248010169,17.199971489192848,-1.1058018440727475,0.7643788012373435,-0.06589115284364994
-0.051734253753115314,-40.46684250223027,-0.7977316976214289,17.151045088923624,-1.1016228936638146,0.762482054077147,-0.06571238712123614
-0.051734253753115314,-40.46684250223027,-0.7977316976214289,17.151045088923624,-1.1016228936638146,0.762482054077147,-0.06571238712123614
-0.051734253753115314,-40.46684250223027,-0.7977316976214289,17.151045088923624,-1.1016228936638146,0.762482054077147,-0.06571238712123614
-0.051734253753115314,-40.46684250223027,-0.7977316976214289,17.151045088923624,-1.1016228936638146,0.762482054077147,-0.06571238712123614
-0.051734253753115314,-40.46684250223027,-0.7977316976214289,17.151045088923624,-1.1016228936638146,0.762482054077147,-0.06571238712123614
-0.051734253753115314,-40.46684250223027,-0.7977316976214289,17.151045088923624,-1.1016228936638146,0.762482054077147,-0.06571238712123614
-0.051734253753115314,-40.46684250223027,-0.7977316976214289,17.151045088923624,-1.1016228936638146,0.762482054077147,-0.06571238712123614
-0.051734253753115314,-40.46684250223027,-0.7977316976214289,17.151045088923624,-1.1016228936638146,0.762482054077147,-0.06571238712123614
-0.051734253753115314,-40.46684250223027,-0.7977316976214289,17.151045088923624,-1.1016228936638146,0.762482054077147,-0.06571238712123614
-0.051734253753115314,-40.46684250223027,-0.7977316976214289,17.151045088923624,-1.1016228936638146,0.762482054077147,-0.06571238712123614
-0.06177378791825189,-40.37017274247983,-0.8018811405622409,17.104025080392447,-1.0979041413313375,0.7605386971469815,-0.06553010587886902
-0.06177378791825189,-40.37017274247983,-0.8018811405622409,17.104025080392447,-1.0979041413313375,0.7605386971469815,-0.06553010587886902
-0.06177378791825189,-40.37017274247983,-0.8018811405622409,17.104025080392447,-1.0979041413313375,0.7605386971469815,-0.06553010587886902
-0.06177378791825189,-40.37017274247983,-0.8018811405622409,17.104025080392447,-1.0979041413313375,0.7605386971469815,-0.06553010587886902
-0.06177378791825189,-40.37017274247983,-0.8018811405622409,17.104025080392447,-1.0979041413313375,0.7605386971469815,-0.06553010587886902
-0.06177378791825189,-40.37017274247983,-0.8018811405622409,17.104025080392447,-1.0979041413313375,0.7605386971469815,-0.06553010587886902
-0.06177378791825189,-40.37017274247983,-0.8018811405622409,17.104025080392447,-1.0979041413313375,0.7605386971469815,-0.06553010587886902
-0.06177378791825189,-40.37017274247983,-0.8018811405622409,17.104025080392447,-1.0979041413313375,0.7605386971469815,-0.06553010587886902
-0.06177378791825189,-40.37017274247983,-0.8018811405622409,17.104025080392447,-1.0979041413313375,0.7605386971469815,-0.06553010587886902
-0.06177378791825189,-40.37017274247983,-0.8018811405622409,17.104025080392447,-1.0979041413313375,0.7605386971469815,-0.06553010587886902
-0.06663507647674338,-40.27990880495889,-0.8028837388083847,17.061005651407825,-1.094750109154662,0.7586597029540688,-0.06535684198858897
-0.06663507647674338,-40.27990880495889,-0.8028837388083847,17.061005651407825,-1.094750109154662,0.7586597029540688,-0.06535684198858897
-0.06663507647674338,-40.27990880495889,-0.8028837388083847,17.061005651407825,-1.094750109154662,0.7586597029540688,-0.06535684198858897
-0.06663507647674338,-40.27990880495889,-0.8028837388083847,17.061005651407825,-1.094750109154662,0.7586597029540688,-0.06535684198858897
-0.06663507647674338,-40.27990880495889,-0.8028837388083847,17.061005651407825,-1.094750109154662,0.7586597029540688,-0.06535684198858897
-0.06663507647674338,-40.27990880495889,-0.8028837388083847,17.061005651407825,-1.094750109154662,0.7586597029540688,-0.06535684198858897
-0.06663507647674338,-40.27990880495889,-0.8028837388083847,17.061005651407825,-1.094750109154662,0.7586597029540688,-0.06535684198858897
-0.06663507647674338,-40.27990880495889,-0.8028837388083847,17.061005651407825,-1.094750109154662,0.7586597029540688,-0.06535684198858897
-0.06663507647674338,-40.27990880495889,-0.8028837388083847,17.061005651407825,-1.094750109154662,0.7586597029540688,-0.06535684198858897
-0.06663507647674338,-40.27990880495889,-0.8028837388083847,17.061005651407825,-1.094750109154662,0.7586597029540688,-0.06535684198858897
-0.0670899123446072,-40.199545735967845,-0.801311537068419,17.02347217115628,-1.0922162226475178,0.7569314317343632,-0.06520198349649958
-0.0670899123446072,-40.199545735967845,-0.801311537068419,17.02347217115628,-1.0922162226475178,0.7569314317343632,-0.06520198349649958
-0.0670899123446072,-40.199545735967845,-0.801311537068419,17.02347217115628,-1.0922162226475178,0.7569314317343632,-0.06520198349649958
-0.0670899123446072,-40.199545735967845,-0.801311537068419,17.02347217115628,-1.0922162226475178,0.7569314317343632,-0.06520198349649958
-0.0670899123446072,-40.199545735967845,-0.801311537068419,17.02347217115628,-1.0922162226475178,0.7569314317343632,-0.06520198349649958
-0.0670899123446072,-40.199545735967845,-0.801311537068419,17.02347217115628,-1.0922162226475178,0.7569314317343632,-0.06520198349649958
-0.0670899123446072,-40.199545735967845,-0.801311537068419,17.02347217115628,-1.0922162226475178,0.7569314317343632,-0.06520198349649958
-0.0670899123446072,-40.199545735967845,-0.801311537068419,17.02347217115628,-1.0922162226475178,0.7569314317343632,-0.06520198349649958
-0.0670899123446072,-40.199545735967845,-0.801311537068419,17.02347217115628,-1.0922162226475178,0.7569314317343632,-0.06520198349649958
-0.0670899123446072,-40.199545735967845,-0.801311537068419,17.02347217115628,-1.0922162226475178,0.7569314317343632,-0.06520198349649958
-0.0639852717021149,-40.131394283132735,-0.7977569091116634,16.99233963708636,-1.0903152901748348,0.7554158139985768,-0.06507191853121566
-0.0639852717021149,-40.131394283132735,-0.7977569091116634,16.99233963708636,-1.0903152901748348,0.7554158139985768,-0.06507191853121566
-0.0639852717021149,-40.131394283132735,-0.7977569091116634,16.99233963708636,-1.0903152901748348,0.7554158139985768,-0.06507191853121566
-0.0639852717021149,-40.131394283132735,-0.7977569091116634,16.99233963708636,-1.0903152901748348,0.7554158139985768,-0.06507191853121566
-0.0639852717021149,-40.131394283132735,-0.7977569091116634,16.99233963708636,-1.0903152901748348,0.7554158139985768,-0.06507191853121566
-0.0639852717021149,-40.131394283132735,-0.7977569091116634,16.99233963708636,-1.0903152901748348,0.7554158139985768,-0.06507191853121566
-0.0639852717021149,-40.131394283132735,-0.7977569091116634,16.99233963708636,-1.0903152901748348,0.7554158139985768,-0.06507191853121566
-0.0639852717021149,-40.131394283132735,-0.7977569091116634,16.99233963708636,-1.0903152901748348,0.7554158139985768,-0.06507191853121566
-0.0639852717021149,-40.131394283132735,-0.7977569091116634,16.99233963708636,-1.0903152901748348,0.7554158139985768,-0.06507191853121566
-0.0639852717021149,-40.131394283132735,-0.7977569091116634,16.99233963708636,-1.0903152901748348,0.7554158139985768,-0.06507191853121566
-0.05818476857862492,-40.07668618383708,-0.7927978198830349,16.96801371286584,-1.0890249523946547,0.7541517756256912,-0.0649703043525198
-0.05818476857862492,-40.07668618383708,-0.7927978198830349,16.96801371286584,-1.0890249523946547,0.7541517756256912,-0.0649703043525198
-0.05818476857862492,-40.07668618383708,-0.7927978198830349,16.96801371286584,-1.0890249523946547,0.7541517756256912,-0.0649703043525198
-0.05818476857862492,-40.07668618383708,-0.7927978198830349,16.96801371286584,-1.0890249523946547,0.7541517756256912,-0.0649703043525198
-0.05818476857862492,-40.07668618383708,-0.7927978198830349,16.96801371286584,-1.0890249523946547,0.7541517756256912,-0.0649703043525198
-0.05818476857862492,-40.07668618383708,-0.7927978198830349,16.96801371286584,-1.0890249523946547,0.7541517756256912,-0.0649703043525198
-0.05818476857862492,-40.07668618383708,-0.7927978198830349,16.96801371286584,-1.0890249523946547,0.7541517756256912,-0.0649703043525198
-0.05818476857862492,-40.07668618383708,-0.7927978198830349,16.96801371286584,-1.0890249523946547,0.7541517756256912,-0.0649703043525198
-0.05818476857862492,-40.07668618383708,-0.7927978198830349,16.96801371286584,-1.0890249523946547,0.7541517756256912,-0.0649703043525198
-0.05818476857862492,-40.07668618383708,-0.7927978198830349,16.96801371286584,-1.0890249523946547,0.7541517756256912,-0.0649703043525198
-0.05052079635336921,-40.03571568327072,-0.7869706880861967,16.950466792807042,-1.0882955371315222,0.7531575910721542,-0.06489842411701513
-0.05052079635336921,-40.03571568327072,-0.7869706880861967,16.950466792807042,-1.0882955371315222,0.7531575910721542,-0.06489842411701513
-0.05052079635336921,-40.03571568327072,-0.7869706880861967,16.950466792807042,-1.0882955371315222,0.7531575910721542,-0.06489842411701513
-0.05052079635336921,-40.03571568327072,-0.7869706880861967,16.950466792807042,-1.0882955371315222,0.7531575910721542,-0.06489842411701513
-0.05052079635336921,-40.03571568327072,-0.7869706880861967,16.950466792807042,-1.0882955371315222,0.7531575910721542,-0.06489842411701513
-0.05052079635336921,-40.03571568327072,-0.7869706880861967,16.950466792807042,-1.0882955371315222,0.7531575910721542,-0.06489842411701513
-0.05052079635336921,-40.03571568327072,-0.7869706880861967,16.950466792807042,-1.0882955371315222,0.7531575910721542,-0.06489842411701513
-0.05052079635336921,-40.03571568327072,-0.7869706880861967,16.950466792807042,-1.0882955371315222,0.7531575910721542,-0.06489842411701513
-0.05052079635336921,-40.03571568327072,-0.7869706880861967,16.950466792807042,-1.0882955371315222,0.7531575910721542,-0.06489842411701513
-0.05052079635336921,-40.03571568327072,-0.7869706880861967,16.950466792807042,-1.0882955371315222,0.7531575910721542,-0.06489842411701513
-0.04175972988723258,-40.008015054151116,-0.7807523808410548,16.939325306006705,-1.088057801498641,0.7524340822749405,-0.06485560318755187
-0.04175972988723258,-40.008015054151116,-0.7807523808410548,16.939325306006705,-1.088057801498641,0.7524340822749405,-0.06485560318755187
-0.04175972988723258,-40.008015054151116,-0.7807523808410548,16.939325306006705,-1.088057801498641,0.7524340822749405,-0.06485560318755187
-0.04175972988723258,-40.008015054151116,-0.7807523808410548,16.939325306006705,-1.088057801498641,0.7524340822749405,-0.06485560318755187
-0.04175972988723258,-40.008015054151116,-0.7807523808410548,16.939325306006705,-1.088057801498641,0.7524340822749405,-0.06485560318755187
-0.04175972988723258,-40.008015054151116,-0.7807523808410548,16.939325306006705,-1.088057801498641,0.7524340822749405,-0.06485560318755187
-0.04175972988723258,-40.008015054151116,-0.7807523808410548,16.939325306006705,-1.088057801498641,0.7524340822749405,-0.06485560318755187
-0.04175972988723258,-40.008015054151116,-0.7807523808410548,16.939325306006705,-1.088057801498641,0.7524340822749405,-0.06485560318755187
-0.04175972988723258,-40.008015054151116,-0.7807523808410548,16.939325306006705,-1.088057801498641,0.7524340822749405,-0.06485560318755187
-0.04175972988723258,-40.008015054151116,-0.7807523808410548,16.939325306006705,-1.088057801498641,0.7524340822749405,-0.06485560318755187
-0.03257010996343153,-39.99248576882542,-0.7745427331348483,16.933946597801487,-1.0882304247463084,0.7519673376499061,-0.06483962310224121
-0.03257010996343153,-39.99248576882542,-0.7745427331348483,16.933946597801487,-1.0882304247463084,0.7519673376499061,-0.06483962310224121
-0.03257010996343153,-39.99248576882542,-0.7745427331348483,16.933946597801487,-1.0882304247463084,0.7519673376499061,-0.06483962310224121
-0.03257010996343153,-39.99248576882542,-0.7745427331348483,16.933946597801487,-1.0882304247463084,0.7519673376499061,-0.06483962310224121
-0.03257010996343153,-39.99248576882542,-0.7745427331348483,16.933946597801487,-1.0882304247463084,0.7519673376499061,-0.06483962310224121
-0.03257010996343153,-39.99248576882542,-0.7745427331348483,16.933946597801487,-1.0882304247463084,0.7519673376499061,-0.06483962310224121
-0.03257010996343153,-39.99248576882542,-0.7745427331348483,16.933946597801487,-1.0882304247463084,0.7519673376499061,-0.06483962310224121
-0.03257010996343153,-39.99248576882542,-0.7745427331348483,16.933946597801487,-1.0882304247463084,0.7519673376499061,-0.06483962310224121
-0.03257010996343153,-39.99248576882542,-0.7745427331348483,16.933946597801487,-1.0882304247463084,0.7519673376499061,-0.06483962310224121
-0.03257010996343153,-39.99248576882542,-0.7745427331348483,16.933946597801487,-1.0882304247463084,0.7519673376499061,-0.06483962310224121
-0.023511615817440122,-39.98761766062484,-0.768663227397445,16.933511032436225,-1.0887261805575998,0.751732614781681,-0.06484715433741467
-0.023511615817440122,-39.98761766062484,-0.768663227397445,16.933511032436225,-1.0887261805575998,0.751732614781681,-0.06484715433741467
-0.023511615817440122,-39.98761766062484,-0.768663227397445,16.933511032436225,-1.0887261805575998,0.751732614781681,-0.06484715433741467
-0.023511615817440122,-39.98761766062484,-0.768663227397445,16.933511032436225,-1.0887261805575998,0.751732614781681,-0.06484715433741467
-0.023511615817440122,-39.98761766062484,-0.768663227397445,16.933511032436225,-1.0887261805575998,0.751732614781681,-0.06484715433741467
-0.023511615817440122,-39.98761766062484,-0.768663227397445,16.933511032436225,-1.0887261805575998,0.751732614781681,-0.06484715433741467
-0.023511615817440122,-39.98761766062484,-0.768663227397445,16.933511032436225,-1.0887261805575998,0.751732614781681,-0.06484715433741467
-0.023511615817440122,-39.98761766062484,-0.768663227397445,16.933511032436225,-1.0887261805575998,0.751732614781681,-0.06484715433741467
-0.023511615817440122,-39.98761766062484,-0.768663227397445,16.933511032436225,-1.0887261805575998,0.751732614781681,-0.06484715433741467
-0.023511615817440122,-39.98761766062484,-0.768663227397445,16.933511032436225,-1.0887261805575998,0.751732614781681,-0.06484715433741467
-0.015026796862042183,-39.99163117512986,-0.7633542702870959,16.93709770847724,-1.0894577805838181,0.7516978142678886,-0.06487416425887738
-0.015026796862042183,-39.99163117512986,-0.7633542702870959,16.93709770847724,-1.0894577805838181,0.7516978142678886,-0.06487416425887738
-0.015026796862042183,-39.99163117512986,-0.7633542702870959,16.93709770847724,-1.0894577805838181,0.7516978142678886,-0.06487416425887738
-0.015026796862042183,-39.99163117512986,-0.7633542702870959,16.93709770847724,-1.0894577805838181,0.7516978142678886,-0.06487416425887738
-0.015026796862042183,-39.99163117512986,-0.7633542702870959,16.93709770847724,-1.0894577805838181,0.7516978142678886,-0.06487416425887738
-0.015026796862042183,-39.99163117512986,-0.7633542702870959,16.93709770847724,-1.0894577805838181,0.7516978142678886,-0.06487416425887738
-0.015026796862042183,-39.99163117512986,-0.7633542702870959,16.93709770847724,-1.0894577805838181,0.7516978142678886,-0.06487416425887738
-0.015026796862042183,-39.99163117512986,-0.7633542702870959,16.93709770847724,-1.0894577805838181,0.7516978142678886,-0.06487416425887738
-0.015026796862042183,-39.99163117512986,-0.7633542702870959,16.93709770847724,-1.0894577805838181,0.7516978142678886,-0.06487416425887738
-0.015026796862042183,-39.99163117512986,-0.7633542702870959,16.93709770847724,-1.0894577805838181,0.7516978142678886,-0.06487416425887738
-0.0074411318773399855,-40.00262199814569,-0.7587790434058201,16.943751615377632,-1.0903424209240973,0.7518264837982622,-0.06491627433102477
-0.0074411318773399855,-40.00262199814569,-0.7587790434058201,16.943751615377632,-1.0903424209240973,0.7518264837982622,-0.06491627433102477
-0.0074411318773399855,-40.00262199814569,-0.7587790434058201,16.943751615377632,-1.0903424209240973,0.7518264837982622,-0.06491627433102477
-0.0074411318773399855,-40.00262199814569,-0.7587790434058201,16.943751615377632,-1.0903424209240973,0.7518264837982622,-0.06491627433102477
-0.0074411318773399855,-40.00262199814569,-0.7587790434058201,16.943751615377632,-1.0903424209240973,0.7518264837982622,-0.06491627433102477
-0.0074411318773399855,-40.00262199814569,-0.7587790434058201,16.943751615377632,-1.0903424209240973,0.7518264837982622,-0.06491627433102477
-0.0074411318773399855,-40.00262199814569,-0.7587790434058201,16.943751615377632,-1.0903424209240973,0.7518264837982622,-0.06491627433102477
-0.0074411318773399855,-40.00262199814569,-0.7587790434058201,16.943751615377632,-1.0903424209240973,0.7518264837982622,-0.06491627433102477
-0.0074411318773399855,-40.00262199814569,-0.7587790434058201,16.943751615377632,-1.0903424209240973,0.7518264837982622,-0.06491627433102477
-0.0074411318773399855,-40.00262199814569,-0.7587790434058201,16.943751615377632,-1.0903424209240973,0.7518264837982622,-0.06491627433102477
-0.0009672649151384813,-40.01868695037194,-0.7550289290859273,16.95254223883072,-1.0913054608262602,0.7520806125482319,-0.06496907761687289
-0.0009672649151384813,-40.01868695037194,-0.7550289290859273,16.95254223883072,-1.0913054608262602,0.7520806125482319,-0.06496907761687289
-0.0009672649151384813,-40.01868695037194,-0.7550289290859273,16.95254223883072,-1.0913054608262602,0.7520806125482319,-0.06496907761687289
-0.0009672649151384813,-40.01868695037194,-0.7550289290859273,16.95254223883072,-1.0913054608262602,0.7520806125482319,-0.06496907761687289
-0.0009672649151384813,-40.01868695037194,-0.7550289290859273,16.95254223883072,-1.0913054608262602,0.7520806125482319,-0.06496907761687289
-0.0009672649151384813,-40.01868695037194,-0.7550289290859273,16.95254223883072,-1.0913054608262602,0.7520806125482319,-0.06496907761687289
-0.0009672649151384813,-40.01868695037194,-0.7550289290859273,16.95254223883072,-1.0913054608262602,0.7520806125482319,-0.06496907761687289
-0.0009672649151384813,-40.01868695037194,-0.7550289290859273,16.95254223883072,-1.0913054608262602,0.7520806125482319,-0.06496907761687289
-0.0009672649151384813,-40.01868695037194,-0.7550289290859273,16.95254223883072,-1.0913054608262602,0.7520806125482319,-0.06496907761687289
-0.0009672649151384813,-40.01868695037194,-0.7550289290859273,16.95254223883072,-1.0913054608262602,0.7520806125482319,-0.06496907761687289
0.004277480233816425,-40.0380182513686,-0.7521367851587608,16.96260073958668,-1.0922819858678938,0.7524227325160509,-0.06502835409047251
0.004277480233816425,-40.0380182513686,-0.7521367851587608,16.96260073958668,-1.0922819858678938,0.7524227325160509,-0.06502835409047251
0.004277480233816425,-40.0380182513686,-0.7521367851587608,16.96260073958668,-1.0922819858678938,0.7524227325160509,-0.06502835409047251
0.004277480233816425,-40.0380182513686,-0.7521367851587608,16.96260073958668,-1.0922819858678938,0.7524227325160509,-0.06502835409047251
0.004277480233816425,-40.0380182513686,-0.7521367851587608,16.96260073958668,-1.0922819858678938,0.7524227325160509,-0.06502835409047251
0.004277480233816425,-40.0380182513686,-0.7521367851587608,16.96260073958668,-1.0922819858678938,0.7524227325160509,-0.06502835409047251
0.004277480233816425,-40.0380182513686,-0.7521367851587608,16.96260073958668,-1.0922819858678938,0.7524227325160509,-0.06502835409047251
0.004277480233816425,-40.0380182513686,-0.7521367851587608,16.96260073958668,-1.0922819858678938,0.7524227325160509,-0.06502835409047251
0.004277480233816425,-40.0380182513686,-0.7521367851587608,16.96260073958668,-1.0922819858678938,0.7524227325160509,-0.06502835409047251
0.004277480233816425,-40.0380182513686,-0.7521367851587608,16.96260073958668,-1.0922819858678938,0.7524227325160509,-0.06502835409047251
0.008264443751437804,-40.0589818998704,-0.7500831133421887,16.97316006954775,-1.0932189330263475,0.752818031183035,-0.06509028701995082
0.008264443751437804,-40.0589818998704,-0.7500831133421887,16.97316006954775,-1.0932189330263475,0.752818031183035,-0.06509028701995082
0.008264443751437804,-40.0589818998704,-0.7500831133421887,16.97316006954775,-1.0932189330263475,0.752818031183035,-0.06509028701995082
0.008264443751437804,-40.0589818998704,-0.7500831133421887,16.97316006954775,-1.0932189330263475,0.752818031183035,-0.06509028701995082
0.008264443751437804,-40.0589818998704,-0.7500831133421887,16.97316006954775,-1.0932189330263475,0.752818031183035,-0.06509028701995082
0.008264443751437804,-40.0589818998704,-0.7500831133421887,16.97316006954775,-1.0932189330263475,0.752818031183035,-0.06509028701995082
0.008264443751437804,-40.0589818998704,-0.7500831133421887,16.97316006954775,-1.0932189330263475,0.752818031183035,-0.06509028701995082
0.008264443751437804,-40.0589818998704,-0.7500831133421887,16.97316006954775,-1.0932189330263475,0.752818031183035,-0.06509028701995082
0.008264443751437804,-40.0589818998704,-0.7500831133421887,16.97316006954775,-1.0932189330263475,0.752818031183035,-0.06509028701995082
0.008264443751437804,-40.0589818998704,-0.7500831133421887,16.97316006954775,-1.0932189330263475,0.752818031183035,-0.06509028701995082
0.011035685100253623,-40.080170518618964,-0.7488086212042298,16.983573135976528,-1.0940754224833475,0.7532355217905716,-0.06515158959655076
0.011035685100253623,-40.080170518618964,-0.7488086212042298,16.983573135976528,-1.0940754224833475,0.7532355217905716,-0.06515158959655076
0.011035685100253623,-40.080170518618964,-0.7488086212042298,16.983573135976528,-1.0940754224833475,0.7532355217905716,-0.06515158959655076
0.011035685100253623,-40.080170518618964,-0.7488086212042298,16.983573135976528,-1.0940754224833475,0.7532355217905716,-0.06515158959655076
0.011035685100253623,-40.080170518618964,-0.7488086212042298,16.983573135976528,-1.0940754224833475,0.7532355217905716,-0.06515158959655076
0.011035685100253623,-40.080170518618964,-0.7488086212042298,16.983573135976528,-1.0940754224833475,0.7532355217905716,-0.06515158959655076
0.011035685100253623,-40.080170518618964,-0.7488086212042298,16.983573135976528,-1.0940754224833475,0.7532355217905716,-0.06515158959655076
0.011035685100253623,-40.080170518618964,-0.7488086212042298,16.983573135976528,-1.0940754224833475,0.7532355217905716,-0.06515158959655076
0.011035685100253623,-40.080170518618964,-0.7488086212042298,16.983573135976528,-1.0940754224833475,0.7532355217905716,-0.06515158959655076
0.011035685100253623,-40.080170518618964,-0.7488086212042298,16.983573135976528,-1.0940754224833475,0.7532355217905716,-0.06515158959655076
0.012687856729168768,-40.10043357597359,-0.7482251923680163,16.993323827748984,-1.094822523081225,0.7536489779565632,-0.06520958048166556
0.012687856729168768,-40.10043357597359,-0.7482251923680163,16.993323827748984,-1.094822523081225,0.7536489779565632,-0.06520958048166556
0.012687856729168768,-40.10043357597359,-0.7482251923680163,16.993323827748984,-1.094822523081225,0.7536489779565632,-0.06520958048166556
0.012687856729168768,-40.10043357597359,-0.7482251923680163,16.993323827748984,-1.094822523081225,0.7536489779565632,-0.06520958048166556
0.012687856729168768,-40.10043357597359,-0.7482251923680163,16.993323827748984,-1.094822523081225,0.7536489779565632,-0.06520958048166556
0.012687856729168768,-40.10043357597359,-0.7482251923680163,16.993323827748984,-1.094822523081225,0.7536489779565632,-0.06520958048166556
0.012687856729168768,-40.10043357597359,-0.7482251923680163,16.993323827748984,-1.094822523081225,0.7536489779565632,-0.06520958048166556
0.012687856729168768,-40.10043357597359,-0.7482251923680163,16.993323827748984,-1.094822523081225,0.7536489779565632,-0.06520958048166556
0.012687856729168768,-40.10043357597359,-0.7482251923680163,16.993323827748984,-1.094822523081225,0.7536489779565632,-0.06520958048166556
0.012687856729168768,-40.10043357597359,-0.7482251923680163,16.993323827748984,-1.094822523081225,0.7536489779565632,-0.06520958048166556
0.013356432341242681,-40.11888847222278,-0.7482261849697148,17.002029044081524,-1.0954424652337027,0.7540374130103703,-0.06526221438122658
0.013356432341242681,-40.11888847222278,-0.7482261849697148,17.002029044081524,-1.0954424652337027,0.7540374130103703,-0.06526221438122658
0.013356432341242681,-40.11888847222278,-0.7482261849697148,17.002029044081524,-1.0954424652337027,0.7540374130103703,-0.06526221438122658
0.013356432341242681,-40.11888847222278,-0.7482261849697148,17.002029044081524,-1.0954424652337027,0.7540374130103703,-0.06526221438122658
0.013356432341242681,-40.11888847222278,-0.7482261849697148,17.002029044081524,-1.0954424652337027,0.7540374130103703,-0.06526221438122658
0.013356432341242681,-40.11888847222278,-0.7482261849697148,17.002029044081524,-1.0954424652337027,0.7540374130103703,-0.06526221438122658
0.013356432341242681,-40.11888847222278,-0.7482261849697148,17.002029044081524,-1.0954424652337027,0.7540374130103703,-0.06526221438122658
0.013356432341242681,-40.11888847222278,-0.7482261849697148,17.002029044081524,-1.0954424652337027,0.7540374130103703,-0.06526221438122658
0.013356432341242681,-40.11888847222278,-0.7482261849697148,17.002029044081524,-1.0954424652337027,0.7540374130103703,-0.06526221438122658
0.013356432341242681,-40.11888847222278,-0.7482261849697148,17.002029044081524,-1.0954424652337027,0.7540374130103703,-0.06526221438122658
0.013201038582449236,-40.13491553317783,-0.748695655400753,17.009433362258775,-1.0959274342599312,0.7543851820152484,-0.06530807308932061
0.013201038582449236,-40.13491553317783,-0.748695655400753,17.009433362258775,-1.0959274342599312,0.7543851820152484,-0.06530807308932061
0.013201038582449236,-40.13491553317783,-0.748695655400753,17.009433362258775,-1.0959274342599312,0.7543851820152484,-0.06530807308932061
0.013201038582449236,-40.13491553317783,-0.748695655400753,17.009433362258775,-1.0959274342599312,0.7543851820152484,-0.06530807308932061
0.013201038582449236,-40.13491553317783,-0.748695655400753,17.009433362258775,-1.0959274342599312,0.7543851820152484,-0.06530807308932061
0.013201038582449236,-40.13491553317783,-0.748695655400753,17.009433362258775,-1.0959274342599312,0.7543851820152484,-0.06530807308932061
0.013201038582449236,-40.13491553317783,-0.748695655400753,17.009433362258775,-1.0959274342599312,0.7543851820152484,-0.06530807308932061
0.013201038582449236,-40.13491553317783,-0.748695655400753,17.009433362258775,-1.0959274342599312,0.7543851820152484,-0.06530807308932061
0.013201038582449236,-40.13491553317783,-0.748695655400753,17.009433362258775,-1.0959274342599312,0.7543851820152484,-0.06530807308932061
0.013201038582449236,-40.13491553317783,-0.748695655400753,17.009433362258775,-1.0959274342599312,0.7543851820152484,-0.06530807308932061
0.012392431752224629,-40.14814022743878,-0.7495162390328808,17.01539804142633,-1.096278080460901,0.754681780242756,-0.0653463249205217
0.012392431752224629,-40.14814022743878,-0.7495162390328808,17.01539804142633,-1.096278080460901,0.754681780242756,-0.0653463249205217
0.012392431752224629,-40.14814022743878,-0.7495162390328808,17.01539804142633,-1.096278080460901,0.754681780242756,-0.0653463249205217
0.012392431752224629,-40.14814022743878,-0.7495162390328808,17.01539804142633,-1.096278080460901,0.754681780242756,-0.0653463249205217
0.012392431752224629,-40.14814022743878,-0.7495162390328808,17.01539804142633,-1.096278080460901,0.754681780242756,-0.0653463249205217
0.012392431752224629,-40.14814022743878,-0.7495162390328808,17.01539804142633,-1.096278080460901,0.754681780242756,-0.0653463249205217
0.012392431752224629,-40.14814022743878,-0.7495162390328808,17.01539804142633,-1.096278080460901,0.754681780242756,-0.0653463249205217
0.012392431752224629,-40.14814022743878,-0.7495162390328808,17.01539804142633,-1.096278080460901,0.754681780242756,-0.0653463249205217
0.012392431752224629,-40.14814022743878,-0.7495162390328808,17.01539804142633,-1.096278080460901,0.754681780242756,-0.0653463249205217
0.012392431752224629,-40.14814022743878,-0.7495162390328808,17.01539804142633,-1.096278080460901,0.754681780242756,-0.0653463249205217
0.011101661398153504,-40.15840219426747,-0.7505753154241118,17.01988478973467,-1.0965018419025083,0.7549213394587659,-0.06537664472037537
0.011101661398153504,-40.15840219426747,-0.7505753154241118,17.01988478973467,-1.0965018419025083,0.7549213394587659,-0.06537664472037537
0.011101661398153504,-40.15840219426747,-0.7505753154241118,17.01988478973467,-1.0965018419025083,0.7549213394587659,-0.06537664472037537
0.011101661398153504,-40.15840219426747,-0.7505753154241118,17.01988478973467,-1.0965018419025083,0.7549213394587659,-0.06537664472037537
0.011101661398153504,-40.15840219426747,-0.7505753154241118,17.01988478973467,-1.0965018419025083,0.7549213394587659,-0.06537664472037537
0.011101661398153504,-40.15840219426747,-0.7505753154241118,17.01988478973467,-1.0965018419025083,0.7549213394587659,-0.06537664472037537
0.011101661398153504,-40.15840219426747,-0.7505753154241118,17.01988478973467,-1.0965018419025083,0.7549213394587659,-0.06537664472037537
0.011101661398153504,-40.15840219426747,-0.7505753154241118,17.01988478973467,-1.0965018419025083,0.7549213394587659,-0.06537664472037537
0.011101661398153504,-40.15840219426747,-0.7505753154241118,17.01988478973467,-1.0965018419025083,0.7549213394587659,-0.06537664472037537
0.011101661398153504,-40.15840219426747,-0.7505753154241118,17.01988478973467,-1.0965018419025083,0.7549213394587659,-0.06537664472037537
0.00949079143166631,-40.16573440833796,-0.7517705300423145,17.022942092834917,-1.0966113348817736,0.755102234360312,-0.065399193756134
0.00949079143166631,-40.16573440833796,-0.7517705300423145,17.022942092834917,-1.0966113348817736,0.755102234360312,-0.065399193756134
0.00949079143166631,-40.16573440833796,-0.7517705300423145,17.022942092834917,-1.0966113348817736,0.755102234360312,-0.065399193756134
0.00949079143166631,-40.16573440833796,-0.7517705300423145,17.022942092834917,-1.0966113348817736,0.755102234360312,-0.065399193756134
0.00949079143166631,-40.16573440833796,-0.7517705300423145,17.022942092834917,-1.0966113348817736,0.755102234360312,-0.065399193756134
0.00949079143166631,-40.16573440833796,-0.7517705300423145,17.022942092834917,-1.0966113348817736,0.755102234360312,-0.065399193756134
0.00949079143166631,-40.16573440833796,-0.7517705300423145,17.022942092834917,-1.0966113348817736,0.755102234360312,-0.065399193756134
0.00949079143166631,-40.16573440833796,-0.7517705300423145,17.022942092834917,-1.0966113348817736,0.755102234360312,-0.065399193756134
0.00949079143166631,-40.16573440833796,-0.7517705300423145,17.022942092834917,-1.0966113348817736,0.755102234360312,-0.065399193756134
0.00949079143166631,-40.16573440833796,-0.7517705300423145,17.022942092834917,-1.0966113348817736,0.755102234360312,-0.065399193756134
0.007706401486149712,-40.17031257160571,-0.7530125588815939,17.024683121505028,-1.0966227087270113,0.7552262176089672,-0.06541445153062182
0.007706401486149712,-40.17031257160571,-0.7530125588815939,17.024683121505028,-1.0966227087270113,0.7552262176089672,-0.06541445153062182
0.007706401486149712,-40.17031257160571,-0.7530125588815939,17.024683121505028,-1.0966227087270113,0.7552262176089672,-0.06541445153062182
0.007706401486149712,-40.17031257160571,-0.7530125588815939,17.024683121505028,-1.0966227087270113,0.7552262176089672,-0.06541445153062182
0.007706401486149712,-40.17031257160571,-0.7530125588815939,17.024683121505028,-1.0966227087270113,0.7552262176089672,-0.06541445153062182
0.007706401486149712,-40.17031257160571,-0.7530125588815939,17.024683121505028,-1.0966227087270113,0.7552262176089672,-0.06541445153062182
0.007706401486149712,-40.17031257160571,-0.7530125588815939,17.024683121505028,-1.0966227087270113,0.7552262176089672,-0.06541445153062182
0.007706401486149712,-40.17031257160571,-0.7530125588815939,17.024683121505028,-1.0966227087270113,0.7552262176089672,-0.06541445153062182
0.007706401486149712,-40.17031257160571,-0.7530125588815939,17.024683121505028,-1.0966227087270113,0.7552262176089672,-0.06541445153062182
0.007706401486149712,-40.17031257160571,-0.7530125588815939,17.024683121505028,-1.0966227087270113,0.7552262176089672,-0.06541445153062182
0.0058751623471426425,-40.17242288088348,-0.7542274023025975,17.02526811352345,-1.096554102852932,0.7552976739028302,-0.0654231716812398
0.0058751623471426425,-40.17242288088348,-0.7542274023025975,17.02526811352345,-1.096554102852932,0.7552976739028302,-0.0654231716812398
0.0058751623471426425,-40.17242288088348,-0.7542274023025975,17.02526811352345,-1.096554102852932,0.7552976739028302,-0.0654231716812398
0.0058751623471426425,-40.17242288088348,-0.7542274023025975,17.02526811352345,-1.096554102852932,0.7552976739028302,-0.0654231716812398
0.0058751623471426425,-40.17242288088348,-0.7542274023025975,17.02526811352345,-1.096554102852932,0.7552976739028302,-0.0654231716812398
0.0058751623471426425,-40.17242288088348,-0.7542274023025975,17.02526811352345,-1.096554102852932,0.7552976739028302,-0.0654231716812398
0.0058751623471426425,-40.17242288088348,-0.7542274023025975,17.02526811352345,-1.096554102852932,0.7552976739028302,-0.0654231716812398
0.0058751623471426425,-40.17242288088348,-0.7542274023025975,17.02526811352345,-1.096554102852932,0.7552976739028302,-0.0654231716812398
0.0058751623471426425,-40.17242288088348,-0.7542274023025975,17.02526811352345,-1.096554102852932,0.7552976739028302,-0.0654231716812398
0.0058751623471426425,-40.17242288088348,-0.7542274023025975,17.02526811352345,-1.096554102852932,0.7552976739028302,-0.0654231716812398
0.0041011573380286,-40.17242593054462,-0.755357117882323,17.02488708479623,-1.0964243271504601,0.7553229048872113,-0.06542628602233044
0.0041011573380286,-40.17242593054462,-0.755357117882323,17.02488708479623,-1.0964243271504601,0.7553229048872113,-0.06542628602233044
0.0041011573380286,-40.17242593054462,-0.755357117882323,17.02488708479623,-1.0964243271504601,0.7553229048872113,-0.06542628602233044
0.0041011573380286,-40.17242593054462,-0.755357117882323,17.02488708479623,-1.0964243271504601,0.7553229048872113,-0.06542628602233044
0.0041011573380286,-40.17242593054462,-0.755357117882323,17.02488708479623,-1.0964243271504601,0.7553229048872113,-0.06542628602233044
0.0041011573380286,-40.17242593054462,-0.755357117882323,17.02488708479623,-1.0964243271504601,0.7553229048872113,-0.06542628602233044
0.0041011573380286,-40.17242593054462,-0.755357117882323,17.02488708479623,-1.0964243271504601,0.7553229048872113,-0.06542628602233044
0.0041011573380286,-40.17242593054462,-0.755357117882323,17.02488708479623,-1.0964243271504601,0.7553229048872113,-0.06542628602233044
0.0041011573380286,-40.17242593054462,-0.755357117882323,17.02488708479623,-1.0964243271504601,0.7553229048872113,-0.06542628602233044
0.0041011573380286,-40.17242593054462,-0.755357117882323,17.02488708479623,-1.0964243271504601,0.7553229048872113,-0.06542628602233044
0.002464973460325458,-40.170723645529755,-0.7563596895337333,17.023744249700943,-1.0962517642238994,0.7553094346557613,-0.0654248237514258
0.002464973460325458,-40.170723645529755,-0.7563596895337333,17.023744249700943,-1.0962517642238994,0.7553094346557613,-0.0654248237514258
0.002464973460325458,-40.170723645529755,-0.7563596895337333,17.023744249700943,-1.0962517642238994,0.7553094346557613,-0.0654248237514258
0.002464973460325458,-40.170723645529755,-0.7563596895337333,17.023744249700943,-1.0962517642238994,0.7553094346557613,-0.0654248237514258
0.002464973460325458,-40.170723645529755,-0.7563596895337333,17.023744249700943,-1.0962517642238994,0.7553094346557613,-0.0654248237514258
0.002464973460325458,-40.170723645529755,-0.7563596895337333,17.023744249700943,-1.0962517642238994,0.7553094346557613,-0.0654248237514258
0.002464973460325458,-40.170723645529755,-0.7563596895337333,17.023744249700943,-1.0962517642238994,0.7553094346557613,-0.0654248237514258
0.002464973460325458,-40.170723645529755,-0.7563596895337333,17.023744249700943,-1.0962517642238994,0.7553094346557613,-0.0654248237514258
0.002464973460325458,-40.170723645529755,-0.7563596895337333,17.023744249700943,-1.0962517642238994,0.7553094346557613,-0.0654248237514258
0.002464973460325458,-40.170723645529755,-0.7563596895337333,17.023744249700943,-1.0962517642238994,0.7553094346557613,-0.0654248237514258
0.0010237041907673857,-40.167730042050444,-0.7572083259185695,17.022044204348223,-1.0960534475052068,0.7552653706401001,-0.06541984579226141
0.0010237041907673857,-40.167730042050444,-0.7572083259185695,17.022044204348223,-1.0960534475052068,0.7552653706401001,-0.06541984579226141
0.0010237041907673857,-40.167730042050444,-0.7572083259185695,17.022044204348223,-1.0960534475052068,0.7552653706401001,-0.06541984579226141
0.0010237041907673857,-40.167730042050444,-0.7572083259185695,17.022044204348223,-1.0960534475052068,0.7552653706401001,-0.06541984579226141
0.0010237041907673857,-40.167730042050444,-0.7572083259185695,17.022044204348223,-1.0960534475052068,0.7552653706401001,-0.06541984579226141
0.0010237041907673857,-40.167730042050444,-0.7572083259185695,17.022044204348223,-1.0960534475052068,0.7552653706401001,-0.06541984579226141
0.0010237041907673857,-40.167730042050444,-0.7572083259185695,17.022044204348223,-1.0960534475052068,0.7552653706401001,-0.06541984579226141
0.0010237041907673857,-40.167730042050444,-0.7572083259185695,17.022044204348223,-1.0960534475052068,0.7552653706401001,-0.06541984579226141
0.0010237041907673857,-40.167730042050444,-0.7572083259185695,17.022044204348223,-1.0960534475052068,0.7552653706401001,-0.06541984579226141
0.0010237041907673857,-40.167730042050444,-0.7572083259185695,17.022044204348223,-1.0960534475052068,0.7552653706401001,-0.06541984579226141
-0.0001860375508100972,-40.1638477457894,-0.7578890232349408,17.019982455558143,-1.09584459520854,0.7551988986750718,-0.06541236561157214
-0.0001860375508100972,-40.1638477457894,-0.7578890232349408,17.019982455558143,-1.09584459520854,0.7551988986750718,-0.06541236561157214
-0.0001860375508100972,-40.1638477457894,-0.7578890232349408,17.019982455558143,-1.09584459520854,0.7551988986750718,-0.06541236561157214
-0.0001860375508100972,-40.1638477457894,-0.7578890232349408,17.019982455558143,-1.09584459520854,0.7551988986750718,-0.06541236561157214
-0.0001860375508100972,-40.1638477457894,-0.7578890232349408,17.019982455558143,-1.09584459520854,0.7551988986750718,-0.06541236561157214
-0.0001860375508100972,-40.1638477457894,-0.7578890232349408,17.019982455558143,-1.09584459520854,0.7551988986750718,-0.06541236561157214
-0.0001860375508100972,-40.1638477457894,-0.7578890232349408,17.019982455558143,-1.09584459520854,0.7551988986750718,-0.06541236561157214
-0.0001860375508100972,-40.1638477457894,-0.7578890232349408,17.019982455558143,-1.09584459520854,0.7551988986750718,-0.06541236561157214
-0.0001860375508100972,-40.1638477457894,-0.7578890232349408,17.019982455558143,-1.09584459520854,0.7551988986750718,-0.06541236561157214
-0.0001860375508100972,-40.1638477457894,-0.7578890232349408,17.019982455558143,-1.09584459520854,0.7551988986750718,-0.06541236561157214
-0.0011472516093775863,-40.159449328428664,-0.7583995623402919,17.01773565959019,-1.0956380293937165,0.755117791060662,-0.0654033386221027
-0.0011472516093775863,-40.159449328428664,-0.7583995623402919,17.01773565959019,-1.0956380293937165,0.755117791060662,-0.0654033386221027
-0.0011472516093775863,-40.159449328428664,-0.7583995623402919,17.01773565959019,-1.0956380293937165,0.755117791060662,-0.0654033386221027
-0.0011472516093775863,-40.159449328428664,-0.7583995623402919,17.01773565959019,-1.0956380293937165,0.755117791060662,-0.0654033386221027
-0.0011472516093775863,-40.159449328428664,-0.7583995623402919,17.01773565959019,-1.0956380293937165,0.755117791060662,-0.0654033386221027
-0.0011472516093775863,-40.159449328428664,-0.7583995623402919,17.01773565959019,-1.0956380293937165,0.755117791060662,-0.0654033386221027
-0.0011472516093775863,-40.159449328428664,-0.7583995623402919,17.01773565959019,-1.0956380293937165,0.755117791060662,-0.0654033386221027
-0.0011472516093775863,-40.159449328428664,-0.7583995623402919,17.01773565959019,-1.0956380293937165,0.755117791060662,-0.0654033386221027
-0.0011472516093775863,-40.159449328428664,-0.7583995623402919,17.01773565959019,-1.0956380293937165,0.755117791060662,-0.0654033386221027
-0.0011472516093775863,-40.159449328428664,-0.7583995623402919,17.01773565959019,-1.0956380293937165,0.755117791060662,-0.0654033386221027
-0.0018591681688541533,-40.15486320639163,-0.7587470322551002,17.015456497445136,-1.095444004791397,0.7550291122785728,-0.06539360366657875
-0.0018591681688541533,-40.15486320639163,-0.7587470322551002,17.015456497445136,-1.095444004791397,0.7550291122785728,-0.06539360366657875
-0.0018591681688541533,-40.15486320639163,-0.7587470322551002,17.015456497445136,-1.095444004791397,0.7550291122785728,-0.06539360366657875
-0.0018591681688541533,-40.15486320639163,-0.7587470322551002,17.015456497445136,-1.095444004791397,0.7550291122785728,-0.06539360366657875
-0.0018591681688541533,-40.15486320639163,-0.7587470322551002,17.015456497445136,-1.095444004791397,0.7550291122785728,-0.06539360366657875
-0.0018591681688541533,-40.15486320639163,-0.7587470322551002,17.015456497445136,-1.095444004791397,0.7550291122785728,-0.06539360366657875
-0.0018591681688541533,-40.15486320639163,-0.7587470322551002,17.015456497445136,-1.095444004791397,0.7550291122785728,-0.06539360366657875
-0.0018591681688541533,-40.15486320639163,-0.7587470322551002,17.015456497445136,-1.095444004791397,0.7550291122785728,-0.06539360366657875
-0.0018591681688541533,-40.15486320639163,-0.7587470322551002,17.015456497445136,-1.095444004791397,0.7550291122785728,-0.06539360366657875
-0.0018591681688541533,-40.15486320639163,-0.7587470322551002,17.015456497445136,-1.095444004791397,0.7550291122785728,-0.06539360366657875
-0.0023340841495322383,-40.15036492738831,-0.7589456230441934,17.013270240136997,-1.0952701724709073,0.7549389745688152,-0.06538386730943382
-0.0023340841495322383,-40.15036492738831,-0.7589456230441934,17.013270240136997,-1.0952701724709073,0.7549389745688152,-0.06538386730943382
-0.0023340841495322383,-40.15036492738831,-0.7589456230441934,17.013270240136997,-1.0952701724709073,0.7549389745688152,-0.06538386730943382
-0.0023340841495322383,-40.15036492738831,-0.7589456230441934,17.013270240136997,-1.0952701724709073,0.7549389745688152,-0.06538386730943382
-0.0023340841495322383,-40.15036492738831,-0.7589456230441934,17.013270240136997,-1.0952701724709073,0.7549389745688152,-0.06538386730943382
-0.0023340841495322383,-40.15036492738831,-0.7589456230441934,17.013270240136997,-1.0952701724709073,0.7549389745688152,-0.06538386730943382
-0.0023340841495322383,-40.15036492738831,-0.7589456230441934,17.013270240136997,-1.0952701724709073,0.7549389745688152,-0.06538386730943382
-0.0023340841495322383,-40.15036492738831,-0.7589456230441934,17.013270240136997,-1.0952701724709073,0.7549389745688152,-0.06538386730943382
-0.0023340841495322383,-40.15036492738831,-0.7589456230441934,17.013270240136997,-1.0952701724709073,0.7549389745688152,-0.06538386730943382
-0.0023340841495322383,-40.15036492738831,-0.7589456230441934,17.013270240136997,-1.0952701724709073,0.7549389745688152,-0.06538386730943382
-0.0025941511638582727,-40.14617286815542,-0.7590144778232016,17.011273416531978,-1.0951216808443678,0.7548523966330657,-0.0653746937429876
-0.0025941511638582727,-40.14617286815542,-0.7590144778232016,17.011273416531978,-1.0951216808443678,0.7548523966330657,-0.0653746937429876
-0.0025941511638582727,-40.14617286815542,-0.7590144778232016,17.011273416531978,-1.0951216808443678,0.7548523966330657,-0.0653746937429876
-0.0025941511638582727,-40.14617286815542,-0.7590144778232016,17.011273416531978,-1.0951216808443678,0.7548523966330657,-0.0653746937429876
-0.0025941511638582727,-40.14617286815542,-0.7590144778232016,17.011273416531978,-1.0951216808443678,0.7548523966330657,-0.0653746937429876
-0.0025941511638582727,-40.14617286815542,-0.7590144778232016,17.011273416531978,-1.0951216808443678,0.7548523966330657,-0.0653746937429876
-0.0025941511638582727,-40.14617286815542,-0.7590144778232016,17.011273416531978,-1.0951216808443678,0.7548523966330657,-0.0653746937429876
-0.0025941511638582727,-40.14617286815542,-0.7590144778232016,17.011273416531978,-1.0951216808443678,0.7548523966330657,-0.0653746937429876
-0.0025941511638582727,-40.14617286815542,-0.7590144778232016,17.011273416531978,-1.0951216808443678,0.7548523966330657,-0.0653746937429876
-0.0025941511638582727,-40.14617286815542,-0.7590144778232016,17.011273416531978,-1.0951216808443678,0.7548523966330657,-0.0653746937429876
-0.0026682034064018974,-40.1424488880391,-0.7589756961520685,17.009534718940113,-1.0950014111208928,0.7547732712857713,-0.06536650457255988
-0.0026682034064018974,-40.1424488880391,-0.7589756961520685,17.009534718940113,-1.0950014111208928,0.7547732712857713,-0.06536650457255988
-0.0026682034064018974,-40.1424488880391,-0.7589756961520685,17.009534718940113,-1.0950014111208928,0.7547732712857713,-0.06536650457255988
-0.0026682034064018974,-40.1424488880391,-0.7589756961520685,17.009534718940113,-1.0950014111208928,0.7547732712857713,-0.06536650457255988
-0.0026682034064018974,-40.1424488880391,-0.7589756961520685,17.009534718940113,-1.0950014111208928,0.7547732712857713,-0.06536650457255988
-0.0026682034064018974,-40.1424488880391,-0.7589756961520685,17.009534718940113,-1.0950014111208928,0.7547732712857713,-0.06536650457255988
-0.0026682034064018974,-40.1424488880391,-0.7589756961520685,17.009534718940113,-1.0950014111208928,0.7547732712857713,-0.06536650457255988
-0.0026682034064018974,-40.1424488880391,-0.7589756961520685,17.009534718940113,-1.0950014111208928,0.7547732712857713,-0.06536650457255988
-0.0026682034064018974,-40.1424488880391,-0.7589756961520685,17.009534718940113,-1.0950014111208928,0.7547732712857713,-0.06536650457255988
-0.0026682034064018974,-40.1424488880391,-0.7589756961520685,17.009534718940113,-1.0950014111208928,0.7547732712857713,-0.06536650457255988
-0.002589235940195717,-40.13929725314998,-0.7588526729004526,17.008095380333028,-1.0949101955481526,0.754704315121703,-0.06535958298793074
-0.002589235940195717,-40.13929725314998,-0.7588526729004526,17.008095380333028,-1.0949101955481526,0.754704315121703,-0.06535958298793074
-0.002589235940195717,-40.13929725314998,-0.7588526729004526,17.008095380333028,-1.0949101955481526,0.754704315121703,-0.06535958298793074
-0.002589235940195717,-40.13929725314998,-0.7588526729004526,17.008095380333028,-1.0949101955481526,0.754704315121703,-0.06535958298793074
-0.002589235940195717,-40.13929725314998,-0.7588526729004526,17.008095380333028,-1.0949101955481526,0.754704315121703,-0.06535958298793074
-0.002589235940195717,-40.13929725314998,-0.7588526729004526,17.008095380333028,-1.0949101955481526,0.754704315121703,-0.06535958298793074
-0.002589235940195717,-40.13929725314998,-0.7588526729004526,17.008095380333028,-1.0949101955481526,0.754704315121703,-0.06535958298793074
-0.002589235940195717,-40.13929725314998,-0.7588526729004526,17.008095380333028,-1.0949101955481526,0.754704315121703,-0.06535958298793074
-0.002589235940195717,-40.13929725314998,-0.7588526729004526,17.008095380333028,-1.0949101955481526,0.754704315121703,-0.06535958298793074
-0.002589235940195717,-40.13929725314998,-0.7588526729004526,17.008095380333028,-1.0949101955481526,0.754704315121703,-0.06535958298793074
-0.0023915315054440544,-40.13677348498933,-0.7586685341560544,17.006973463900334,-1.0948472074520534,0.7546472020678165,-0.06535408543479428
-0.0023915315054440544,-40.13677348498933,-0.7586685341560544,17.006973463900334,-1.0948472074520534,0.7546472020678165,-0.06535408543479428
-0.0023915315054440544,-40.13677348498933,-0.7586685341560544,17.006973463900334,-1.0948472074520534,0.7546472020678165,-0.06535408543479428
-0.0023915315054440544,-40.13677348498933,-0.7586685341560544,17.006973463900334,-1.0948472074520534,0.7546472020678165,-0.06535408543479428
-0.0023915315054440544,-40.13677348498933,-0.7586685341560544,17.006973463900334,-1.0948472074520534,0.7546472020678165,-0.06535408543479428
-0.0023915315054440544,-40.13677348498933,-0.7586685341560544,17.006973463900334,-1.0948472074520534,0.7546472020678165,-0.06535408543479428
-0.0023915315054440544,-40.13677348498933,-0.7586685341560544,17.006973463900334,-1.0948472074520534,0.7546472020678165,-0.06535408543479428
-0.0023915315054440544,-40.13677348498933,-0.7586685341560544,17.006973463900334,-1.0948472074520534,0.7546472020678165,-0.06535408543479428
-0.0023915315054440544,-40.13677348498933,-0.7586685341560544,17.006973463900334,-1.0948472074520534,0.7546472020678165,-0.06535408543479428
-0.0023915315054440544,-40.13677348498933,-0.7586685341560544,17.006973463900334,-1.0948472074520534,0.7546472020678165,-0.06535408543479428
-0.002108774623727852,-40.13488968705332,-0.7584449982035645,17.006167017648508,-1.0948103194036396,0.7546026669511992,-0.0653500604714704
-0.002108774623727852,-40.13488968705332,-0.7584449982035645,17.006167017648508,-1.0948103194036396,0.7546026669511992,-0.0653500604714704
-0.002108774623727852,-40.13488968705332,-0.7584449982035645,17.006167017648508,-1.0948103194036396,0.7546026669511992,-0.0653500604714704
-0.002108774623727852,-40.13488968705332,-0.7584449982035645,17.006167017648508,-1.0948103194036396,0.7546026669511992,-0.0653500604714704
-0.002108774623727852,-40.13488968705332,-0.7584449982035645,17.006167017648508,-1.0948103194036396,0.7546026669511992,-0.0653500604-0.00157-0.002108774623727852,-40.13488968705332,-0.7584449982035645,17.006167017648508,-1.0948103194036396,0.7546026669511992,-0.0653500604714704
-0.002108774623727852,-40.13488968705332,-0.7584449982035645,17.006167017648508,-1.0948103194036396,0.7546026669511992,-0.0653500604714704
-0.002108774623727852,-40.13488968705332,-0.7584449982035645,17.006167017648508,-1.0948103194036396,0.7546026669511992,-0.0653500604714704
-0.002108774623727852,-40.13488968705332,-0.7584449982035645,17.006167017648508,-1.0948103194036396,0.7546026669511992,-0.0653500604714704
-0.002108774623727852,-40.13488968705332,-0.7584449982035645,17.006167017648508,-1.0948103194036396,0.7546026669511992,-0.0653500604714704
-0.0017723372102254706,-40.133621649492,-0.7582014814501289,17.005657845012905,-1.094796461463441,0.7545706340016052,-0.06534746567473561
-0.0017723372102254706,-40.133621649492,-0.7582014814501289,17.005657845012905,-1.094796461463441,0.7545706340016052,-0.06534746567473561
-0.0017723372102254706,-40.133621649492,-0.7582014814501289,17.005657845012905,-1.094796461463441,0.7545706340016052,-0.06534746567473561
-0.0017723372102254706,-40.133621649492,-0.7582014814501289,17.005657845012905,-1.094796461463441,0.7545706340016052,-0.06534746567473561
-0.0017723372102254706,-40.133621649492,-0.7582014814501289,17.005657845012905,-1.094796461463441,0.7545706340016052,-0.06534746567473561
-0.0017723372102254706,-40.133621649492,-0.7582014814501289,17.005657845012905,-1.094796461463441,0.7545706340016052,-0.06534746567473561
-0.0017723372102254706,-40.133621649492,-0.7582014814501289,17.005657845012905,-1.094796461463441,0.7545706340016052,-0.06534746567473561
-0.0017723372102254706,-40.133621649492,-0.7582014814501289,17.005657845012905,-1.094796461463441,0.7545706340016052,-0.06534746567473561
-0.0017723372102254706,-40.133621649492,-0.7582014814501289,17.005657845012905,-1.094796461463441,0.7545706340016052,-0.06534746567473561
-0.0017723372102254706,-40.133621649492,-0.7582014814501289,17.005657845012905,-1.094796461463441,0.7545706340016052,-0.06534746567473561
-0.0014103001840265381,-40.13291882602822,-0.7579547051966088,17.005415949919165,-1.0948019523449368,0.7545504006125706,-0.06534619104404796
-0.0014103001840265381,-40.13291882602822,-0.7579547051966088,17.005415949919165,-1.0948019523449368,0.7545504006125706,-0.06534619104404796
-0.0014103001840265381,-40.13291882602822,-0.7579547051966088,17.005415949919165,-1.0948019523449368,0.7545504006125706,-0.06534619104404796
-0.0014103001840265381,-40.13291882602822,-0.7579547051966088,17.005415949919165,-1.0948019523449368,0.7545504006125706,-0.06534619104404796
-0.0014103001840265381,-40.13291882602822,-0.7579547051966088,17.005415949919165,-1.0948019523449368,0.7545504006125706,-0.06534619104404796
-0.0014103001840265381,-40.13291882602822,-0.7579547051966088,17.005415949919165,-1.0948019523449368,0.7545504006125706,-0.06534619104404796
-0.0014103001840265381,-40.13291882602822,-0.7579547051966088,17.005415949919165,-1.0948019523449368,0.7545504006125706,-0.06534619104404796
-0.0014103001840265381,-40.13291882602822,-0.7579547051966088,17.005415949919165,-1.0948019523449368,0.7545504006125706,-0.06534619104404796
-0.0014103001840265381,-40.13291882602822,-0.7579547051966088,17.005415949919165,-1.0948019523449368,0.7545504006125706,-0.06534619104404796
-0.0014103001840265381,-40.13291882602822,-0.7579547051966088,17.005415949919165,-1.0948019523449368,0.7545504006125706,-0.06534619104404796
-0.0010465045310765193,-40.13271008977105,-0.7577181993008288,17.005403028261455,-1.0948228199946484,0.7545407783832603,-0.06534607399748596
-0.0010465045310765193,-40.13271008977105,-0.7577181993008288,17.005403028261455,-1.0948228199946484,0.7545407783832603,-0.06534607399748596
-0.0010465045310765193,-40.13271008977105,-0.7577181993008288,17.005403028261455,-1.0948228199946484,0.7545407783832603,-0.06534607399748596
-0.0010465045310765193,-40.13271008977105,-0.7577181993008288,17.005403028261455,-1.0948228199946484,0.7545407783832603,-0.06534607399748596
-0.0010465045310765193,-40.13271008977105,-0.7577181993008288,17.005403028261455,-1.0948228199946484,0.7545407783832603,-0.06534607399748596
-0.0010465045310765193,-40.13271008977105,-0.7577181993008288,17.005403028261455,-1.0948228199946484,0.7545407783832603,-0.06534607399748596
-0.0010465045310765193,-40.13271008977105,-0.7577181993008288,17.005403028261455,-1.0948228199946484,0.7545407783832603,-0.06534607399748596
-0.0010465045310765193,-40.13271008977105,-0.7577181993008288,17.005403028261455,-1.0948228199946484,0.7545407783832603,-0.06534607399748596
-0.0010465045310765193,-40.13271008977105,-0.7577181993008288,17.005403028261455,-1.0948228199946484,0.7545407783832603,-0.06534607399748596
-0.0010465045310765193,-40.13271008977105,-0.7577181993008288,17.005403028261455,-1.0948228199946484,0.7545407783832603,-0.06534607399748596
-0.0007001743735502153,-40.132912078020546,-0.7575022873290624,17.00557609395872,-1.0948550530299752,0.7545402434588656,-0.06534692024115336
-0.0007001743735502153,-40.132912078020546,-0.7575022873290624,17.00557609395872,-1.0948550530299752,0.7545402434588656,-0.06534692024115336
-0.0007001743735502153,-40.132912078020546,-0.7575022873290624,17.00557609395872,-1.0948550530299752,0.7545402434588656,-0.06534692024115336
-0.0007001743735502153,-40.132912078020546,-0.7575022873290624,17.00557609395872,-1.0948550530299752,0.7545402434588656,-0.06534692024115336
-0.0007001743735502153,-40.132912078020546,-0.7575022873290624,17.00557609395872,-1.0948550530299752,0.7545402434588656,-0.06534692024115336
-0.0007001743735502153,-40.132912078020546,-0.7575022873290624,17.00557609395872,-1.0948550530299752,0.7545402434588656,-0.06534692024115336
-0.0007001743735502153,-40.132912078020546,-0.7575022873290624,17.00557609395872,-1.0948550530299752,0.7545402434588656,-0.06534692024115336
-0.0007001743735502153,-40.132912078020546,-0.7575022873290624,17.00557609395872,-1.0948550530299752,0.7545402434588656,-0.06534692024115336
-0.0007001743735502153,-40.132912078020546,-0.7575022873290624,17.00557609395872,-1.0948550530299752,0.7545402434588656,-0.06534692024115336
-0.0007001743735502153,-40.132912078020546,-0.7575022873290624,17.00557609395872,-1.0948550530299752,0.7545402434588656,-0.06534692024115336
-0.0003858389491873622,-40.13343587221974,-0.7573141691580858,17.005890630620495,-1.0948948148242357,0.7545470849918627,-0.06534851987299835
-0.0003858389491873622,-40.13343587221974,-0.7573141691580858,17.005890630620495,-1.0948948148242357,0.7545470849918627,-0.06534851987299835
-0.0003858389491873622,-40.13343587221974,-0.7573141691580858,17.005890630620495,-1.0948948148242357,0.7545470849918627,-0.06534851987299835
-0.0003858389491873622,-40.13343587221974,-0.7573141691580858,17.005890630620495,-1.0948948148242357,0.7545470849918627,-0.06534851987299835
-0.0003858389491873622,-40.13343587221974,-0.7573141691580858,17.005890630620495,-1.0948948148242357,0.7545470849918627,-0.06534851987299835
-0.0003858389491873622,-40.13343587221974,-0.7573141691580858,17.005890630620495,-1.0948948148242357,0.7545470849918627,-0.06534851987299835
-0.0003858389491873622,-40.13343587221974,-0.7573141691580858,17.005890630620495,-1.0948948148242357,0.7545470849918627,-0.06534851987299835
-0.0003858389491873622,-40.13343587221974,-0.7573141691580858,17.005890630620495,-1.0948948148242357,0.7545470849918627,-0.06534851987299835
-0.0003858389491873622,-40.13343587221974,-0.7573141691580858,17.005890630620495,-1.0948948148242357,0.7545470849918627,-0.06534851987299835
-0.0003858389491873622,-40.13343587221974,-0.7573141691580858,17.005890630620495,-1.0948948148242357,0.7545470849918627,-0.06534851987299835
-0.00011350169826807532,-40.13419269970397,-0.757158168694189,17.006303215723303,-1.0949386092441638,0.7545595318440348,-0.06535066156018703
-0.00011350169826807532,-40.13419269970397,-0.757158168694189,17.006303215723303,-1.0949386092441638,0.7545595318440348,-0.0653506615601-0.000-0.00011350169826807532,-40.13419269970397,-0.757158168694189,17.006303215723303,-1.0949386092441638,0.7545595318440348,-0.06535066156018703
-0.00011350169826807532,-40.13419269970397,-0.757158168694189,17.006303215723303,-1.0949386092441638,0.7545595318440348,-0.06535066156018703
-0.00011350169826807532,-40.13419269970397,-0.757158168694189,17.006303215723303,-1.0949386092441638,0.7545595318440348,-0.06535066156018703
-0.00011350169826807532,-40.13419269970397,-0.757158168694189,17.006303215723303,-1.0949386092441638,0.7545595318440348,-0.06535066156018703
-0.00011350169826807532,-40.13419269970397,-0.757158168694189,17.006303215723303,-1.0949386092441638,0.7545595318440348,-0.06535066156018703
-0.00011350169826807532,-40.13419269970397,-0.757158168694189,17.006303215723303,-1.0949386092441638,0.7545595318440348,-0.06535066156018703
-0.00011350169826807532,-40.13419269970397,-0.757158168694189,17.006303215723303,-1.0949386092441638,0.7545595318440348,-0.06535066156018703
-0.00011350169826807532,-40.13419269970397,-0.757158168694189,17.006303215723303,-1.0949386092441638,0.7545595318440348,-0.06535066156018703
0.00011098503482542279,-40.13509854342368,-0.7570360756590019,17.006773583922687,-1.0949833974287693,0.754575857379948,-0.06535314410061496
0.00011098503482542279,-40.13509854342368,-0.7570360756590019,17.006773583922687,-1.0949833974287693,0.754575857379948,-0.06535314410061496
0.00011098503482542279,-40.13509854342368,-0.7570360756590019,17.006773583922687,-1.0949833974287693,0.754575857379948,-0.06535314410061496
0.00011098503482542279,-40.13509854342368,-0.7570360756590019,17.006773583922687,-1.0949833974287693,0.754575857379948,-0.06535314410061496
0.00011098503482542279,-40.13509854342368,-0.7570360756590019,17.006773583922687,-1.0949833974287693,0.754575857379948,-0.06535314410061496
0.00011098503482542279,-40.13509854342368,-0.7570360756590019,17.006773583922687,-1.0949833974287693,0.754575857379948,-0.06535314410061496
0.00011098503482542279,-40.13509854342368,-0.7570360756590019,17.006773583922687,-1.0949833974287693,0.754575857379948,-0.06535314410061496
0.00011098503482542279,-40.13509854342368,-0.7570360756590019,17.006773583922687,-1.0949833974287693,0.754575857379948,-0.06535314410061496
0.00011098503482542279,-40.13509854342368,-0.7570360756590019,17.006773583922687,-1.0949833974287693,0.754575857379948,-0.06535314410061496
0.00011098503482542279,-40.13509854342368,-0.7570360756590019,17.006773583922687,-1.0949833974287693,0.754575857379948,-0.06535314410061496
0.00028540567673736284,-40.13607762517891,-0.7569475544517381,17.007266130270448,-1.0950266684782357,0.7545944616090903,-0.06535578521654771
0.00028540567673736284,-40.13607762517891,-0.7569475544517381,17.007266130270448,-1.0950266684782357,0.7545944616090903,-0.06535578521654771
0.00028540567673736284,-40.13607762517891,-0.7569475544517381,17.007266130270448,-1.0950266684782357,0.7545944616090903,-0.06535578521654771
0.00028540567673736284,-40.13607762517891,-0.7569475544517381,17.007266130270448,-1.0950266684782357,0.7545944616090903,-0.06535578521654771
0.00028540567673736284,-40.13607762517891,-0.7569475544517381,17.007266130270448,-1.0950266684782357,0.7545944616090903,-0.06535578521654771
0.00028540567673736284,-40.13607762517891,-0.7569475544517381,17.007266130270448,-1.0950266684782357,0.7545944616090903,-0.06535578521654771
0.00028540567673736284,-40.13607762517891,-0.7569475544517381,17.007266130270448,-1.0950266684782357,0.7545944616090903,-0.06535578521654771
0.00028540567673736284,-40.13607762517891,-0.7569475544517381,17.007266130270448,-1.0950266684782357,0.7545944616090903,-0.06535578521654771
0.00028540567673736284,-40.13607762517891,-0.7569475544517381,17.007266130270448,-1.0950266684782357,0.7545944616090903,-0.06535578521654771
0.00028540567673736284,-40.13607762517891,-0.7569475544517381,17.007266130270448,-1.0950266684782357,0.7545944616090903,-0.06535578521654771
0.00041057938939346636,-40.13706479445042,-0.7568905820471056,17.007750882457717,-1.0950664690636787,0.7546139309503425,-0.06535842765215794
0.00041057938939346636,-40.13706479445042,-0.7568905820471056,17.007750882457717,-1.0950664690636787,0.7546139309503425,-0.06535842765215794
0.00041057938939346636,-40.13706479445042,-0.7568905820471056,17.007750882457717,-1.0950664690636787,0.7546139309503425,-0.06535842765215794
0.00041057938939346636,-40.13706479445042,-0.7568905820471056,17.007750882457717,-1.0950664690636787,0.7546139309503425,-0.06535842765215794
0.00041057938939346636,-40.13706479445042,-0.7568905820471056,17.007750882457717,-1.0950664690636787,0.7546139309503425,-0.06535842765215794
0.00041057938939346636,-40.13706479445042,-0.7568905820471056,17.007750882457717,-1.0950664690636787,0.7546139309503425,-0.06535842765215794
0.00041057938939346636,-40.13706479445042,-0.7568905820471056,17.007750882457717,-1.0950664690636787,0.7546139309503425,-0.06535842765215794
0.00041057938939346636,-40.13706479445042,-0.7568905820471056,17.007750882457717,-1.0950664690636787,0.7546139309503425,-0.06535842765215794
0.00041057938939346636,-40.13706479445042,-0.7568905820471056,17.007750882457717,-1.0950664690636787,0.7546139309503425,-0.06535842765215794
0.00041057938939346636,-40.13706479445042,-0.7568905820471056,17.007750882457717,-1.0950664690636787,0.7546139309503425,-0.06535842765215794
0.0004897195742579084,-40.13800690638119,-0.756861887657728,17.008203992859542,-1.095101398394907,0.7546330767887341,-0.06536094277933362
0.0004897195742579084,-40.13800690638119,-0.756861887657728,17.008203992859542,-1.095101398394907,0.7546330767887341,-0.06536094277933362
0.0004897195742579084,-40.13800690638119,-0.756861887657728,17.008203992859542,-1.095101398394907,0.7546330767887341,-0.06536094277933362
0.0004897195742579084,-40.13800690638119,-0.756861887657728,17.008203992859542,-1.095101398394907,0.7546330767887341,-0.06536094277933362
0.0004897195742579084,-40.13800690638119,-0.756861887657728,17.008203992859542,-1.095101398394907,0.7546330767887341,-0.06536094277933362
0.0004897195742579084,-40.13800690638119,-0.756861887657728,17.008203992859542,-1.095101398394907,0.7546330767887341,-0.06536094277933362
0.0004897195742579084,-40.13800690638119,-0.756861887657728,17.008203992859542,-1.095101398394907,0.7546330767887341,-0.06536094277933362
0.0004897195742579084,-40.13800690638119,-0.756861887657728,17.008203992859542,-1.095101398394907,0.7546330767887341,-0.06536094277933362
0.0004897195742579084,-40.13800690638119,-0.756861887657728,17.008203992859542,-1.095101398394907,0.7546330767887341,-0.06536094277933362
0.0004897195742579084,-40.13800690638119,-0.756861887657728,17.008203992859542,-1.095101398394907,0.7546330767887341,-0.06536094277933362
0.0005277953562289634,-40.13886330943699,-0.7568573704170353,17.00860781657164,-1.0951305754382719,0.7546509548651591,-0.06536323200154148
0.0005277953562289634,-40.13886330943699,-0.7568573704170353,17.00860781657164,-1.0951305754382719,0.7546509548651591,-0.06536323200154148
0.0005277953562289634,-40.13886330943699,-0.7568573704170353,17.00860781657164,-1.0951305754382719,0.7546509548651591,-0.06536323200154148
0.0005277953562289634,-40.13886330943699,-0.7568573704170353,17.00860781657164,-1.0951305754382719,0.7546509548651591,-0.06536323200154148
0.0005277953562289634,-40.13886330943699,-0.7568573704170353,17.00860781657164,-1.0951305754382719,0.7546509548651591,-0.06536323200154148
0.0005277953562289634,-40.13886330943699,-0.7568573704170353,17.00860781657164,-1.0951305754382719,0.7546509548651591,-0.06536323200154148
0.0005277953562289634,-40.13886330943699,-0.7568573704170353,17.00860781657164,-1.0951305754382719,0.7546509548651591,-0.06536323200154148
0.0005277953562289634,-40.13886330943699,-0.7568573704170353,17.00860781657164,-1.0951305754382719,0.7546509548651591,-0.06536323200154148
0.0005277953562289634,-40.13886330943699,-0.7568573704170353,17.00860781657164,-1.0951305754382719,0.7546509548651591,-0.06536323200154148
0.0005277953562289634,-40.13886330943699,-0.7568573704170353,17.00860781657164,-1.0951305754382719,0.7546509548651591,-00.0004698935056663270.0005309278428688175,-40.13960558706025,-0.7568724778212362,17.008950650320696,-1.0951535854468406,0.7546668681491044,-0.06536522630129239
0.0005309278428688175,-40.13960558706025,-0.7568724778212362,17.008950650320696,-1.0951535854468406,0.7546668681491044,-0.06536522630129239
0.0005309278428688175,-40.13960558706025,-0.7568724778212362,17.008950650320696,-1.0951535854468406,0.7546668681491044,-0.06536522630129239
0.0005309278428688175,-40.13960558706025,-0.7568724778212362,17.008950650320696,-1.0951535854468406,0.7546668681491044,-0.06536522630129239
0.0005309278428688175,-40.13960558706025,-0.7568724778212362,17.008950650320696,-1.0951535854468406,0.7546668681491044,-0.06536522630129239
0.0005309278428688175,-40.13960558706025,-0.7568724778212362,17.008950650320696,-1.0951535854468406,0.7546668681491044,-0.06536522630129239
0.0005309278428688175,-40.13960558706025,-0.7568724778212362,17.008950650320696,-1.0951535854468406,0.7546668681491044,-0.06536522630129239
0.0005309278428688175,-40.13960558706025,-0.7568724778212362,17.008950650320696,-1.0951535854468406,0.7546668681491044,-0.06536522630129239
0.0005309278428688175,-40.13960558706025,-0.7568724778212362,17.008950650320696,-1.0951535854468406,0.7546668681491044,-0.06536522630129239
0.0005309278428688175,-40.13960558706025,-0.7568724778212362,17.008950650320696,-1.0951535854468406,0.7546668681491044,-0.06536522630129239
0.0005058455551658211,-40.14021670907741,-0.7569025328820135,17.009226210717486,-1.0951704124819999,0.7546803561423453,-0.06536688432151604
0.0005058455551658211,-40.14021670907741,-0.7569025328820135,17.009226210717486,-1.0951704124819999,0.7546803561423453,-0.06536688432151604
0.0005058455551658211,-40.14021670907741,-0.7569025328820135,17.009226210717486,-1.0951704124819999,0.7546803561423453,-0.06536688432151604
0.0005058455551658211,-40.14021670907741,-0.7569025328820135,17.009226210717486,-1.0951704124819999,0.7546803561423453,-0.06536688432151604
0.0005058455551658211,-40.14021670907741,-0.7569025328820135,17.009226210717486,-1.0951704124819999,0.7546803561423453,-0.06536688432151604
0.0005058455551658211,-40.14021670907741,-0.7569025328820135,17.009226210717486,-1.0951704124819999,0.7546803561423453,-0.06536688432151604
0.0005058455551658211,-40.14021670907741,-0.7569025328820135,17.009226210717486,-1.0951704124819999,0.7546803561423453,-0.06536688432151604
0.0005058455551658211,-40.14021670907741,-0.7569025328820135,17.009226210717486,-1.0951704124819999,0.7546803561423453,-0.06536688432151604
0.0005058455551658211,-40.14021670907741,-0.7569025328820135,17.009226210717486,-1.0951704124819999,0.7546803561423453,-0.06536688432151604
0.0005058455551658211,-40.14021670907741,-0.7569025328820135,17.009226210717486,-1.0951704124819999,0.7546803561423453,-0.06536688432151604
0.00045941561364493984,-40.14068974983482,-0.7569430030829709,17.00943292876462,-1.0951813641807884,0.7546911738571379,-0.06536818935082699
0.00045941561364493984,-40.14068974983482,-0.7569430030829709,17.00943292876462,-1.0951813641807884,0.7546911738571379,-0.06536818935082699
0.00045941561364493984,-40.14068974983482,-0.7569430030829709,17.00943292876462,-1.0951813641807884,0.7546911738571379,-0.06536818935082699
0.00045941561364493984,-40.14068974983482,-0.7569430030829709,17.00943292876462,-1.0951813641807884,0.7546911738571379,-0.06536818935082699
0.00045941561364493984,-40.14068974983482,-0.7569430030829709,17.00943292876462,-1.0951813641807884,0.7546911738571379,-0.06536818935082699
0.00045941561364493984,-40.14068974983482,-0.7569430030829709,17.00943292876462,-1.0951813641807884,0.7546911738571379,-0.06536818935082699
0.00045941561364493984,-40.14068974983482,-0.7569430030829709,17.00943292876462,-1.0951813641807884,0.7546911738571379,-0.06536818935082699
0.00045941561364493984,-40.14068974983482,-0.7569430030829709,17.00943292876462,-1.0951813641807884,0.7546911738571379,-0.06536818935082699
0.00045941561364493984,-40.14068974983482,-0.7569430030829709,17.00943292876462,-1.0951813641807884,0.7546911738571379,-0.06536818935082699
0.00045941561364493984,-40.14068974983482,-0.7569430030829709,17.00943292876462,-1.0951813641807884,0.7546911738571379,-0.06536818935082699
0.0003982600668205665,-40.141026322653246,-0.756989708604056,17.00957313258079,-1.0951869940780126,0.754699263450978,-0.06536914558748921
0.0003982600668205665,-40.141026322653246,-0.756989708604056,17.00957313258079,-1.0951869940780126,0.754699263450978,-0.06536914558748921
0.0003982600668205665,-40.141026322653246,-0.756989708604056,17.00957313258079,-1.0951869940780126,0.754699263450978,-0.06536914558748921
0.0003982600668205665,-40.141026322653246,-0.756989708604056,17.00957313258079,-1.0951869940780126,0.754699263450978,-0.06536914558748921
0.0003982600668205665,-40.141026322653246,-0.756989708604056,17.00957313258079,-1.0951869940780126,0.754699263450978,-0.06536914558748921
0.0003982600668205665,-40.141026322653246,-0.756989708604056,17.00957313258079,-1.0951869940780126,0.754699263450978,-0.06536914558748921
0.0003982600668205665,-40.141026322653246,-0.756989708604056,17.00957313258079,-1.0951869940780126,0.754699263450978,-0.06536914558748921
0.0003982600668205665,-40.141026322653246,-0.756989708604056,17.00957313258079,-1.0951869940780126,0.754699263450978,-0.06536914558748921
0.0003982600668205665,-40.141026322653246,-0.756989708604056,17.00957313258079,-1.0951869940780126,0.754699263450978,-0.06536914558748921
0.0003982600668205665,-40.141026322653246,-0.756989708604056,17.00957313258079,-1.0951869940780126,0.754699263450978,-0.06536914558748921
0.0003284604865193454,-40.14123486661819,-0.7570389709477265,17.009652182354735,-1.09518802601088,0.7547047214956502,-0.0653697740236701
0.0003284604865193454,-40.14123486661819,-0.7570389709477265,17.009652182354735,-1.09518802601088,0.7547047214956502,-0.0653697740236701
0.0003284604865193454,-40.14123486661819,-0.7570389709477265,17.009652182354735,-1.09518802601088,0.7547047214956502,-0.0653697740236701
0.0003284604865193454,-40.14123486661819,-0.7570389709477265,17.009652182354735,-1.09518802601088,0.7547047214956502,-0.0653697740236701
0.0003284604865193454,-40.14123486661819,-0.7570389709477265,17.009652182354735,-1.09518802601088,0.7547047214956502,-0.0653697740236701
0.0003284604865193454,-40.14123486661819,-0.7570389709477265,17.009652182354735,-1.09518802601088,0.7547047214956502,-0.0653697740236701
0.0003284604865193454,-40.14123486661819,-0.7570389709477265,17.009652182354735,-1.09518802601088,0.7547047214956502,-0.0653697740236701
0.0003284604865193454,-40.14123486661819,-0.7570389709477265,17.009652182354735,-1.09518802601088,0.7547047214956502,-0.0653697740236701
0.0003284604865193454,-40.14123486661819,-0.7570389709477265,17.009652182354735,-1.09518802601088,0.7547047214956502,-0.0653697740236701
0.0003284604865193454,-40.14123486661819,-0.7570389709477265,17.009652182354735,-1.09518802601088,0.7547047214956502,-0.0653697740236701
0.00025536745580164664,-40.14132883784151,-0.7570876923537704,17.009677604272408,-1.0951852855123096,0.7547077633515766,-0.06537010782656265
0.00025536745580164664,-40.14132883784151,-0.7570876923537704,17.009677604272408,-1.0951852855123096,0.7547077633515766,-0.06537010782656265
0.00025536745580164664,-40.14132883784151,-0.7570876923537704,17.009677604272408,-1.0951852855123096,0.7547077633515766,-0.06537010782656265
0.00025536745580164664,-40.14132883784151,-0.7570876923537704,17.009677604272408,-1.0951852855123096,0.7547077633515766,-0.06537010782656265
0.00025536745580164664,-40.14132883784151,-0.7570876923537704,17.009677604272408,-1.0951852855123096,0.7547077633515766,-0.06537010782656265
0.00025536745580164664,-40.14132883784151,-0.7570876923537704,17.009677604272408,-1.0951852855123096,0.7547077633515766,-0.06537010782656265
0.00025536745580164664,-40.14132883784151,-0.7570876923537704,17.009677604272408,-1.0951852855123096,0.7547077633515766,-0.06537010782656265
0.00025536745580164664,-40.14132883784151,0.00019404173382407848,-33.21383650591348,-0.3674520753325437,17.47987273743211,-1.1794935050101096,0.00025536745580164664,-40.14132883784151,-0.7570876923537704,17.009677604272408,-1.0951852855123096,0.7547077633515766,-0.06537010782656265
0.00025536745580164664,-40.14132883784151,-0.7570876923537704,17.009677604272408,-1.0951852855123096,0.7547077633515766,-0.06537010782656265
0.0001834160441492518,-40.141325274753704,-0.7571334417915734,17.009658305126283,-1.0951796331011503,0.7547086915795481,-0.06537018981024478
0.0001834160441492518,-40.141325274753704,-0.7571334417915734,17.009658305126283,-1.0951796331011503,0.7547086915795481,-0.06537018981024478
0.0001834160441492518,-40.141325274753704,-0.7571334417915734,17.009658305126283,-1.0951796331011503,0.7547086915795481,-0.06537018981024478
0.0001834160441492518,-40.141325274753704,-0.7571334417915734,17.009658305126283,-1.0951796331011503,0.7547086915795481,-0.06537018981024478
0.0001834160441492518,-40.141325274753704,-0.7571334417915734,17.009658305126283,-1.0951796331011503,0.7547086915795481,-0.06537018981024478
0.0001834160441492518,-40.141325274753704,-0.7571334417915734,17.009658305126283,-1.0951796331011503,0.7547086915795481,-0.06537018981024478
0.0001834160441492518,-40.141325274753704,-0.7571334417915734,17.009658305126283,-1.0951796331011503,0.7547086915795481,-0.06537018981024478
0.0001834160441492518,-40.141325274753704,-0.7571334417915734,17.009658305126283,-1.0951796331011503,0.7547086915795481,-0.06537018981024478
0.0001834160441492518,-40.141325274753704,-0.7571334417915734,17.009658305126283,-1.0951796331011503,0.7547086915795481,-0.06537018981024478
0.0001834160441492518,-40.141325274753704,-0.7571334417915734,17.009658305126283,-1.0951796331011503,0.7547086915795481,-0.06537018981024478
0.00011611949112295484,-40.14124296394731,-0.7571744129232441,17.009603832233317,-1.0951719182160111,0.7547078625591116,-0.06537006639223662
0.00011611949112295484,-40.14124296394731,-0.7571744129232441,17.009603832233317,-1.0951719182160111,0.7547078625591116,-0.06537006639223662
0.00011611949112295484,-40.14124296394731,-0.7571744129232441,17.009603832233317,-1.0951719182160111,0.7547078625591116,-0.06537006639223662
0.00011611949112295484,-40.14124296394731,-0.7571744129232441,17.009603832233317,-1.0951719182160111,0.7547078625591116,-0.06537006639223662
0.00011611949112295484,-40.14124296394731,-0.7571744129232441,17.009603832233317,-1.0951719182160111,0.7547078625591116,-0.06537006639223662
0.00011611949112295484,-40.14124296394731,-0.7571744129232441,17.009603832233317,-1.0951719182160111,0.7547078625591116,-0.06537006639223662
0.00011611949112295484,-40.14124296394731,-0.7571744129232441,17.009603832233317,-1.0951719182160111,0.7547078625591116,-0.06537006639223662
0.00011611949112295484,-40.14124296394731,-0.7571744129232441,17.009603832233317,-1.0951719182160111,0.7547078625591116,-0.06537006639223662
0.00011611949112295484,-40.14124296394731,-0.7571744129232441,17.009603832233317,-1.0951719182160111,0.7547078625591116,-0.06537006639223662
0.00011611949112295484,-40.14124296394731,-0.7571744129232441,17.009603832233317,-1.0951719182160111,0.7547078625591116,-0.06537006639223662
5.605787073999146e-05,-40.14110122747236,-0.7572094082355164,17.009523744943547,-1.0951629351641736,0.7547056558444456,-0.065369785756037
5.605787073999146e-05,-40.14110122747236,-0.7572094082355164,17.009523744943547,-1.0951629351641736,0.7547056558444456,-0.065369785756037
5.605787073999146e-05,-40.14110122747236,-0.7572094082355164,17.009523744943547,-1.0951629351641736,0.7547056558444456,-0.065369785756037
5.605787073999146e-05,-40.14110122747236,-0.7572094082355164,17.009523744943547,-1.0951629351641736,0.7547056558444456,-0.065369785756037
5.605787073999146e-05,-40.14110122747236,-0.7572094082355164,17.009523744943547,-1.0951629351641736,0.7547056558444456,-0.065369785756037
5.605787073999146e-05,-40.14110122747236,-0.7572094082355164,17.009523744943547,-1.0951629351641736,0.7547056558444456,-0.065369785756037
5.605787073999146e-05,-40.14110122747236,-0.7572094082355164,17.009523744943547,-1.0951629351641736,0.7547056558444456,-0.065369785756037
5.605787073999146e-05,-40.14110122747236,-0.7572094082355164,17.009523744943547,-1.0951629351641736,0.7547056558444456,-0.065369785756037
5.605787073999146e-05,-40.14110122747236,-0.7572094082355164,17.009523744943547,-1.0951629351641736,0.7547056558444456,-0.065369785756037
5.605787073999146e-05,-40.14110122747236,-0.7572094082355164,17.009523744943547,-1.0951629351641736,0.7547056558444456,-0.065369785756037
4.926670783182566e-06,-40.14091880860749,-0.7572377791370529,17.009427115355127,-1.0951533922022227,0.7547024506093338,-0.06536939479529837
4.926670783182566e-06,-40.14091880860749,-0.7572377791370529,17.009427115355127,-1.0951533922022227,0.7547024506093338,-0.06536939479529837
4.926670783182566e-06,-40.14091880860749,-0.7572377791370529,17.009427115355127,-1.0951533922022227,0.7547024506093338,-0.06536939479529837
4.926670783182566e-06,-40.14091880860749,-0.7572377791370529,17.009427115355127,-1.0951533922022227,0.7547024506093338,-0.06536939479529837
4.926670783182566e-06,-40.14091880860749,-0.7572377791370529,17.009427115355127,-1.0951533922022227,0.7547024506093338,-0.06536939479529837
4.926670783182566e-06,-40.14091880860749,-0.7572377791370529,17.009427115355127,-1.0951533922022227,0.7547024506093338,-0.06536939479529837
4.926670783182566e-06,-40.14091880860749,-0.7572377791370529,17.009427115355127,-1.0951533922022227,0.7547024506093338,-0.06536939479529837
4.926670783182566e-06,-40.14091880860749,-0.7572377791370529,17.009427115355127,-1.0951533922022227,0.7547024506093338,-0.06536939479529837
4.926670783182566e-06,-40.14091880860749,-0.7572377791370529,17.009427115355127,-1.0951533922022227,0.7547024506093338,-0.06536939479529837
4.926670783182566e-06,-40.14091880860749,-0.7572377791370529,17.009427115355127,-1.0951533922022227,0.7547024506093338,-0.06536939479529837
-3.637651517510171e-05,-40.14071300166725,-0.7572593521092564,17.009322148384534,-1.0951438912556897,0.7546986059759094,-0.06536893693342354
-3.637651517510171e-05,-40.14071300166725,-0.7572593521092564,17.009322148384534,-1.0951438912556897,0.7546986059759094,-0.06536893693342354
-3.637651517510171e-05,-40.14071300166725,-0.7572593521092564,17.009322148384534,-1.0951438912556897,0.7546986059759094,-0.06536893693342354
-3.637651517510171e-05,-40.14071300166725,-0.7572593521092564,17.009322148384534,-1.0951438912556897,0.7546986059759094,-0.06536893693342354
-3.637651517510171e-05,-40.14071300166725,-0.7572593521092564,17.009322148384534,-1.0951438912556897,0.7546986059759094,-0.06536893693342354
-3.637651517510171e-05,-40.14071300166725,-0.7572593521092564,17.009322148384534,-1.0951438912556897,0.7546986059759094,-0.06536893693342354
-3.637651517510171e-05,-40.14071300166725,-0.7572593521092564,17.009322148384534,-1.0951438912556897,0.7546986059759094,-0.06536893693342354
-3.637651517510171e-05,-40.14071300166725,-0.7572593521092564,17.009322148384534,-1.0951438912556897,0.7546986059759094,-0.06536893693342354
-3.637651517510171e-05,-40.14071300166725,-0.7572593521092564,17.009322148384534,-1.0951438912556897,0.7546986059759094,-0.06536893693342354
-3.637651517510171e-05,-40.14071300166725,-0.7572593521092564,17.009322148384534,-1.0951438912556897,0.7546986059759094,-0.06536893693342354
-6.764165795067579e-05,-40.14049902417552,-0.7572743435345198,17.009215919065532,-1.0951349170833118,0.7546944460461311,-0.0653684505543668
-6.764165795067579e-05,-40.14049902417552,-0.7572743435345198,17.009215919065532,-1.0951349170833118,0.7546944460461311,-0.0653684505543668
-6.764165795067579e-05,-40.14049902417552,-0.7572743435345198,17.009215919065532,-1.0951349170833118,0.7546944460461311,-0.0653684505543668
-6.764165795067579e-05,-40.14049902417552,-0.7572743435345198,17.009215919065532,-1.0951349170833118,0.7546944460461311,-0.0653684505543668
-6.764165795067579e-05,-40.14049902417552,-0.7572743435345198,17.009215919065532,-1.095134917083-8.978699260668612e-05,-33.21679609905331,-0.3676976754793571,17.481100262902643,-1.1795523049878187,0.37110761003185677,0.016675058650992905
-8.978699260668612e-05,-33.21679609905331,--6.764165795067579e-05,-40.14049902417552,-0.7572743435345198,17.009215919065532,-1.0951349170833118,0.7546944460461311,-0.0653684505543668
-6.764165795067579e-05,-40.14049902417552,-0.7572743435345198,17.009215919065532,-1.0951349170833118,0.7546944460461311,-0.0653684505543668
-6.764165795067579e-05,-40.14049902417552,-0.7572743435345198,17.009215919065532,-1.0951349170833118,0.7546944460461311,-0.0653684505543668
-6.764165795067579e-05,-40.14049902417552,-0.7572743435345198,17.009215919065532,-1.0951349170833118,0.7546944460461311,-0.0653684505543668
-8.922172583585143e-05,-40.14028961760227,-0.7572832713912999,17.009114218622283,-1.095126834568365,0.754690249531222,-0.0653679679948222
-8.922172583585143e-05,-40.14028961760227,-0.7572832713912999,17.009114218622283,-1.095126834568365,0.754690249531222,-0.0653679679948222
-8.922172583585143e-05,-40.14028961760227,-0.7572832713912999,17.009114218622283,-1.095126834568365,0.754690249531222,-0.0653679679948222
-8.922172583585143e-05,-40.14028961760227,-0.7572832713912999,17.009114218622283,-1.095126834568365,0.754690249531222,-0.0653679679948222
-8.922172583585143e-05,-40.14028961760227,-0.7572832713912999,17.009114218622283,-1.095126834568365,0.754690249531222,-0.0653679679948222
-8.922172583585143e-05,-40.14028961760227,-0.7572832713912999,17.009114218622283,-1.095126834568365,0.754690249531222,-0.0653679679948222
-8.922172583585143e-05,-40.14028961760227,-0.7572832713912999,17.009114218622283,-1.095126834568365,0.754690249531222,-0.0653679679948222
-8.922172583585143e-05,-40.14028961760227,-0.7572832713912999,17.009114218622283,-1.095126834568365,0.754690249531222,-0.0653679679948222
-8.922172583585143e-05,-40.14028961760227,-0.7572832713912999,17.009114218622283,-1.095126834568365,0.754690249531222,-0.0653679679948222
-8.922172583585143e-05,-40.14028961760227,-0.7572832713912999,17.009114218622283,-1.095126834568365,0.754690249531222,-0.0653679679948222
-0.00010190990292625846,-40.14009479693907,-0.7572868709454217,17.009021471712956,-1.0951198911435254,0.754686242682995,-0.06536751497147562
-0.00010190990292625846,-40.14009479693907,-0.7572868709454217,17.009021471712956,-1.0951198911435254,0.754686242682995,-0.06536751497147562
-0.00010190990292625846,-40.14009479693907,-0.7572868709454217,17.009021471712956,-1.0951198911435254,0.754686242682995,-0.06536751497147562
-0.00010190990292625846,-40.14009479693907,-0.7572868709454217,17.009021471712956,-1.0951198911435254,0.754686242682995,-0.06536751497147562
-0.00010190990292625846,-40.14009479693907,-0.7572868709454217,17.009021471712956,-1.0951198911435254,0.754686242682995,-0.06536751497147562
-0.00010190990292625846,-40.14009479693907,-0.7572868709454217,17.009021471712956,-1.0951198911435254,0.754686242682995,-0.06536751497147562
-0.00010190990292625846,-40.14009479693907,-0.7572868709454217,17.009021471712956,-1.0951198911435254,0.754686242682995,-0.06536751497147562
-0.00010190990292625846,-40.14009479693907,-0.7572868709454217,17.009021471712956,-1.0951198911435254,0.754686242682995,-0.06536751497147562
-0.00010190990292625846,-40.14009479693907,-0.7572868709454217,17.009021471712956,-1.0951198911435254,0.754686242682995,-0.06536751497147562
-0.00010190990292625846,-40.14009479693907,-0.7572868709454217,17.009021471712956,-1.0951198911435254,0.754686242682995,-0.06536751497147562
-0.00010679080423614182,-40.13992201187819,-0.7572860051569502,17.00894083727306,-1.09511423040165,0.7546826005372254,-0.06536711065307066
-0.00010679080423614182,-40.13992201187819,-0.7572860051569502,17.00894083727306,-1.09511423040165,0.7546826005372254,-0.06536711065307066
-0.00010679080423614182,-40.13992201187819,-0.7572860051569502,17.00894083727306,-1.09511423040165,0.7546826005372254,-0.06536711065307066
-0.00010679080423614182,-40.13992201187819,-0.7572860051569502,17.00894083727306,-1.09511423040165,0.7546826005372254,-0.06536711065307066
-0.00010679080423614182,-40.13992201187819,-0.7572860051569502,17.00894083727306,-1.09511423040165,0.7546826005372254,-0.06536711065307066
-0.00010679080423614182,-40.13992201187819,-0.7572860051569502,17.00894083727306,-1.09511423040165,0.7546826005372254,-0.06536711065307066
-0.00010679080423614182,-40.13992201187819,-0.7572860051569502,17.00894083727306,-1.09511423040165,0.7546826005372254,-0.06536711065307066
-0.00010679080423614182,-40.13992201187819,-0.7572860051569502,17.00894083727306,-1.09511423040165,0.7546826005372254,-0.06536711065307066
-0.00010679080423614182,-40.13992201187819,-0.7572860051569502,17.00894083727306,-1.09511423040165,0.7546826005372254,-0.06536711065307066
-0.00010679080423614182,-40.13992201187819,-0.7572860051569502,17.00894083727306,-1.09511423040165,0.7546826005372254,-0.06536711065307066
-0.00010514951593860895,-40.139776090728404,-0.757281602778755,17.008874219957445,-1.0951099015437484,0.754679444821184,-0.06536676792863665
-0.00010514951593860895,-40.139776090728404,-0.757281602778755,17.008874219957445,-1.0951099015437484,0.754679444821184,-0.06536676792863665
-0.00010514951593860895,-40.139776090728404,-0.757281602778755,17.008874219957445,-1.0951099015437484,0.754679444821184,-0.06536676792863665
-0.00010514951593860895,-40.139776090728404,-0.757281602778755,17.008874219957445,-1.0951099015437484,0.754679444821184,-0.06536676792863665
-0.00010514951593860895,-40.139776090728404,-0.757281602778755,17.008874219957445,-1.0951099015437484,0.754679444821184,-0.06536676792863665
-0.00010514951593860895,-40.139776090728404,-0.757281602778755,17.008874219957445,-1.0951099015437484,0.754679444821184,-0.06536676792863665
-0.00010514951593860895,-40.139776090728404,-0.757281602778755,17.008874219957445,-1.0951099015437484,0.754679444821184,-0.06536676792863665
-0.00010514951593860895,-40.139776090728404,-0.757281602778755,17.008874219957445,-1.0951099015437484,0.754679444821184,-0.06536676792863665
-0.00010514951593860895,-40.139776090728404,-0.757281602778755,17.008874219957445,-1.0951099015437484,0.754679444821184,-0.06536676792863665
-0.00010514951593860895,-40.139776090728404,-0.757281602778755,17.008874219957445,-1.0951099015437484,0.754679444821184,-0.06536676792863665
-9.835671310316314e-05,-40.13965953689343,-0.7572745946638073,17.00882242814934,-1.0951068750989694,0.754676848324228,-0.06536649385297667
-9.835671310316314e-05,-40.13965953689343,-0.7572745946638073,17.00882242814934,-1.0951068750989694,0.754676848324228,-0.06536649385297667
-9.835671310316314e-05,-40.13965953689343,-0.7572745946638073,17.00882242814934,-1.0951068750989694,0.754676848324228,-0.06536649385297667
-9.835671310316314e-05,-40.13965953689343,-0.7572745946638073,17.00882242814934,-1.0951068750989694,0.754676848324228,-0.06536649385297667
-9.835671310316314e-05,-40.13965953689343,-0.7572745946638073,17.00882242814934,-1.0951068750989694,0.754676848324228,-0.06536649385297667
-9.835671310316314e-05,-40.13965953689343,-0.7572745946638073,17.00882242814934,-1.0951068750989694,0.754676848324228,-0.06536649385297667
-9.835671310316314e-05,-40.13965953689343,-0.7572745946638073,17.00882242814934,-1.0951068750989694,0.754676848324228,-0.06536649385297667
-9.835671310316314e-05,-40.13965953689343,-0.7572745946638073,17.00882242814934,-1.0951068750989694,0.754676848324228,-0.06536649385297667
-9.835671310316314e-05,-40.13965953689343,-0.7572745946638073,17.00882242814934,-1.0951068750989694,0.754676848324228,-0.06536649385297667
-9.835671310316314e-05,-40.13965953689343,-0.7572745946638073,17.00882242814934,-1.0951068750989694,0.754676848324228,-0.06536649385297667
-8.778114701378669e-05,-40.139572841306844,-0.7572658637419983,17.00878534099846,-1.0951050595299303,0.7546748405578902,-0.06536629043946139
-8.778114701378669e-05,-40.139572841306844,-0.7572658637419983,17.00878534099846,-1.0951050595299303,0.7546748405578902,-0.06536629043946139
-8.778114701378669e-05,-40.139572841306844,-0.7572658637419983,17.00878534099846,-1.0951050595299303,0.7546748405578-9.3612147915688e-05,-33.21538093875293,-0.3676823534818943,17.480348818777863,-1.1795001681451789,0.3710796843172884,0.016674332084770944
-9.3612147915688e-05,-33.215-8.778114701378669e-05,-40.139572841306844,-0.7572658637419983,17.00878534099846,-1.0951050595299303,0.7546748405578902,-0.06536629043946139
-8.778114701378669e-05,-40.139572841306844,-0.7572658637419983,17.00878534099846,-1.0951050595299303,0.7546748405578902,-0.06536629043946139
-8.778114701378669e-05,-40.139572841306844,-0.7572658637419983,17.00878534099846,-1.0951050595299303,0.7546748405578902,-0.06536629043946139
-8.778114701378669e-05,-40.139572841306844,-0.7572658637419983,17.00878534099846,-1.0951050595299303,0.7546748405578902,-0.06536629043946139
-8.778114701378669e-05,-40.139572841306844,-0.7572658637419983,17.00878534099846,-1.0951050595299303,0.7546748405578902,-0.06536629043946139
-8.778114701378669e-05,-40.139572841306844,-0.7572658637419983,17.00878534099846,-1.0951050595299303,0.7546748405578902,-0.06536629043946139
-7.471866667832726e-05,-40.13951484054069,-0.7572562086241229,17.008762092137115,-1.095104317884002,0.7546734144970577,-0.06536615553309989
-7.471866667832726e-05,-40.13951484054069,-0.7572562086241229,17.008762092137115,-1.095104317884002,0.7546734144970577,-0.06536615553309989
-7.471866667832726e-05,-40.13951484054069,-0.7572562086241229,17.008762092137115,-1.095104317884002,0.7546734144970577,-0.06536615553309989
-7.471866667832726e-05,-40.13951484054069,-0.7572562086241229,17.008762092137115,-1.095104317884002,0.7546734144970577,-0.06536615553309989
-7.471866667832726e-05,-40.13951484054069,-0.7572562086241229,17.008762092137115,-1.095104317884002,0.7546734144970577,-0.06536615553309989
-7.471866667832726e-05,-40.13951484054069,-0.7572562086241229,17.008762092137115,-1.095104317884002,0.7546734144970577,-0.06536615553309989
-7.471866667832726e-05,-40.13951484054069,-0.7572562086241229,17.008762092137115,-1.095104317884002,0.7546734144970577,-0.06536615553309989
-7.471866667832726e-05,-40.13951484054069,-0.7572562086241229,17.008762092137115,-1.095104317884002,0.7546734144970577,-0.06536615553309989
-7.471866667832726e-05,-40.13951484054069,-0.7572562086241229,17.008762092137115,-1.095104317884002,0.7546734144970577,-0.06536615553309989
-7.471866667832726e-05,-40.13951484054069,-0.7572562086241229,17.008762092137115,-1.095104317884002,0.7546734144970577,-0.06536615553309989
-6.033928467919238e-05,-40.139483093127005,-0.7572463183446876,17.00875125714189,-1.095104483592365,0.7546725338604665,-0.06536608373083229
-6.033928467919238e-05,-40.139483093127005,-0.7572463183446876,17.00875125714189,-1.095104483592365,0.7546725338604665,-0.06536608373083229
-6.033928467919238e-05,-40.139483093127005,-0.7572463183446876,17.00875125714189,-1.095104483592365,0.7546725338604665,-0.06536608373083229
-6.033928467919238e-05,-40.139483093127005,-0.7572463183446876,17.00875125714189,-1.095104483592365,0.7546725338604665,-0.06536608373083229
-6.033928467919238e-05,-40.139483093127005,-0.7572463183446876,17.00875125714189,-1.095104483592365,0.7546725338604665,-0.06536608373083229
-6.033928467919238e-05,-40.139483093127005,-0.7572463183446876,17.00875125714189,-1.095104483592365,0.7546725338604665,-0.06536608373083229
-6.033928467919238e-05,-40.139483093127005,-0.7572463183446876,17.00875125714189,-1.095104483592365,0.7546725338604665,-0.06536608373083229
-6.033928467919238e-05,-40.139483093127005,-0.7572463183446876,17.00875125714189,-1.095104483592365,0.7546725338604665,-0.06536608373083229
-6.033928467919238e-05,-40.139483093127005,-0.7572463183446876,17.00875125714189,-1.095104483592365,0.7546725338604665,-0.06536608373083229
-6.033928467919238e-05,-40.139483093127005,-0.7572463183446876,17.00875125714189,-1.095104483592365,0.7546725338604665,-0.06536608373083229
-4.5651088541033636e-05,-40.13947425094855,-0.7572367579886881,17.008751034478635,-1.0951053748019752,0.754672140690835,-0.06536606729317691
-4.5651088541033636e-05,-40.13947425094855,-0.7572367579886881,17.008751034478635,-1.0951053748019752,0.754672140690835,-0.06536606729317691
-4.5651088541033636e-05,-40.13947425094855,-0.7572367579886881,17.008751034478635,-1.0951053748019752,0.754672140690835,-0.06536606729317691
-4.5651088541033636e-05,-40.13947425094855,-0.7572367579886881,17.008751034478635,-1.0951053748019752,0.754672140690835,-0.06536606729317691
-4.5651088541033636e-05,-40.13947425094855,-0.7572367579886881,17.008751034478635,-1.0951053748019752,0.754672140690835,-0.06536606729317691
-4.5651088541033636e-05,-40.13947425094855,-0.7572367579886881,17.008751034478635,-1.0951053748019752,0.754672140690835,-0.06536606729317691
-4.5651088541033636e-05,-40.13947425094855,-0.7572367579886881,17.008751034478635,-1.0951053748019752,0.754672140690835,-0.06536606729317691
-4.5651088541033636e-05,-40.13947425094855,-0.7572367579886881,17.008751034478635,-1.0951053748019752,0.754672140690835,-0.06536606729317691
-4.5651088541033636e-05,-40.13947425094855,-0.7572367579886881,17.008751034478635,-1.0951053748019752,0.754672140690835,-0.06536606729317691
-4.5651088541033636e-05,-40.13947425094855,-0.7572367579886881,17.008751034478635,-1.0951053748019752,0.754672140690835,-0.06536606729317691
-3.147970007082225e-05,-40.13948440717488,-0.7572279635931329,17.008759411603968,-1.0951068067018364,0.7546721625103617,-0.06536609700307167
-3.147970007082225e-05,-40.13948440717488,-0.7572279635931329,17.008759411603968,-1.0951068067018364,0.7546721625103617,-0.06536609700307167
-3.147970007082225e-05,-40.13948440717488,-0.7572279635931329,17.008759411603968,-1.0951068067018364,0.7546721625103617,-0.06536609700307167
-3.147970007082225e-05,-40.13948440717488,-0.7572279635931329,17.008759411603968,-1.0951068067018364,0.7546721625103617,-0.06536609700307167
-3.147970007082225e-05,-40.13948440717488,-0.7572279635931329,17.008759411603968,-1.0951068067018364,0.7546721625103617,-0.06536609700307167
-3.147970007082225e-05,-40.13948440717488,-0.7572279635931329,17.008759411603968,-1.0951068067018364,0.7546721625103617,-0.06536609700307167
-3.147970007082225e-05,-40.13948440717488,-0.7572279635931329,17.008759411603968,-1.0951068067018364,0.7546721625103617,-0.06536609700307167
-3.147970007082225e-05,-40.13948440717488,-0.7572279635931329,17.008759411603968,-1.0951068067018364,0.7546721625103617,-0.06536609700307167
-3.147970007082225e-05,-40.13948440717488,-0.7572279635931329,17.008759411603968,-1.0951068067018364,0.7546721625103617,-0.06536609700307167
-3.147970007082225e-05,-40.13948440717488,-0.7572279635931329,17.008759411603968,-1.0951068067018364,0.7546721625103617,-0.06536609700307167
-1.8461254713726465e-05,-40.139509407067095,-0.7572202448227896,17.008774310357058,-1.0951086016964895,0.7546725188914009,-0.06536616293601745
-1.8461254713726465e-05,-40.139509407067095,-0.7572202448227896,17.008774310357058,-1.0951086016964895,0.7546725188914009,-0.06536616293601745
-1.8461254713726465e-05,-40.139509407067095,-0.7572202448227896,17.008774310357058,-1.0951086016964895,0.7546725188914009,-0.06536616293601745
-1.8461254713726465e-05,-40.139509407067095,-0.7572202448227896,17.008774310357058,-1.0951086016964895,0.7546725188914009,-0.06536616293601745
-1.8461254713726465e-05,-40.139509407067095,-0.7572202448227896,17.008774310357058,-1.0951086016964895,0.7546725188914009,-0.06536616293601745
-1.8461254713726465e-05,-40.139509407067095,-0.7572202448227896,17.008774310357058,-1.0951086016964895,0.7546725188914009,-0.06536616293601745
-1.8461254713726465e-05,-40.139509407067095,-0.7572202448227896,17.008774310357058,-1.0951086016964895,0.7546725188914009,-0.06536616293601745
-1.8461254713726465e-05,-40.139509407067095,-0.7572202448227896,17.008774310357058,-1.0951086016964895,0.7546725188914009,-0.06536616293601745
-1.8461254713726465e-05,-40.139509407067095,-0.7572202448227896,17.008774310357058,-1.0951086016964895,0.7546725188914009,-0.06536616293601745
-1.8461254713726465e-05,-40.139509407067095,-0.7572202448227896,17.008774310357058,-1.0951086016964895,0.75467251889-5.284997267015942e-06,-33.213794964322396,-0.3675974251667415,17.479612092120416,-1.1794572581690888,0.3710476545286989,0.016673702649646727
-5.284997267015942e-06,-33.2-7.0466119645581365e-06,-40.139545112441155,-0.7572137937275659,17.008793708111412,-1.0951105972736268,0.7546731272086714,-0.0653662551198979
-7.0466119645581365e-06,-40.139545112441155,-0.7572137937275659,17.008793708111412,-1.0951105972736268,0.7546731272086714,-0.0653662551198979
-7.0466119645581365e-06,-40.139545112441155,-0.7572137937275659,17.008793708111412,-1.0951105972736268,0.7546731272086714,-0.0653662551198979
-7.0466119645581365e-06,-40.139545112441155,-0.7572137937275659,17.008793708111412,-1.0951105972736268,0.7546731272086714,-0.0653662551198979
-7.0466119645581365e-06,-40.139545112441155,-0.7572137937275659,17.008793708111412,-1.0951105972736268,0.7546731272086714,-0.0653662551198979
-7.0466119645581365e-06,-40.139545112441155,-0.7572137937275659,17.008793708111412,-1.0951105972736268,0.7546731272086714,-0.0653662551198979
-7.0466119645581365e-06,-40.139545112441155,-0.7572137937275659,17.008793708111412,-1.0951105972736268,0.7546731272086714,-0.0653662551198979
-7.0466119645581365e-06,-40.139545112441155,-0.7572137937275659,17.008793708111412,-1.0951105972736268,0.7546731272086714,-0.0653662551198979
-7.0466119645581365e-06,-40.139545112441155,-0.7572137937275659,17.008793708111412,-1.0951105972736268,0.7546731272086714,-0.0653662551198979
2.485634775791305e-06,-40.139587614817394,-0.7572086979276871,17.00881573292634,-1.0951126515042398,0.7546739073909137,-0.06536636406926138
2.485634775791305e-06,-40.139587614817394,-0.7572086979276871,17.00881573292634,-1.0951126515042398,0.7546739073909137,-0.06536636406926138
2.485634775791305e-06,-40.139587614817394,-0.7572086979276871,17.00881573292634,-1.0951126515042398,0.7546739073909137,-0.06536636406926138
2.485634775791305e-06,-40.139587614817394,-0.7572086979276871,17.00881573292634,-1.0951126515042398,0.7546739073909137,-0.06536636406926138
2.485634775791305e-06,-40.139587614817394,-0.7572086979276871,17.00881573292634,-1.0951126515042398,0.7546739073909137,-0.06536636406926138
2.485634775791305e-06,-40.139587614817394,-0.7572086979276871,17.00881573292634,-1.0951126515042398,0.7546739073909137,-0.06536636406926138
2.485634775791305e-06,-40.139587614817394,-0.7572086979276871,17.00881573292634,-1.0951126515042398,0.7546739073909137,-0.06536636406926138
2.485634775791305e-06,-40.139587614817394,-0.7572086979276871,17.00881573292634,-1.0951126515042398,0.7546739073909137,-0.06536636406926138
2.485634775791305e-06,-40.139587614817394,-0.7572086979276871,17.00881573292634,-1.0951126515042398,0.7546739073909137,-0.06536636406926138
2.485634775791305e-06,-40.139587614817394,-0.7572086979276871,17.00881573292634,-1.0951126515042398,0.7546739073909137,-0.06536636406926138
1.000974338879901e-05,-40.13963339591691,-0.7572049566632608,17.008838732582554,-1.0951146465231874,0.7546747856427369,-0.0653664811951326
1.000974338879901e-05,-40.13963339591691,-0.7572049566632608,17.008838732582554,-1.0951146465231874,0.7546747856427369,-0.0653664811951326
1.000974338879901e-05,-40.13963339591691,-0.7572049566632608,17.008838732582554,-1.0951146465231874,0.7546747856427369,-0.0653664811951326
1.000974338879901e-05,-40.13963339591691,-0.7572049566632608,17.008838732582554,-1.0951146465231874,0.7546747856427369,-0.0653664811951326
1.000974338879901e-05,-40.13963339591691,-0.7572049566632608,17.008838732582554,-1.0951146465231874,0.7546747856427369,-0.0653664811951326
1.000974338879901e-05,-40.13963339591691,-0.7572049566632608,17.008838732582554,-1.0951146465231874,0.7546747856427369,-0.0653664811951326
1.000974338879901e-05,-40.13963339591691,-0.7572049566632608,17.008838732582554,-1.0951146465231874,0.7546747856427369,-0.0653664811951326
1.000974338879901e-05,-40.13963339591691,-0.7572049566632608,17.008838732582554,-1.0951146465231874,0.7546747856427369,-0.0653664811951326
1.000974338879901e-05,-40.13963339591691,-0.7572049566632608,17.008838732582554,-1.0951146465231874,0.7546747856427369,-0.0653664811951326
1.000974338879901e-05,-40.13963339591691,-0.7572049566632608,17.008838732582554,-1.0951146465231874,0.7546747856427369,-0.0653664811951326
1.55292845046337e-05,-40.13967943715948,-0.7572024982999095,17.00886131904617,-1.0951164900437764,0.7546756971144549,-0.06536659908397219
1.55292845046337e-05,-40.13967943715948,-0.7572024982999095,17.00886131904617,-1.0951164900437764,0.7546756971144549,-0.06536659908397219
1.55292845046337e-05,-40.13967943715948,-0.7572024982999095,17.00886131904617,-1.0951164900437764,0.7546756971144549,-0.06536659908397219
1.55292845046337e-05,-40.13967943715948,-0.7572024982999095,17.00886131904617,-1.0951164900437764,0.7546756971144549,-0.06536659908397219
1.55292845046337e-05,-40.13967943715948,-0.7572024982999095,17.00886131904617,-1.0951164900437764,0.7546756971144549,-0.06536659908397219
1.55292845046337e-05,-40.13967943715948,-0.7572024982999095,17.00886131904617,-1.0951164900437764,0.7546756971144549,-0.06536659908397219
1.55292845046337e-05,-40.13967943715948,-0.7572024982999095,17.00886131904617,-1.0951164900437764,0.7546756971144549,-0.06536659908397219
1.55292845046337e-05,-40.13967943715948,-0.7572024982999095,17.00886131904617,-1.0951164900437764,0.7546756971144549,-0.06536659908397219
1.55292845046337e-05,-40.13967943715948,-0.7572024982999095,17.00886131904617,-1.0951164900437764,0.7546756971144549,-0.06536659908397219
1.55292845046337e-05,-40.13967943715948,-0.7572024982999095,17.00886131904617,-1.0951164900437764,0.7546756971144549,-0.06536659908397219
1.915150695159099e-05,-40.1397232821309,-0.757201198088483,17.00888239063441,-1.0951181152606393,0.7546765876038902,-0.06536671166585308
1.915150695159099e-05,-40.1397232821309,-0.757201198088483,17.00888239063441,-1.0951181152606393,0.7546765876038902,-0.06536671166585308
1.915150695159099e-05,-40.1397232821309,-0.757201198088483,17.00888239063441,-1.0951181152606393,0.7546765876038902,-0.06536671166585308
1.915150695159099e-05,-40.1397232821309,-0.757201198088483,17.00888239063441,-1.0951181152606393,0.7546765876038902,-0.06536671166585308
1.915150695159099e-05,-40.1397232821309,-0.757201198088483,17.00888239063441,-1.0951181152606393,0.7546765876038902,-0.06536671166585308
1.915150695159099e-05,-40.1397232821309,-0.757201198088483,17.00888239063441,-1.0951181152606393,0.7546765876038902,-0.06536671166585308
1.915150695159099e-05,-40.1397232821309,-0.757201198088483,17.00888239063441,-1.0951181152606393,0.7546765876038902,-0.06536671166585308
1.915150695159099e-05,-40.1397232821309,-0.757201198088483,17.00888239063441,-1.0951181152606393,0.7546765876038902,-0.06536671166585308
1.915150695159099e-05,-40.1397232821309,-0.757201198088483,17.00888239063441,-1.0951181152606393,0.7546765876038902,-0.06536671166585308
1.915150695159099e-05,-40.1397232821309,-0.757201198088483,17.00888239063441,-1.0951181152606393,0.7546765876038902,-0.06536671166585308
2.106135250256387e-05,-40.13976305775434,-0.7572008951997938,17.008901134958688,-1.0951194794643677,0.7546774143600538,-0.06536681427852924
2.106135250256387e-05,-40.13976305775434,-0.7572008951997938,17.008901134958688,-1.0951194794643677,0.7546774143600538,-0.06536681427852924
2.106135250256387e-05,-40.13976305775434,-0.7572008951997938,17.008901134958688,-1.0951194794643677,0.7546774143600538,-0.06536681427852924
2.106135250256387e-05,-40.13976305775434,-0.7572008951997938,17.008901134958688,-1.0951194794643677,0.7546774143600538,-0.06536681427852924
2.106135250256387e-05,-40.13976305775434,-0.7572008951997938,17.008901134958688,-1.0951194794643677,0.7546774143600538,-0.06536681427852924
2.106135250256387e-05,-40.13976305775434,-0.7572008951997938,17.008901134958688,-1.0951194794643677,0.7546774143600538,-0.06536681427852924
2.106135250256387e-05,-40.13976305775434,-0.7572008951997938,17.008901134958688,-1.0951194794643677,0.7546774143600538,-0.06536681427852924
2.106135250256387e-05,-40.13976305775434,-02.5632840825845677e-05,-33.21374951029308,-0.3675742247507215,17.479625274862975,-1.1794609823268947,0.3710465362755469,0.0166737411638222
2.5632840825845677e-05,-33.21374951029308,-0.3675742247507215,17.479625274862975,-1.1794609823268942.106135250256387e-05,-40.13976305775434,-0.7572008951997938,17.008901134958688,-1.0951194794643677,0.7546774143600538,-0.06536681427852924
2.1496541181618628e-05,-40.139797460944564,-0.7572014082830217,17.008917016218412,-1.0951205616460051,0.7546781461550031,-0.06536690364455484
2.1496541181618628e-05,-40.139797460944564,-0.7572014082830217,17.008917016218412,-1.0951205616460051,0.7546781461550031,-0.06536690364455484
2.1496541181618628e-05,-40.139797460944564,-0.7572014082830217,17.008917016218412,-1.0951205616460051,0.7546781461550031,-0.06536690364455484
2.1496541181618628e-05,-40.139797460944564,-0.7572014082830217,17.008917016218412,-1.0951205616460051,0.7546781461550031,-0.06536690364455484
2.1496541181618628e-05,-40.139797460944564,-0.7572014082830217,17.008917016218412,-1.0951205616460051,0.7546781461550031,-0.06536690364455484
2.1496541181618628e-05,-40.139797460944564,-0.7572014082830217,17.008917016218412,-1.0951205616460051,0.7546781461550031,-0.06536690364455484
2.1496541181618628e-05,-40.139797460944564,-0.7572014082830217,17.008917016218412,-1.0951205616460051,0.7546781461550031,-0.06536690364455484
2.1496541181618628e-05,-40.139797460944564,-0.7572014082830217,17.008917016218412,-1.0951205616460051,0.7546781461550031,-0.06536690364455484
2.1496541181618628e-05,-40.139797460944564,-0.7572014082830217,17.008917016218412,-1.0951205616460051,0.7546781461550031,-0.06536690364455484
2.1496541181618628e-05,-40.139797460944564,-0.7572014082830217,17.008917016218412,-1.0951205616460051,0.7546781461550031,-0.06536690364455484
2.072461238421939e-05,-40.139825708323016,-0.7572025488882834,17.008929746951978,-1.095121359310502,0.7546787625171191,-0.06536697775456177
2.072461238421939e-05,-40.139825708323016,-0.7572025488882834,17.008929746951978,-1.095121359310502,0.7546787625171191,-0.06536697775456177
2.072461238421939e-05,-40.139825708323016,-0.7572025488882834,17.008929746951978,-1.095121359310502,0.7546787625171191,-0.06536697775456177
2.072461238421939e-05,-40.139825708323016,-0.7572025488882834,17.008929746951978,-1.095121359310502,0.7546787625171191,-0.06536697775456177
2.072461238421939e-05,-40.139825708323016,-0.7572025488882834,17.008929746951978,-1.095121359310502,0.7546787625171191,-0.06536697775456177
2.072461238421939e-05,-40.139825708323016,-0.7572025488882834,17.008929746951978,-1.095121359310502,0.7546787625171191,-0.06536697775456177
2.072461238421939e-05,-40.139825708323016,-0.7572025488882834,17.008929746951978,-1.095121359310502,0.7546787625171191,-0.06536697775456177
2.072461238421939e-05,-40.139825708323016,-0.7572025488882834,17.008929746951978,-1.095121359310502,0.7546787625171191,-0.06536697775456177
2.072461238421939e-05,-40.139825708323016,-0.7572025488882834,17.008929746951978,-1.095121359310502,0.7546787625171191,-0.06536697775456177
2.072461238421939e-05,-40.139825708323016,-0.7572025488882834,17.008929746951978,-1.095121359310502,0.7546787625171191,-0.06536697775456177
1.9024105194276456e-05,-40.13984750738166,-0.7572041330161848,17.008939265564823,-1.0951218854201243,0.7546792532636015,-0.06536703582015882
1.9024105194276456e-05,-40.13984750738166,-0.7572041330161848,17.008939265564823,-1.0951218854201243,0.7546792532636015,-0.06536703582015882
1.9024105194276456e-05,-40.13984750738166,-0.7572041330161848,17.008939265564823,-1.0951218854201243,0.7546792532636015,-0.06536703582015882
1.9024105194276456e-05,-40.13984750738166,-0.7572041330161848,17.008939265564823,-1.0951218854201243,0.7546792532636015,-0.06536703582015882
1.9024105194276456e-05,-40.13984750738166,-0.7572041330161848,17.008939265564823,-1.0951218854201243,0.7546792532636015,-0.06536703582015882
1.9024105194276456e-05,-40.13984750738166,-0.7572041330161848,17.008939265564823,-1.0951218854201243,0.7546792532636015,-0.06536703582015882
1.9024105194276456e-05,-40.13984750738166,-0.7572041330161848,17.008939265564823,-1.0951218854201243,0.7546792532636015,-0.06536703582015882
1.9024105194276456e-05,-40.13984750738166,-0.7572041330161848,17.008939265564823,-1.0951218854201243,0.7546792532636015,-0.06536703582015882
1.9024105194276456e-05,-40.13984750738166,-0.7572041330161848,17.008939265564823,-1.0951218854201243,0.7546792532636015,-0.06536703582015882
1.9024105194276456e-05,-40.13984750738166,-0.7572041330161848,17.008939265564823,-1.0951218854201243,0.7546792532636015,-0.06536703582015882
1.6666442220672044e-05,-40.13986294855843,-0.7572059897096436,17.008945687777988,-1.0951221645837397,0.7546796166750555,-0.06536707798369223
1.6666442220672044e-05,-40.13986294855843,-0.7572059897096436,17.008945687777988,-1.0951221645837397,0.7546796166750555,-0.06536707798369223
1.6666442220672044e-05,-40.13986294855843,-0.7572059897096436,17.008945687777988,-1.0951221645837397,0.7546796166750555,-0.06536707798369223
1.6666442220672044e-05,-40.13986294855843,-0.7572059897096436,17.008945687777988,-1.0951221645837397,0.7546796166750555,-0.06536707798369223
1.6666442220672044e-05,-40.13986294855843,-0.7572059897096436,17.008945687777988,-1.0951221645837397,0.7546796166750555,-0.06536707798369223
1.6666442220672044e-05,-40.13986294855843,-0.7572059897096436,17.008945687777988,-1.0951221645837397,0.7546796166750555,-0.06536707798369223
1.6666442220672044e-05,-40.13986294855843,-0.7572059897096436,17.008945687777988,-1.0951221645837397,0.7546796166750555,-0.06536707798369223
1.6666442220672044e-05,-40.13986294855843,-0.7572059897096436,17.008945687777988,-1.0951221645837397,0.7546796166750555,-0.06536707798369223
1.6666442220672044e-05,-40.13986294855843,-0.7572059897096436,17.008945687777988,-1.0951221645837397,0.7546796166750555,-0.06536707798369223
1.6666442220672044e-05,-40.13986294855843,-0.7572059897096436,17.008945687777988,-1.0951221645837397,0.7546796166750555,-0.06536707798369223
1.390394498002119e-05,-40.13987243752088,-0.7572079676291996,17.008949268803793,-1.09512222950875,0.754679858003638,-0.06536710518426364
1.390394498002119e-05,-40.13987243752088,-0.7572079676291996,17.008949268803793,-1.09512222950875,0.754679858003638,-0.06536710518426364
1.390394498002119e-05,-40.13987243752088,-0.7572079676291996,17.008949268803793,-1.09512222950875,0.754679858003638,-0.06536710518426364
1.390394498002119e-05,-40.13987243752088,-0.7572079676291996,17.008949268803793,-1.09512222950875,0.754679858003638,-0.06536710518426364
1.390394498002119e-05,-40.13987243752088,-0.7572079676291996,17.008949268803793,-1.09512222950875,0.754679858003638,-0.06536710518426364
1.390394498002119e-05,-40.13987243752088,-0.7572079676291996,17.008949268803793,-1.09512222950875,0.754679858003638,-0.06536710518426364
1.390394498002119e-05,-40.13987243752088,-0.7572079676291996,17.008949268803793,-1.09512222950875,0.754679858003638,-0.06536710518426364
1.390394498002119e-05,-40.13987243752088,-0.7572079676291996,17.008949268803793,-1.09512222950875,0.754679858003638,-0.06536710518426364
1.390394498002119e-05,-40.13987243752088,-0.7572079676291996,17.008949268803793,-1.09512222950875,0.754679858003638,-0.06536710518426364
1.390394498002119e-05,-40.13987243752088,-0.7572079676291996,17.008949268803793,-1.09512222950875,0.754679858003638,-0.06536710518426364
1.0960334276453558e-05,-40.139876613707486,-0.757209938930289,17.008950363540652,-1.095122117763366,0.7546799878908166,-0.06536711894915062
1.0960334276453558e-05,-40.139876613707486,-0.757209938930289,17.008950363540652,-1.095122117763366,0.7546799878908166,-0.06536711894915062
1.0960334276453558e-05,-40.139876613707486,-0.757209938930289,17.008950363540652,-1.095122117763366,0.7546799878908166,-0.06536711894915062
1.0960334276453558e-05,-40.139876613707486,-0.757209938930289,17.008950363540652,-1.095122117763366,0.7546799878908166,-0.06536711894915062
1.0960334276453558e-05,-40.139876613707486,-0.757209938930289,17.008950363540652,-1.095122117763366,0.7546799878908166,-0.06536711894915062
1.0960334276453558e-05,-40.139876613707486,-1.1905482294502579e-05,-33.21412261499096,-0.36758904280458016,17.47980836633845,-1.1794724412463373,0.3710540335063065,0.01667390198866987
8.303092030739293e-06,-33.21418130995698,-0.3675924292868799,17.479835434864714,-1.179473993425961.0960334276453558e-05,-40.139876613707486,-0.757209938930289,17.008950363540652,-1.095122117763366,0.7546799878908166,-0.06536711894915062
1.0960334276453558e-05,-40.139876613707486,-0.757209938930289,17.008950363540652,-1.095122117763366,0.7546799878908166,-0.06536711894915062
1.0960334276453558e-05,-40.139876613707486,-0.757209938930289,17.008950363540652,-1.095122117763366,0.7546799878908166,-0.06536711894915062
8.024750175121898e-06,-40.13987627227519,-0.7572118013982463,17.008949389055367,-1.0951218689063438,0.7546800208006237,-0.06536712120444452
8.024750175121898e-06,-40.13987627227519,-0.7572118013982463,17.008949389055367,-1.0951218689063438,0.7546800208006237,-0.06536712120444452
8.024750175121898e-06,-40.13987627227519,-0.7572118013982463,17.008949389055367,-1.0951218689063438,0.7546800208006237,-0.06536712120444452
8.024750175121898e-06,-40.13987627227519,-0.7572118013982463,17.008949389055367,-1.0951218689063438,0.7546800208006237,-0.06536712120444452
8.024750175121898e-06,-40.13987627227519,-0.7572118013982463,17.008949389055367,-1.0951218689063438,0.7546800208006237,-0.06536712120444452
8.024750175121898e-06,-40.13987627227519,-0.7572118013982463,17.008949389055367,-1.0951218689063438,0.7546800208006237,-0.06536712120444452
8.024750175121898e-06,-40.13987627227519,-0.7572118013982463,17.008949389055367,-1.0951218689063438,0.7546800208006237,-0.06536712120444452
8.024750175121898e-06,-40.13987627227519,-0.7572118013982463,17.008949389055367,-1.0951218689063438,0.7546800208006237,-0.06536712120444452
8.024750175121898e-06,-40.13987627227519,-0.7572118013982463,17.008949389055367,-1.0951218689063438,0.7546800208006237,-0.06536712120444452
8.024750175121898e-06,-40.13987627227519,-0.7572118013982463,17.008949389055367,-1.0951218689063438,0.7546800208006237,-0.06536712120444452
5.248686864072577e-06,-40.13987229281212,-0.757213478722618,17.008946790957303,-1.0951215220555217,0.7546799735145105,-0.06536711409811337
5.248686864072577e-06,-40.13987229281212,-0.757213478722618,17.008946790957303,-1.0951215220555217,0.7546799735145105,-0.06536711409811337
5.248686864072577e-06,-40.13987229281212,-0.757213478722618,17.008946790957303,-1.0951215220555217,0.7546799735145105,-0.06536711409811337
5.248686864072577e-06,-40.13987229281212,-0.757213478722618,17.008946790957303,-1.0951215220555217,0.7546799735145105,-0.06536711409811337
5.248686864072577e-06,-40.13987229281212,-0.757213478722618,17.008946790957303,-1.0951215220555217,0.7546799735145105,-0.06536711409811337
5.248686864072577e-06,-40.13987229281212,-0.757213478722618,17.008946790957303,-1.0951215220555217,0.7546799735145105,-0.06536711409811337
5.248686864072577e-06,-40.13987229281212,-0.757213478722618,17.008946790957303,-1.0951215220555217,0.7546799735145105,-0.06536711409811337
5.248686864072577e-06,-40.13987229281212,-0.757213478722618,17.008946790957303,-1.0951215220555217,0.7546799735145105,-0.06536711409811337
5.248686864072577e-06,-40.13987229281212,-0.757213478722618,17.008946790957303,-1.0951215220555217,0.7546799735145105,-0.06536711409811337
5.248686864072577e-06,-40.13987229281212,-0.757213478722618,17.008946790957303,-1.0951215220555217,0.7546799735145105,-0.06536711409811337
2.745512472598132e-06,-40.139865577235504,-0.7572149193926513,17.008943014700755,-1.0951211139432362,0.7546798638321149,-0.06536709984901064
2.745512472598132e-06,-40.139865577235504,-0.7572149193926513,17.008943014700755,-1.0951211139432362,0.7546798638321149,-0.06536709984901064
2.745512472598132e-06,-40.139865577235504,-0.7572149193926513,17.008943014700755,-1.0951211139432362,0.7546798638321149,-0.06536709984901064
2.745512472598132e-06,-40.139865577235504,-0.7572149193926513,17.008943014700755,-1.0951211139432362,0.7546798638321149,-0.06536709984901064
2.745512472598132e-06,-40.139865577235504,-0.7572149193926513,17.008943014700755,-1.0951211139432362,0.7546798638321149,-0.06536709984901064
2.745512472598132e-06,-40.139865577235504,-0.7572149193926513,17.008943014700755,-1.0951211139432362,0.7546798638321149,-0.06536709984901064
2.745512472598132e-06,-40.139865577235504,-0.7572149193926513,17.008943014700755,-1.0951211139432362,0.7546798638321149,-0.06536709984901064
2.745512472598132e-06,-40.139865577235504,-0.7572149193926513,17.008943014700755,-1.0951211139432362,0.7546798638321149,-0.06536709984901064
2.745512472598132e-06,-40.139865577235504,-0.7572149193926513,17.008943014700755,-1.0951211139432362,0.7546798638321149,-0.06536709984901064
2.745512472598132e-06,-40.139865577235504,-0.7572149193926513,17.008943014700755,-1.0951211139432362,0.7546798638321149,-0.06536709984901064
5.920609112746894e-07,-40.13985699843356,-0.7572160945003917,17.00893848232198,-1.0951206774710844,0.7546797094226175,-0.06536708061722363
5.920609112746894e-07,-40.13985699843356,-0.7572160945003917,17.00893848232198,-1.0951206774710844,0.7546797094226175,-0.06536708061722363
5.920609112746894e-07,-40.13985699843356,-0.7572160945003917,17.00893848232198,-1.0951206774710844,0.7546797094226175,-0.06536708061722363
5.920609112746894e-07,-40.13985699843356,-0.7572160945003917,17.00893848232198,-1.0951206774710844,0.7546797094226175,-0.06536708061722363
5.920609112746894e-07,-40.13985699843356,-0.7572160945003917,17.00893848232198,-1.0951206774710844,0.7546797094226175,-0.06536708061722363
5.920609112746894e-07,-40.13985699843356,-0.7572160945003917,17.00893848232198,-1.0951206774710844,0.7546797094226175,-0.06536708061722363
5.920609112746894e-07,-40.13985699843356,-0.7572160945003917,17.00893848232198,-1.0951206774710844,0.7546797094226175,-0.06536708061722363
5.920609112746894e-07,-40.13985699843356,-0.7572160945003917,17.00893848232198,-1.0951206774710844,0.7546797094226175,-0.06536708061722363
5.920609112746894e-07,-40.13985699843356,-0.7572160945003917,17.00893848232198,-1.0951206774710844,0.7546797094226175,-0.06536708061722363
5.920609112746894e-07,-40.13985699843356,-0.7572160945003917,17.00893848232198,-1.0951206774710844,0.7546797094226175,-0.06536708061722363
-1.16818444531871e-06,-40.139847360150384,-0.7572169947934946,17.00893357487884,-1.0951202407307898,0.7546795269258326,-0.06536705840406573
-1.16818444531871e-06,-40.139847360150384,-0.7572169947934946,17.00893357487884,-1.0951202407307898,0.7546795269258326,-0.06536705840406573
-1.16818444531871e-06,-40.139847360150384,-0.7572169947934946,17.00893357487884,-1.0951202407307898,0.7546795269258326,-0.06536705840406573
-1.16818444531871e-06,-40.139847360150384,-0.7572169947934946,17.00893357487884,-1.0951202407307898,0.7546795269258326,-0.06536705840406573
-1.16818444531871e-06,-40.139847360150384,-0.7572169947934946,17.00893357487884,-1.0951202407307898,0.7546795269258326,-0.06536705840406573
-1.16818444531871e-06,-40.139847360150384,-0.7572169947934946,17.00893357487884,-1.0951202407307898,0.7546795269258326,-0.06536705840406573
-1.16818444531871e-06,-40.139847360150384,-0.7572169947934946,17.00893357487884,-1.0951202407307898,0.7546795269258326,-0.06536705840406573
-1.16818444531871e-06,-40.139847360150384,-0.7572169947934946,17.00893357487884,-1.0951202407307898,0.7546795269258326,-0.06536705840406573
-1.16818444531871e-06,-40.139847360150384,-0.7572169947934946,17.00893357487884,-1.0951202407307898,0.7546795269258326,-0.06536705840406573
-1.16818444531871e-06,-40.139847360150384,-0.7572169947934946,17.00893357487884,-1.0951202407307898,0.7546795269258326,-0.06536705840406573
-2.5207965984969553e-06,-40.1398373681936,-0.7572176272789942,17.008928620332192,-1.0951198264649322,0.7546793312836296,-0.06536703497873514
-2.5207965984969553e-06,-40.1398373681936,-0.7572176272789942,17.008928620332192,-1.0951198264649322,0.7546793312836296,-0.06536703497873514
-2.5207965984969553e-06,-40.1398373681936,-0.7572176272789942,17.008928620332192,-1.0951198264649322,0.7546793312836296,-0.06536703497873514
-2.520796598496-4.1084009663156975e-06,-33.21431566561777,-0.36760322785429084,17.47989223487688,-1.1794768079906468,0.3710579734223407,0.016673967425450863
-4.1084009663156975e-06,-33.21431566561777,-0.36760322785429084,17.47989223487688,-1.1794768079906468,0.3710579734223407,0.016-2.5207965984969553e-06,-40.1398373681936,-0.7572176272789942,17.008928620332192,-1.0951198264649322,0.7546793312836296,-0.06536703497873514
-2.5207965984969553e-06,-40.1398373681936,-0.7572176272789942,17.008928620332192,-1.0951198264649322,0.7546793312836296,-0.06536703497873514
-2.5207965984969553e-06,-40.1398373681936,-0.7572176272789942,17.008928620332192,-1.0951198264649322,0.7546793312836296,-0.06536703497873514
-2.5207965984969553e-06,-40.1398373681936,-0.7572176272789942,17.008928620332192,-1.0951198264649322,0.7546793312836296,-0.06536703497873514
-2.5207965984969553e-06,-40.1398373681936,-0.7572176272789942,17.008928620332192,-1.0951198264649322,0.7546793312836296,-0.06536703497873514
-3.4758343146308384e-06,-40.139827609545016,-0.7572180118212046,17.00892388527322,-1.0951194518167249,0.7546791352164348,-0.06536701182870934
-3.4758343146308384e-06,-40.139827609545016,-0.7572180118212046,17.00892388527322,-1.0951194518167249,0.7546791352164348,-0.06536701182870934
-3.4758343146308384e-06,-40.139827609545016,-0.7572180118212046,17.00892388527322,-1.0951194518167249,0.7546791352164348,-0.06536701182870934
-3.4758343146308384e-06,-40.139827609545016,-0.7572180118212046,17.00892388527322,-1.0951194518167249,0.7546791352164348,-0.06536701182870934
-3.4758343146308384e-06,-40.139827609545016,-0.7572180118212046,17.00892388527322,-1.0951194518167249,0.7546791352164348,-0.06536701182870934
-3.4758343146308384e-06,-40.139827609545016,-0.7572180118212046,17.00892388527322,-1.0951194518167249,0.7546791352164348,-0.06536701182870934
-3.4758343146308384e-06,-40.139827609545016,-0.7572180118212046,17.00892388527322,-1.0951194518167249,0.7546791352164348,-0.06536701182870934
-3.4758343146308384e-06,-40.139827609545016,-0.7572180118212046,17.00892388527322,-1.0951194518167249,0.7546791352164348,-0.06536701182870934
-3.4758343146308384e-06,-40.139827609545016,-0.7572180118212046,17.00892388527322,-1.0951194518167249,0.7546791352164348,-0.06536701182870934
-3.4758343146308384e-06,-40.139827609545016,-0.7572180118212046,17.00892388527322,-1.0951194518167249,0.7546791352164348,-0.06536701182870934
-4.0612718274893605e-06,-40.13981855191612,-0.757218177005065,17.008919576326928,-1.095119128741424,0.7546789491378311,-0.06536699013967635
-4.0612718274893605e-06,-40.13981855191612,-0.757218177005065,17.008919576326928,-1.095119128741424,0.7546789491378311,-0.06536699013967635
-4.0612718274893605e-06,-40.13981855191612,-0.757218177005065,17.008919576326928,-1.095119128741424,0.7546789491378311,-0.06536699013967635
-4.0612718274893605e-06,-40.13981855191612,-0.757218177005065,17.008919576326928,-1.095119128741424,0.7546789491378311,-0.06536699013967635
-4.0612718274893605e-06,-40.13981855191612,-0.757218177005065,17.008919576326928,-1.095119128741424,0.7546789491378311,-0.06536699013967635
-4.0612718274893605e-06,-40.13981855191612,-0.757218177005065,17.008919576326928,-1.095119128741424,0.7546789491378311,-0.06536699013967635
-4.0612718274893605e-06,-40.13981855191612,-0.757218177005065,17.008919576326928,-1.095119128741424,0.7546789491378311,-0.06536699013967635
-4.0612718274893605e-06,-40.13981855191612,-0.757218177005065,17.008919576326928,-1.095119128741424,0.7546789491378311,-0.06536699013967635
-4.0612718274893605e-06,-40.13981855191612,-0.757218177005065,17.008919576326928,-1.095119128741424,0.7546789491378311,-0.06536699013967635
-4.0612718274893605e-06,-40.13981855191612,-0.757218177005065,17.008919576326928,-1.095119128741424,0.7546789491378311,-0.06536699013967635
-4.319302177584175e-06,-40.139810535089005,-0.7572181574750851,17.008915837443542,-1.0951188641950704,0.7546787809031974,-0.06536697079611588
-4.319302177584175e-06,-40.139810535089005,-0.7572181574750851,17.008915837443542,-1.0951188641950704,0.7546787809031974,-0.06536697079611588
-4.319302177584175e-06,-40.139810535089005,-0.7572181574750851,17.008915837443542,-1.0951188641950704,0.7546787809031974,-0.06536697079611588
-4.319302177584175e-06,-40.139810535089005,-0.7572181574750851,17.008915837443542,-1.0951188641950704,0.7546787809031974,-0.06536697079611588
-4.319302177584175e-06,-40.139810535089005,-0.7572181574750851,17.008915837443542,-1.0951188641950704,0.7546787809031974,-0.06536697079611588
-4.319302177584175e-06,-40.139810535089005,-0.7572181574750851,17.008915837443542,-1.0951188641950704,0.7546787809031974,-0.06536697079611588
-4.319302177584175e-06,-40.139810535089005,-0.7572181574750851,17.008915837443542,-1.0951188641950704,0.7546787809031974,-0.06536697079611588
-4.319302177584175e-06,-40.139810535089005,-0.7572181574750851,17.008915837443542,-1.0951188641950704,0.7546787809031974,-0.06536697079611588
-4.319302177584175e-06,-40.139810535089005,-0.7572181574750851,17.008915837443542,-1.0951188641950704,0.7546787809031974,-0.06536697079611588
-4.319302177584175e-06,-40.139810535089005,-0.7572181574750851,17.008915837443542,-1.0951188641950704,0.7546787809031974,-0.06536697079611588
-4.3008838671035945e-06,-40.13980377963465,-0.7572179907635975,17.008912755321916,-1.0951186607539896,0.7546786359320009,-0.06536695438534132
-4.3008838671035945e-06,-40.13980377963465,-0.7572179907635975,17.008912755321916,-1.0951186607539896,0.7546786359320009,-0.06536695438534132
-4.3008838671035945e-06,-40.13980377963465,-0.7572179907635975,17.008912755321916,-1.0951186607539896,0.7546786359320009,-0.06536695438534132
-4.3008838671035945e-06,-40.13980377963465,-0.7572179907635975,17.008912755321916,-1.0951186607539896,0.7546786359320009,-0.06536695438534132
-4.3008838671035945e-06,-40.13980377963465,-0.7572179907635975,17.008912755321916,-1.0951186607539896,0.7546786359320009,-0.06536695438534132
-4.3008838671035945e-06,-40.13980377963465,-0.7572179907635975,17.008912755321916,-1.0951186607539896,0.7546786359320009,-0.06536695438534132
-4.3008838671035945e-06,-40.13980377963465,-0.7572179907635975,17.008912755321916,-1.0951186607539896,0.7546786359320009,-0.06536695438534132
-4.3008838671035945e-06,-40.13980377963465,-0.7572179907635975,17.008912755321916,-1.0951186607539896,0.7546786359320009,-0.06536695438534132
-4.3008838671035945e-06,-40.13980377963465,-0.7572179907635975,17.008912755321916,-1.0951186607539896,0.7546786359320009,-0.06536695438534132
-4.3008838671035945e-06,-40.13980377963465,-0.7572179907635975,17.008912755321916,-1.0951186607539896,0.7546786359320009,-0.06536695438534132
-4.061381650917777e-06,-40.13979839811823,-0.7572177147174262,17.008910365800894,-1.09511851732394,0.7546785174106664,-0.06536694122608534
-4.061381650917777e-06,-40.13979839811823,-0.7572177147174262,17.008910365800894,-1.09511851732394,0.7546785174106664,-0.06536694122608534
-4.061381650917777e-06,-40.13979839811823,-0.7572177147174262,17.008910365800894,-1.09511851732394,0.7546785174106664,-0.06536694122608534
-4.061381650917777e-06,-40.13979839811823,-0.7572177147174262,17.008910365800894,-1.09511851732394,0.7546785174106664,-0.06536694122608534
-4.061381650917777e-06,-40.13979839811823,-0.7572177147174262,17.008910365800894,-1.09511851732394,0.7546785174106664,-0.06536694122608534
-4.061381650917777e-06,-40.13979839811823,-0.7572177147174262,17.008910365800894,-1.09511851732394,0.7546785174106664,-0.06536694122608534
-4.061381650917777e-06,-40.13979839811823,-0.7572177147174262,17.008910365800894,-1.09511851732394,0.7546785174106664,-0.06536694122608534
-4.061381650917777e-06,-40.13979839811823,-0.7572177147174262,17.008910365800894,-1.09511851732394,0.7546785174106664,-0.06536694122608534
-4.061381650917777e-06,-40.13979839811823,-0.7572177147174262,17.008910365800894,-1.09511851732394,0.7546785174106664,-0.06536694122608534
-4.061381650917777e-06,-40.13979839811823,-0.7572177147174262,17.008910365800894,-1.09511851732394,0.7546785174106664,-0.06536694122608534
-3.656805451851805-4.4939141333146115e-06,-33.2142479139542,-0.3676026426686537,17.479855137326695,-1.1794741873326653,0.3710566280395137,0.016673932974166056
-4.4939141333146115e-06,-33.2142479139542,-0.3676026426686537,17.479855137326695,-1.1794741873326653,0.3710566280395137,0.-3.656805451851805e-06,-40.13979440982017,-0.7572173654616036,17.00890866168048,-1.0951184298970877,0.7546784264928262,-0.06536693140440182
-3.656805451851805e-06,-40.13979440982017,-0.7572173654616036,17.00890866168048,-1.0951184298970877,0.7546784264928262,-0.06536693140440182
-3.656805451851805e-06,-40.13979440982017,-0.7572173654616036,17.00890866168048,-1.0951184298970877,0.7546784264928262,-0.06536693140440182
-3.656805451851805e-06,-40.13979440982017,-0.7572173654616036,17.00890866168048,-1.0951184298970877,0.7546784264928262,-0.06536693140440182
-3.656805451851805e-06,-40.13979440982017,-0.7572173654616036,17.00890866168048,-1.0951184298970877,0.7546784264928262,-0.06536693140440182
-3.656805451851805e-06,-40.13979440982017,-0.7572173654616036,17.00890866168048,-1.0951184298970877,0.7546784264928262,-0.06536693140440182
-3.656805451851805e-06,-40.13979440982017,-0.7572173654616036,17.00890866168048,-1.0951184298970877,0.7546784264928262,-0.06536693140440182
-3.656805451851805e-06,-40.13979440982017,-0.7572173654616036,17.00890866168048,-1.0951184298970877,0.7546784264928262,-0.06536693140440182
-3.140766120278511e-06,-40.13979175751196,-0.7572169758328715,17.008907601310973,-1.095118392318127,0.7546783626815614,-0.06536692481296547
-3.140766120278511e-06,-40.13979175751196,-0.7572169758328715,17.008907601310973,-1.095118392318127,0.7546783626815614,-0.06536692481296547
-3.140766120278511e-06,-40.13979175751196,-0.7572169758328715,17.008907601310973,-1.095118392318127,0.7546783626815614,-0.06536692481296547
-3.140766120278511e-06,-40.13979175751196,-0.7572169758328715,17.008907601310973,-1.095118392318127,0.7546783626815614,-0.06536692481296547
-3.140766120278511e-06,-40.13979175751196,-0.7572169758328715,17.008907601310973,-1.095118392318127,0.7546783626815614,-0.06536692481296547
-3.140766120278511e-06,-40.13979175751196,-0.7572169758328715,17.008907601310973,-1.095118392318127,0.7546783626815614,-0.06536692481296547
-3.140766120278511e-06,-40.13979175751196,-0.7572169758328715,17.008907601310973,-1.095118392318127,0.7546783626815614,-0.06536692481296547
-3.140766120278511e-06,-40.13979175751196,-0.7572169758328715,17.008907601310973,-1.095118392318127,0.7546783626815614,-0.06536692481296547
-3.140766120278511e-06,-40.13979175751196,-0.7572169758328715,17.008907601310973,-1.095118392318127,0.7546783626815614,-0.06536692481296547
-3.140766120278511e-06,-40.13979175751196,-0.7572169758328715,17.008907601310973,-1.095118392318127,0.7546783626815614,-0.06536692481296547
-2.5621477429148313e-06,-40.13979032503827,-0.7572165743095203,17.008907117338943,-1.095118397021326,0.7546783241558114,-0.06536692119446313
-2.5621477429148313e-06,-40.13979032503827,-0.7572165743095203,17.008907117338943,-1.095118397021326,0.7546783241558114,-0.06536692119446313
-2.5621477429148313e-06,-40.13979032503827,-0.7572165743095203,17.008907117338943,-1.095118397021326,0.7546783241558114,-0.06536692119446313
-2.5621477429148313e-06,-40.13979032503827,-0.7572165743095203,17.008907117338943,-1.095118397021326,0.7546783241558114,-0.06536692119446313
-2.5621477429148313e-06,-40.13979032503827,-0.7572165743095203,17.008907117338943,-1.095118397021326,0.7546783241558114,-0.06536692119446313
-2.5621477429148313e-06,-40.13979032503827,-0.7572165743095203,17.008907117338943,-1.095118397021326,0.7546783241558114,-0.06536692119446313
-2.5621477429148313e-06,-40.13979032503827,-0.7572165743095203,17.008907117338943,-1.095118397021326,0.7546783241558114,-0.06536692119446313
-2.5621477429148313e-06,-40.13979032503827,-0.7572165743095203,17.008907117338943,-1.095118397021326,0.7546783241558114,-0.06536692119446313
-2.5621477429148313e-06,-40.13979032503827,-0.7572165743095203,17.008907117338943,-1.095118397021326,0.7546783241558114,-0.06536692119446313
-2.5621477429148313e-06,-40.13979032503827,-0.7572165743095203,17.008907117338943,-1.095118397021326,0.7546783241558114,-0.06536692119446313
-1.9634878501957897e-06,-40.13978995463535,-0.7572161843718654,17.008907125127784,-1.095118435681576,0.7546783081081774,-0.06536692018413805
-1.9634878501957897e-06,-40.13978995463535,-0.7572161843718654,17.008907125127784,-1.095118435681576,0.7546783081081774,-0.06536692018413805
-1.9634878501957897e-06,-40.13978995463535,-0.7572161843718654,17.008907125127784,-1.095118435681576,0.7546783081081774,-0.06536692018413805
-1.9634878501957897e-06,-40.13978995463535,-0.7572161843718654,17.008907125127784,-1.095118435681576,0.7546783081081774,-0.06536692018413805
-1.9634878501957897e-06,-40.13978995463535,-0.7572161843718654,17.008907125127784,-1.095118435681576,0.7546783081081774,-0.06536692018413805
-1.9634878501957897e-06,-40.13978995463535,-0.7572161843718654,17.008907125127784,-1.095118435681576,0.7546783081081774,-0.06536692018413805
-1.9634878501957897e-06,-40.13978995463535,-0.7572161843718654,17.008907125127784,-1.095118435681576,0.7546783081081774,-0.06536692018413805
-1.9634878501957897e-06,-40.13978995463535,-0.7572161843718654,17.008907125127784,-1.095118435681576,0.7546783081081774,-0.06536692018413805
-1.9634878501957897e-06,-40.13978995463535,-0.7572161843718654,17.008907125127784,-1.095118435681576,0.7546783081081774,-0.06536692018413805
-1.9634878501957897e-06,-40.13978995463535,-0.7572161843718654,17.008907125127784,-1.095118435681576,0.7546783081081774,-0.06536692018413805
-1.380005619936112e-06,-40.13979046310821,-0.7572158242553236,17.008907530487132,-1.0951184998006136,0.7546783110952747,-0.06536692134843089
-1.380005619936112e-06,-40.13979046310821,-0.7572158242553236,17.008907530487132,-1.0951184998006136,0.7546783110952747,-0.06536692134843089
-1.380005619936112e-06,-40.13979046310821,-0.7572158242553236,17.008907530487132,-1.0951184998006136,0.7546783110952747,-0.06536692134843089
-1.380005619936112e-06,-40.13979046310821,-0.7572158242553236,17.008907530487132,-1.0951184998006136,0.7546783110952747,-0.06536692134843089
-1.380005619936112e-06,-40.13979046310821,-0.7572158242553236,17.008907530487132,-1.0951184998006136,0.7546783110952747,-0.06536692134843089
-1.380005619936112e-06,-40.13979046310821,-0.7572158242553236,17.008907530487132,-1.0951184998006136,0.7546783110952747,-0.06536692134843089
-1.380005619936112e-06,-40.13979046310821,-0.7572158242553236,17.008907530487132,-1.0951184998006136,0.7546783110952747,-0.06536692134843089
-1.380005619936112e-06,-40.13979046310821,-0.7572158242553236,17.008907530487132,-1.0951184998006136,0.7546783110952747,-0.06536692134843089
-1.380005619936112e-06,-40.13979046310821,-0.7572158242553236,17.008907530487132,-1.0951184998006136,0.7546783110952747,-0.06536692134843089
-1.380005619936112e-06,-40.13979046310821,-0.7572158242553236,17.008907530487132,-1.0951184998006136,0.7546783110952747,-0.06536692134843089
-8.392021397984727e-07,-40.13979165625587,-0.757215507027519,17.008908236408963,-1.095118581180864,0.7546783293262882,-0.06536692422200957
-8.392021397984727e-07,-40.13979165625587,-0.757215507027519,17.008908236408963,-1.095118581180864,0.7546783293262882,-0.06536692422200957
-8.392021397984727e-07,-40.13979165625587,-0.757215507027519,17.008908236408963,-1.095118581180864,0.7546783293262882,-0.06536692422200957
-8.392021397984727e-07,-40.13979165625587,-0.757215507027519,17.008908236408963,-1.095118581180864,0.7546783293262882,-0.06536692422200957
-8.392021397984727e-07,-40.13979165625587,-0.757215507027519,17.008908236408963,-1.095118581180864,0.7546783293262882,-0.06536692422200957
-8.392021397984727e-07,-40.13979165625587,-0.757215507027519,17.008908236408963,-1.095118581180864,0.7546783293262882,-0.06536692422200957
-8.392021397984727e-07,-40.13979165625587,-0.757215507027519,17.008908236408963,-1.095118581180864,0.7546783293262882,-0.06536692422200957
-8.392021397984727e-07,-40.13979165625587,-0.757215507027519,17.008908236408963,-1.095118581180864,0.75-4.5114292886899364e-08,-33.21417482717642,-0.3675984532940476,17.479821241968914,-1.1794722322221427,0.37105514582301874,0.01667390535573203
-4.5114292886899364e-08,-33.214174-8.392021397984727e-07,-40.13979165625587,-0.757215507027519,17.008908236408963,-1.095118581180864,0.7546783293262882,-0.06536692422200957
-3.60942442911431e-07,-40.139793341132766,-0.7572152409197062,17.008909148656237,-1.0951186722935145,0.754678358932495,-0.0653669283381637
-3.60942442911431e-07,-40.139793341132766,-0.7572152409197062,17.008909148656237,-1.0951186722935145,0.754678358932495,-0.0653669283381637
-3.60942442911431e-07,-40.139793341132766,-0.7572152409197062,17.008909148656237,-1.0951186722935145,0.754678358932495,-0.0653669283381637
-3.60942442911431e-07,-40.139793341132766,-0.7572152409197062,17.008909148656237,-1.0951186722935145,0.754678358932495,-0.0653669283381637
-3.60942442911431e-07,-40.139793341132766,-0.7572152409197062,17.008909148656237,-1.0951186722935145,0.754678358932495,-0.0653669283381637
-3.60942442911431e-07,-40.139793341132766,-0.7572152409197062,17.008909148656237,-1.0951186722935145,0.754678358932495,-0.0653669283381637
-3.60942442911431e-07,-40.139793341132766,-0.7572152409197062,17.008909148656237,-1.0951186722935145,0.754678358932495,-0.0653669283381637
-3.60942442911431e-07,-40.139793341132766,-0.7572152409197062,17.008909148656237,-1.0951186722935145,0.754678358932495,-0.0653669283381637
-3.60942442911431e-07,-40.139793341132766,-0.7572152409197062,17.008909148656237,-1.0951186722935145,0.754678358932495,-0.0653669283381637
-3.60942442911431e-07,-40.139793341132766,-0.7572152409197062,17.008909148656237,-1.0951186722935145,0.754678358932495,-0.0653669283381637
4.2080950818824125e-08,-40.13979533587207,-0.757215029848701,17.008910180213135,-1.095118766539734,0.7546783961940825,-0.0653669332525745
4.2080950818824125e-08,-40.13979533587207,-0.757215029848701,17.008910180213135,-1.095118766539734,0.7546783961940825,-0.0653669332525745
4.2080950818824125e-08,-40.13979533587207,-0.757215029848701,17.008910180213135,-1.095118766539734,0.7546783961940825,-0.0653669332525745
4.2080950818824125e-08,-40.13979533587207,-0.757215029848701,17.008910180213135,-1.095118766539734,0.7546783961940825,-0.0653669332525745
4.2080950818824125e-08,-40.13979533587207,-0.757215029848701,17.008910180213135,-1.095118766539734,0.7546783961940825,-0.0653669332525745
4.2080950818824125e-08,-40.13979533587207,-0.757215029848701,17.008910180213135,-1.095118766539734,0.7546783961940825,-0.0653669332525745
4.2080950818824125e-08,-40.13979533587207,-0.757215029848701,17.008910180213135,-1.095118766539734,0.7546783961940825,-0.0653669332525745
4.2080950818824125e-08,-40.13979533587207,-0.757215029848701,17.008910180213135,-1.095118766539734,0.7546783961940825,-0.0653669332525745
4.2080950818824125e-08,-40.13979533587207,-0.757215029848701,17.008910180213135,-1.095118766539734,0.7546783961940825,-0.0653669332525745
4.2080950818824125e-08,-40.13979533587207,-0.757215029848701,17.008910180213135,-1.095118766539734,0.7546783961940825,-0.0653669332525745
3.6360097070214873e-07,-40.13979747710515,-0.7572148740628621,17.008911254406467,-1.095118858421372,0.7546784376918649,-0.06536693856379709
3.6360097070214873e-07,-40.13979747710515,-0.7572148740628621,17.008911254406467,-1.095118858421372,0.7546784376918649,-0.06536693856379709
3.6360097070214873e-07,-40.13979747710515,-0.7572148740628621,17.008911254406467,-1.095118858421372,0.7546784376918649,-0.06536693856379709
3.6360097070214873e-07,-40.13979747710515,-0.7572148740628621,17.008911254406467,-1.095118858421372,0.7546784376918649,-0.06536693856379709
3.6360097070214873e-07,-40.13979747710515,-0.7572148740628621,17.008911254406467,-1.095118858421372,0.7546784376918649,-0.06536693856379709
3.6360097070214873e-07,-40.13979747710515,-0.7572148740628621,17.008911254406467,-1.095118858421372,0.7546784376918649,-0.06536693856379709
3.6360097070214873e-07,-40.13979747710515,-0.7572148740628621,17.008911254406467,-1.095118858421372,0.7546784376918649,-0.06536693856379709
3.6360097070214873e-07,-40.13979747710515,-0.7572148740628621,17.008911254406467,-1.095118858421372,0.7546784376918649,-0.06536693856379709
3.6360097070214873e-07,-40.13979747710515,-0.7572148740628621,17.008911254406467,-1.095118858421372,0.7546784376918649,-0.06536693856379709
3.6360097070214873e-07,-40.13979747710515,-0.7572148740628621,17.008911254406467,-1.095118858421372,0.7546784376918649,-0.06536693856379709
6.028403137784309e-07,-40.1397996249605,-0.7572147708511976,17.008912306962095,-1.0951189436085125,0.7546784804417972,-0.06536694392468091
6.028403137784309e-07,-40.1397996249605,-0.7572147708511976,17.008912306962095,-1.0951189436085125,0.7546784804417972,-0.06536694392468091
6.028403137784309e-07,-40.1397996249605,-0.7572147708511976,17.008912306962095,-1.0951189436085125,0.7546784804417972,-0.06536694392468091
6.028403137784309e-07,-40.1397996249605,-0.7572147708511976,17.008912306962095,-1.0951189436085125,0.7546784804417972,-0.06536694392468091
6.028403137784309e-07,-40.1397996249605,-0.7572147708511976,17.008912306962095,-1.0951189436085125,0.7546784804417972,-0.06536694392468091
6.028403137784309e-07,-40.1397996249605,-0.7572147708511976,17.008912306962095,-1.0951189436085125,0.7546784804417972,-0.06536694392468091
6.028403137784309e-07,-40.1397996249605,-0.7572147708511976,17.008912306962095,-1.0951189436085125,0.7546784804417972,-0.06536694392468091
6.028403137784309e-07,-40.1397996249605,-0.7572147708511976,17.008912306962095,-1.0951189436085125,0.7546784804417972,-0.06536694392468091
6.028403137784309e-07,-40.1397996249605,-0.7572147708511976,17.008912306962095,-1.0951189436085125,0.7546784804417972,-0.06536694392468091
6.028403137784309e-07,-40.1397996249605,-0.7572147708511976,17.008912306962095,-1.0951189436085125,0.7546784804417972,-0.06536694392468091
7.634030396772079e-07,-40.13980166531943,-0.7572147153000223,17.00891328671307,-1.0951190189352282,0.7546785219512716,-0.0653669490508856
7.634030396772079e-07,-40.13980166531943,-0.7572147153000223,17.00891328671307,-1.0951190189352282,0.7546785219512716,-0.0653669490508856
7.634030396772079e-07,-40.13980166531943,-0.7572147153000223,17.00891328671307,-1.0951190189352282,0.7546785219512716,-0.0653669490508856
7.634030396772079e-07,-40.13980166531943,-0.7572147153000223,17.00891328671307,-1.0951190189352282,0.7546785219512716,-0.0653669490508856
7.634030396772079e-07,-40.13980166531943,-0.7572147153000223,17.00891328671307,-1.0951190189352282,0.7546785219512716,-0.0653669490508856
7.634030396772079e-07,-40.13980166531943,-0.7572147153000223,17.00891328671307,-1.0951190189352282,0.7546785219512716,-0.0653669490508856
7.634030396772079e-07,-40.13980166531943,-0.7572147153000223,17.00891328671307,-1.0951190189352282,0.7546785219512716,-0.0653669490508856
7.634030396772079e-07,-40.13980166531943,-0.7572147153000223,17.00891328671307,-1.0951190189352282,0.7546785219512716,-0.0653669490508856
7.634030396772079e-07,-40.13980166531943,-0.7572147153000223,17.00891328671307,-1.0951190189352282,0.7546785219512716,-0.0653669490508856
7.634030396772079e-07,-40.13980166531943,-0.7572147153000223,17.00891328671307,-1.0951190189352282,0.7546785219512716,-0.0653669490508856
8.524485292574504e-07,-40.13980351251989,-0.7572147008923358,17.008914156564696,-1.0951190823764403,0.7546785602862717,-0.06536695372437701
8.524485292574504e-07,-40.13980351251989,-0.7572147008923358,17.008914156564696,-1.0951190823764403,0.7546785602862717,-0.06536695372437701
8.524485292574504e-07,-40.13980351251989,-0.7572147008923358,17.008914156564696,-1.0951190823764403,0.7546785602862717,-0.06536695372437701
8.524485292574504e-07,-40.13980351251989,-0.7572147008923358,17.008914156564696,-1.0951190823764403,0.7546785602862717,-0.06536695372437701
8.524485292574504e-07,-40.13980351251989,-0.7572147008923358,17.008914156564696,-1.0951190823764403,0.7546785602862717,-0.06536695372437701
8.524485292574504e-07,-40.13980351251989,-0.7572147008923358,17.008914156564696,-1.09511908231.2809598251892267e-06,-33.21417046269576,-0.36759742753863417,17.47982059885859,-1.1794723101504165,0.3710550511329192,0.01667390578054656
1.2809598251892267e-06,-33.21417046269576,-0.3678.524485292574504e-07,-40.13980351251989,-0.7572147008923358,17.008914156564696,-1.0951190823764403,0.7546785602862717,-0.06536695372437701
8.524485292574504e-07,-40.13980351251989,-0.7572147008923358,17.008914156564696,-1.0951190823764403,0.7546785602862717,-0.06536695372437701
8.524485292574504e-07,-40.13980351251989,-0.7572147008923358,17.008914156564696,-1.0951190823764403,0.7546785602862717,-0.06536695372437701
8.793827445418185e-07,-40.13980510686218,-0.7572147202615742,17.008914892035197,-1.0951191329057648,0.7546785940485599,-0.0653669577923681
8.793827445418185e-07,-40.13980510686218,-0.7572147202615742,17.008914892035197,-1.0951191329057648,0.7546785940485599,-0.0653669577923681
8.793827445418185e-07,-40.13980510686218,-0.7572147202615742,17.008914892035197,-1.0951191329057648,0.7546785940485599,-0.0653669577923681
8.793827445418185e-07,-40.13980510686218,-0.7572147202615742,17.008914892035197,-1.0951191329057648,0.7546785940485599,-0.0653669577923681
8.793827445418185e-07,-40.13980510686218,-0.7572147202615742,17.008914892035197,-1.0951191329057648,0.7546785940485599,-0.0653669577923681
8.793827445418185e-07,-40.13980510686218,-0.7572147202615742,17.008914892035197,-1.0951191329057648,0.7546785940485599,-0.0653669577923681
8.793827445418185e-07,-40.13980510686218,-0.7572147202615742,17.008914892035197,-1.0951191329057648,0.7546785940485599,-0.0653669577923681
8.793827445418185e-07,-40.13980510686218,-0.7572147202615742,17.008914892035197,-1.0951191329057648,0.7546785940485599,-0.0653669577923681
8.793827445418185e-07,-40.13980510686218,-0.7572147202615742,17.008914892035197,-1.0951191329057648,0.7546785940485599,-0.0653669577923681
8.793827445418185e-07,-40.13980510686218,-0.7572147202615742,17.008914892035197,-1.0951191329057648,0.7546785940485599,-0.0653669577923681
8.550117354592311e-07,-40.139806413252664,-0.7572147657225214,17.00891548031116,-1.09511917036587,0.7546786223310259,-0.06536696116210998
8.550117354592311e-07,-40.139806413252664,-0.7572147657225214,17.00891548031116,-1.09511917036587,0.7546786223310259,-0.06536696116210998
8.550117354592311e-07,-40.139806413252664,-0.7572147657225214,17.00891548031116,-1.09511917036587,0.7546786223310259,-0.06536696116210998
8.550117354592311e-07,-40.139806413252664,-0.7572147657225214,17.00891548031116,-1.09511917036587,0.7546786223310259,-0.06536696116210998
8.550117354592311e-07,-40.139806413252664,-0.7572147657225214,17.00891548031116,-1.09511917036587,0.7546786223310259,-0.06536696116210998
8.550117354592311e-07,-40.139806413252664,-0.7572147657225214,17.00891548031116,-1.09511917036587,0.7546786223310259,-0.06536696116210998
8.550117354592311e-07,-40.139806413252664,-0.7572147657225214,17.00891548031116,-1.09511917036587,0.7546786223310259,-0.06536696116210998
8.550117354592311e-07,-40.139806413252664,-0.7572147657225214,17.00891548031116,-1.09511917036587,0.7546786223310259,-0.06536696116210998
8.550117354592311e-07,-40.139806413252664,-0.7572147657225214,17.00891548031116,-1.09511917036587,0.7546786223310259,-0.06536696116210998
8.550117354592311e-07,-40.139806413252664,-0.7572147657225214,17.00891548031116,-1.09511917036587,0.7546786223310259,-0.06536696116210998
7.906972334135499e-07,-40.1398074183325,-0.7572148297289787,17.008915918734782,-1.0951191953074881,0.7546786447013206,-0.06536696379275041
7.906972334135499e-07,-40.1398074183325,-0.7572148297289787,17.008915918734782,-1.0951191953074881,0.7546786447013206,-0.06536696379275041
7.906972334135499e-07,-40.1398074183325,-0.7572148297289787,17.008915918734782,-1.0951191953074881,0.7546786447013206,-0.06536696379275041
7.906972334135499e-07,-40.1398074183325,-0.7572148297289787,17.008915918734782,-1.0951191953074881,0.7546786447013206,-0.06536696379275041
7.906972334135499e-07,-40.1398074183325,-0.7572148297289787,17.008915918734782,-1.0951191953074881,0.7546786447013206,-0.06536696379275041
7.906972334135499e-07,-40.1398074183325,-0.7572148297289787,17.008915918734782,-1.0951191953074881,0.7546786447013206,-0.06536696379275041
7.906972334135499e-07,-40.1398074183325,-0.7572148297289787,17.008915918734782,-1.0951191953074881,0.7546786447013206,-0.06536696379275041
7.906972334135499e-07,-40.1398074183325,-0.7572148297289787,17.008915918734782,-1.0951191953074881,0.7546786447013206,-0.06536696379275041
7.906972334135499e-07,-40.1398074183325,-0.7572148297289787,17.008915918734782,-1.0951191953074881,0.7546786447013206,-0.06536696379275041
7.906972334135499e-07,-40.1398074183325,-0.7572148297289787,17.008915918734782,-1.0951191953074881,0.7546786447013206,-0.06536696379275041
6.976567738712154e-07,-40.139808127045086,-0.757214905248988,17.008916212982488,-1.0951192088229351,0.7546786611161207,-0.0653669656952941
6.976567738712154e-07,-40.139808127045086,-0.757214905248988,17.008916212982488,-1.0951192088229351,0.7546786611161207,-0.0653669656952941
6.976567738712154e-07,-40.139808127045086,-0.757214905248988,17.008916212982488,-1.0951192088229351,0.7546786611161207,-0.0653669656952941
6.976567738712154e-07,-40.139808127045086,-0.757214905248988,17.008916212982488,-1.0951192088229351,0.7546786611161207,-0.0653669656952941
6.976567738712154e-07,-40.139808127045086,-0.757214905248988,17.008916212982488,-1.0951192088229351,0.7546786611161207,-0.0653669656952941
6.976567738712154e-07,-40.139808127045086,-0.757214905248988,17.008916212982488,-1.0951192088229351,0.7546786611161207,-0.0653669656952941
6.976567738712154e-07,-40.139808127045086,-0.757214905248988,17.008916212982488,-1.0951192088229351,0.7546786611161207,-0.0653669656952941
6.976567738712154e-07,-40.139808127045086,-0.757214905248988,17.008916212982488,-1.0951192088229351,0.7546786611161207,-0.0653669656952941
6.976567738712154e-07,-40.139808127045086,-0.757214905248988,17.008916212982488,-1.0951192088229351,0.7546786611161207,-0.0653669656952941
6.976567738712154e-07,-40.139808127045086,-0.757214905248988,17.008916212982488,-1.0951192088229351,0.7546786611161207,-0.0653669656952941
5.864038366186103e-07,-40.13980855887908,-0.7572149860307393,17.008916375173207,-1.0951192123934055,0.7546786718510797,-0.06536696690463566
5.864038366186103e-07,-40.13980855887908,-0.7572149860307393,17.008916375173207,-1.0951192123934055,0.7546786718510797,-0.06536696690463566
5.864038366186103e-07,-40.13980855887908,-0.7572149860307393,17.008916375173207,-1.0951192123934055,0.7546786718510797,-0.06536696690463566
5.864038366186103e-07,-40.13980855887908,-0.7572149860307393,17.008916375173207,-1.0951192123934055,0.7546786718510797,-0.06536696690463566
5.864038366186103e-07,-40.13980855887908,-0.7572149860307393,17.008916375173207,-1.0951192123934055,0.7546786718510797,-0.06536696690463566
5.864038366186103e-07,-40.13980855887908,-0.7572149860307393,17.008916375173207,-1.0951192123934055,0.7546786718510797,-0.06536696690463566
5.864038366186103e-07,-40.13980855887908,-0.7572149860307393,17.008916375173207,-1.0951192123934055,0.7546786718510797,-0.06536696690463566
5.864038366186103e-07,-40.13980855887908,-0.7572149860307393,17.008916375173207,-1.0951192123934055,0.7546786718510797,-0.06536696690463566
5.864038366186103e-07,-40.13980855887908,-0.7572149860307393,17.008916375173207,-1.0951192123934055,0.7546786718510797,-0.06536696690463566
5.864038366186103e-07,-40.13980855887908,-0.7572149860307393,17.008916375173207,-1.0951192123934055,0.7546786718510797,-0.06536696690463566
4.6633802695634654e-07,-40.13980874407449,-0.7572150667785629,17.0089164220193,-1.0951192077332605,0.7546786774179958,-0.0653669674981684
4.6633802695634654e-07,-40.13980874407449,-0.7572150667785629,17.0089164220193,-1.0951192077332605,0.7546786774179958,-0.0653669674981684
4.6633802695634654e-07,-40.13980874407449,-0.7572150667785629,17.0089164220193,-1.0951192077332605,0.7546786774179958,-0.0653669674981684
4.6633802695634654e-07,-40.13980874407449,-0.7572150667785629,17.0089164220193,-1.0951192077332605,0.7546786774179958,-0.0653669674981684
4.6633802695634654e-075.302079694750866e-07,-33.214190754741644,-0.3675982363076523,17.479830672690348,-1.1794729453306687,0.371055460148674.6633802695634654e-07,-40.13980874407449,-0.7572150667785629,17.0089164220193,-1.0951192077332605,0.7546786774179958,-0.0653669674981684
4.6633802695634654e-07,-40.13980874407449,-0.7572150667785629,17.0089164220193,-1.0951192077332605,0.7546786774179958,-0.0653669674981684
4.6633802695634654e-07,-40.13980874407449,-0.7572150667785629,17.0089164220193,-1.0951192077332605,0.7546786774179958,-0.0653669674981684
4.6633802695634654e-07,-40.13980874407449,-0.7572150667785629,17.0089164220193,-1.0951192077332605,0.7546786774179958,-0.0653669674981684
4.6633802695634654e-07,-40.13980874407449,-0.7572150667785629,17.0089164220193,-1.0951192077332605,0.7546786774179958,-0.0653669674981684
3.454726430933153e-07,-40.13980871999283,-0.7572151432423342,17.008916373072278,-1.0951191966583131,0.7546786785228785,-0.06536696756555282
3.454726430933153e-07,-40.13980871999283,-0.7572151432423342,17.008916373072278,-1.0951191966583131,0.7546786785228785,-0.06536696756555282
3.454726430933153e-07,-40.13980871999283,-0.7572151432423342,17.008916373072278,-1.0951191966583131,0.7546786785228785,-0.06536696756555282
3.454726430933153e-07,-40.13980871999283,-0.7572151432423342,17.008916373072278,-1.0951191966583131,0.7546786785228785,-0.06536696756555282
3.454726430933153e-07,-40.13980871999283,-0.7572151432423342,17.008916373072278,-1.0951191966583131,0.7546786785228785,-0.06536696756555282
3.454726430933153e-07,-40.13980871999283,-0.7572151432423342,17.008916373072278,-1.0951191966583131,0.7546786785228785,-0.06536696756555282
3.454726430933153e-07,-40.13980871999283,-0.7572151432423342,17.008916373072278,-1.0951191966583131,0.7546786785228785,-0.06536696756555282
3.454726430933153e-07,-40.13980871999283,-0.7572151432423342,17.008916373072278,-1.0951191966583131,0.7546786785228785,-0.06536696756555282
3.454726430933153e-07,-40.13980871999283,-0.7572151432423342,17.008916373072278,-1.0951191966583131,0.7546786785228785,-0.06536696756555282
3.454726430933153e-07,-40.13980871999283,-0.7572151432423342,17.008916373072278,-1.0951191966583131,0.7546786785228785,-0.06536696756555282
2.302886578894905e-07,-40.13980852780661,-0.757215212237227,17.008916249159405,-1.0951191809697756,0.7546786759497119,-0.0653669671959748
2.302886578894905e-07,-40.13980852780661,-0.757215212237227,17.008916249159405,-1.0951191809697756,0.7546786759497119,-0.0653669671959748
2.302886578894905e-07,-40.13980852780661,-0.757215212237227,17.008916249159405,-1.0951191809697756,0.7546786759497119,-0.0653669671959748
2.302886578894905e-07,-40.13980852780661,-0.757215212237227,17.008916249159405,-1.0951191809697756,0.7546786759497119,-0.0653669671959748
2.302886578894905e-07,-40.13980852780661,-0.757215212237227,17.008916249159405,-1.0951191809697756,0.7546786759497119,-0.0653669671959748
2.302886578894905e-07,-40.13980852780661,-0.757215212237227,17.008916249159405,-1.0951191809697756,0.7546786759497119,-0.0653669671959748
2.302886578894905e-07,-40.13980852780661,-0.757215212237227,17.008916249159405,-1.0951191809697756,0.7546786759497119,-0.0653669671959748
2.302886578894905e-07,-40.13980852780661,-0.757215212237227,17.008916249159405,-1.0951191809697756,0.7546786759497119,-0.0653669671959748
2.302886578894905e-07,-40.13980852780661,-0.757215212237227,17.008916249159405,-1.0951191809697756,0.7546786759497119,-0.0653669671959748
2.302886578894905e-07,-40.13980852780661,-0.757215212237227,17.008916249159405,-1.0951191809697756,0.7546786759497119,-0.0653669671959748
1.2569583992522702e-07,-40.13980820962057,-0.7572152715981717,17.008916071053147,-1.0951191623663659,0.7546786705401595,-0.06536696650214091
1.2569583992522702e-07,-40.13980820962057,-0.7572152715981717,17.008916071053147,-1.0951191623663659,0.7546786705401595,-0.06536696650214091
1.2569583992522702e-07,-40.13980820962057,-0.7572152715981717,17.008916071053147,-1.0951191623663659,0.7546786705401595,-0.06536696650214091
1.2569583992522702e-07,-40.13980820962057,-0.7572152715981717,17.008916071053147,-1.0951191623663659,0.7546786705401595,-0.06536696650214091
1.2569583992522702e-07,-40.13980820962057,-0.7572152715981717,17.008916071053147,-1.0951191623663659,0.7546786705401595,-0.06536696650214091
1.2569583992522702e-07,-40.13980820962057,-0.7572152715981717,17.008916071053147,-1.0951191623663659,0.7546786705401595,-0.06536696650214091
1.2569583992522702e-07,-40.13980820962057,-0.7572152715981717,17.008916071053147,-1.0951191623663659,0.7546786705401595,-0.06536696650214091
1.2569583992522702e-07,-40.13980820962057,-0.7572152715981717,17.008916071053147,-1.0951191623663659,0.7546786705401595,-0.06536696650214091
1.2569583992522702e-07,-40.13980820962057,-0.7572152715981717,17.008916071053147,-1.0951191623663659,0.7546786705401595,-0.06536696650214091
1.2569583992522702e-07,-40.13980820962057,-0.7572152715981717,17.008916071053147,-1.0951191623663659,0.7546786705401595,-0.06536696650214091
3.5086287389890175e-08,-40.13980780609706,-0.7572153200960154,17.008915858397433,-1.0951191423715532,0.7546786631174012,-0.06536696558141736
3.5086287389890175e-08,-40.13980780609706,-0.7572153200960154,17.008915858397433,-1.0951191423715532,0.7546786631174012,-0.06536696558141736
3.5086287389890175e-08,-40.13980780609706,-0.7572153200960154,17.008915858397433,-1.0951191423715532,0.7546786631174012,-0.06536696558141736
3.5086287389890175e-08,-40.13980780609706,-0.7572153200960154,17.008915858397433,-1.0951191423715532,0.7546786631174012,-0.06536696558141736
3.5086287389890175e-08,-40.13980780609706,-0.7572153200960154,17.008915858397433,-1.0951191423715532,0.7546786631174012,-0.06536696558141736
3.5086287389890175e-08,-40.13980780609706,-0.7572153200960154,17.008915858397433,-1.0951191423715532,0.7546786631174012,-0.06536696558141736
3.5086287389890175e-08,-40.13980780609706,-0.7572153200960154,17.008915858397433,-1.0951191423715532,0.7546786631174012,-0.06536696558141736
3.5086287389890175e-08,-40.13980780609706,-0.7572153200960154,17.008915858397433,-1.0951191423715532,0.7546786631174012,-0.06536696558141736
3.5086287389890175e-08,-40.13980780609706,-0.7572153200960154,17.008915858397433,-1.0951191423715532,0.7546786631174012,-0.06536696558141736
3.5086287389890175e-08,-40.13980780609706,-0.7572153200960154,17.008915858397433,-1.0951191423715532,0.7546786631174012,-0.06536696558141736
-3.9571881565580545e-08,-40.139807354496725,-0.7572153573291259,17.00891562883229,-1.0951191222876087,0.7546786544543016,-0.06536696452582527
-3.9571881565580545e-08,-40.139807354496725,-0.7572153573291259,17.00891562883229,-1.0951191222876087,0.7546786544543016,-0.06536696452582527
-3.9571881565580545e-08,-40.139807354496725,-0.7572153573291259,17.00891562883229,-1.0951191222876087,0.7546786544543016,-0.06536696452582527
-3.9571881565580545e-08,-40.139807354496725,-0.7572153573291259,17.00891562883229,-1.0951191222876087,0.7546786544543016,-0.06536696452582527
-3.9571881565580545e-08,-40.139807354496725,-0.7572153573291259,17.00891562883229,-1.0951191222876087,0.7546786544543016,-0.06536696452582527
-3.9571881565580545e-08,-40.139807354496725,-0.7572153573291259,17.00891562883229,-1.0951191222876087,0.7546786544543016,-0.06536696452582527
-3.9571881565580545e-08,-40.139807354496725,-0.7572153573291259,17.00891562883229,-1.0951191222876087,0.7546786544543016,-0.06536696452582527
-3.9571881565580545e-08,-40.139807354496725,-0.7572153573291259,17.00891562883229,-1.0951191222876087,0.7546786544543016,-0.06536696452582527
-3.9571881565580545e-08,-40.139807354496725,-0.7572153573291259,17.00891562883229,-1.0951191222876087,0.7546786544543016,-0.06536696452582527
-3.9571881565580545e-08,-40.139807354496725,-0.7572153573291259,17.00891562883229,-1.0951191222876087,0.7546786544543016,-0.06536696452582527
-9.748005963316724e-08,-40.13980688765507,-0.7572153835416703,17.008915397629288,-1.09511910318078,0.754678645244627,-0.06536696341608106
-9.748005963316724e-08,-40.13980688765507,-0.7572153835416703,17.008915397629288,-1.09511910318078,0.754678645-2.166928757822939e-07,-33.21419954521772,-0.36759889506374044,17.479834480207167,-1.1794731423835987,0.3710556396860893,0.016673917270654034
-2.166928757822939e-07,-3-9.748005963316724e-08,-40.13980688765507,-0.7572153835416703,17.008915397629288,-1.09511910318078,0.754678645244627,-0.06536696341608106
-9.748005963316724e-08,-40.13980688765507,-0.7572153835416703,17.008915397629288,-1.09511910318078,0.754678645244627,-0.06536696341608106
-9.748005963316724e-08,-40.13980688765507,-0.7572153835416703,17.008915397629288,-1.09511910318078,0.754678645244627,-0.06536696341608106
-9.748005963316724e-08,-40.13980688765507,-0.7572153835416703,17.008915397629288,-1.09511910318078,0.754678645244627,-0.06536696341608106
-9.748005963316724e-08,-40.13980688765507,-0.7572153835416703,17.008915397629288,-1.09511910318078,0.754678645244627,-0.06536696341608106
-9.748005963316724e-08,-40.13980688765507,-0.7572153835416703,17.008915397629288,-1.09511910318078,0.754678645244627,-0.06536696341608106
-9.748005963316724e-08,-40.13980688765507,-0.7572153835416703,17.008915397629288,-1.09511910318078,0.754678645244627,-0.06536696341608106
-1.388975342725435e-07,-40.13980643288404,-0.757215399523501,17.008915177180825,-1.0951190858539455,0.7546786360637802,-0.06536696232333956
-1.388975342725435e-07,-40.13980643288404,-0.757215399523501,17.008915177180825,-1.0951190858539455,0.7546786360637802,-0.06536696232333956
-1.388975342725435e-07,-40.13980643288404,-0.757215399523501,17.008915177180825,-1.0951190858539455,0.7546786360637802,-0.06536696232333956
-1.388975342725435e-07,-40.13980643288404,-0.757215399523501,17.008915177180825,-1.0951190858539455,0.7546786360637802,-0.06536696232333956
-1.388975342725435e-07,-40.13980643288404,-0.757215399523501,17.008915177180825,-1.0951190858539455,0.7546786360637802,-0.06536696232333956
-1.388975342725435e-07,-40.13980643288404,-0.757215399523501,17.008915177180825,-1.0951190858539455,0.7546786360637802,-0.06536696232333956
-1.388975342725435e-07,-40.13980643288404,-0.757215399523501,17.008915177180825,-1.0951190858539455,0.7546786360637802,-0.06536696232333956
-1.388975342725435e-07,-40.13980643288404,-0.757215399523501,17.008915177180825,-1.0951190858539455,0.7546786360637802,-0.06536696232333956
-1.388975342725435e-07,-40.13980643288404,-0.757215399523501,17.008915177180825,-1.0951190858539455,0.7546786360637802,-0.06536696232333956
-1.388975342725435e-07,-40.13980643288404,-0.757215399523501,17.008915177180825,-1.0951190858539455,0.7546786360637802,-0.06536696232333956
-1.648959811869068e-07,-40.13980601165542,-0.7572154064480174,17.008914976960867,-1.095119070867669,0.7546786274138241,-0.06536696130097241
-1.648959811869068e-07,-40.13980601165542,-0.7572154064480174,17.008914976960867,-1.095119070867669,0.7546786274138241,-0.06536696130097241
-1.648959811869068e-07,-40.13980601165542,-0.7572154064480174,17.008914976960867,-1.095119070867669,0.7546786274138241,-0.06536696130097241
-1.648959811869068e-07,-40.13980601165542,-0.7572154064480174,17.008914976960867,-1.095119070867669,0.7546786274138241,-0.06536696130097241
-1.648959811869068e-07,-40.13980601165542,-0.7572154064480174,17.008914976960867,-1.095119070867669,0.7546786274138241,-0.06536696130097241
-1.648959811869068e-07,-40.13980601165542,-0.7572154064480174,17.008914976960867,-1.095119070867669,0.7546786274138241,-0.06536696130097241
-1.648959811869068e-07,-40.13980601165542,-0.7572154064480174,17.008914976960867,-1.095119070867669,0.7546786274138241,-0.06536696130097241
-1.648959811869068e-07,-40.13980601165542,-0.7572154064480174,17.008914976960867,-1.095119070867669,0.7546786274138241,-0.06536696130097241
-1.648959811869068e-07,-40.13980601165542,-0.7572154064480174,17.008914976960867,-1.095119070867669,0.7546786274138241,-0.06536696130097241
-1.648959811869068e-07,-40.13980601165542,-0.7572154064480174,17.008914976960867,-1.095119070867669,0.7546786274138241,-0.06536696130097241
-1.7714334582520998e-07,-40.13980563959581,-0.7572154057378779,17.00891480357077,-1.0951190585785753,0.7546786196045696,-0.06536696038867022
-1.7714334582520998e-07,-40.13980563959581,-0.7572154057378779,17.00891480357077,-1.0951190585785753,0.7546786196045696,-0.06536696038867022
-1.7714334582520998e-07,-40.13980563959581,-0.7572154057378779,17.00891480357077,-1.0951190585785753,0.7546786196045696,-0.06536696038867022
-1.7714334582520998e-07,-40.13980563959581,-0.7572154057378779,17.00891480357077,-1.0951190585785753,0.7546786196045696,-0.06536696038867022
-1.7714334582520998e-07,-40.13980563959581,-0.7572154057378779,17.00891480357077,-1.0951190585785753,0.7546786196045696,-0.06536696038867022
-1.7714334582520998e-07,-40.13980563959581,-0.7572154057378779,17.00891480357077,-1.0951190585785753,0.7546786196045696,-0.06536696038867022
-1.7714334582520998e-07,-40.13980563959581,-0.7572154057378779,17.00891480357077,-1.0951190585785753,0.7546786196045696,-0.06536696038867022
-1.7714334582520998e-07,-40.13980563959581,-0.7572154057378779,17.00891480357077,-1.0951190585785753,0.7546786196045696,-0.06536696038867022
-1.7714334582520998e-07,-40.13980563959581,-0.7572154057378779,17.00891480357077,-1.0951190585785753,0.7546786196045696,-0.06536696038867022
-1.7714334582520998e-07,-40.13980563959581,-0.7572154057378779,17.00891480357077,-1.0951190585785753,0.7546786196045696,-0.06536696038867022
-1.7769821462974712e-07,-40.139805326774535,-0.7572153989311194,17.00891466096326,-1.0951190490858593,0.7546786129619141,-0.06536695961671364
-1.7769821462974712e-07,-40.139805326774535,-0.7572153989311194,17.00891466096326,-1.0951190490858593,0.7546786129619141,-0.06536695961671364
-1.7769821462974712e-07,-40.139805326774535,-0.7572153989311194,17.00891466096326,-1.0951190490858593,0.7546786129619141,-0.06536695961671364
-1.7769821462974712e-07,-40.139805326774535,-0.7572153989311194,17.00891466096326,-1.0951190490858593,0.7546786129619141,-0.06536695961671364
-1.7769821462974712e-07,-40.139805326774535,-0.7572153989311194,17.00891466096326,-1.0951190490858593,0.7546786129619141,-0.06536695961671364
-1.7769821462974712e-07,-40.139805326774535,-0.7572153989311194,17.00891466096326,-1.0951190490858593,0.7546786129619141,-0.06536695961671364
-1.7769821462974712e-07,-40.139805326774535,-0.7572153989311194,17.00891466096326,-1.0951190490858593,0.7546786129619141,-0.06536695961671364
-1.7769821462974712e-07,-40.139805326774535,-0.7572153989311194,17.00891466096326,-1.0951190490858593,0.7546786129619141,-0.06536695961671364
-1.7769821462974712e-07,-40.139805326774535,-0.7572153989311194,17.00891466096326,-1.0951190490858593,0.7546786129619141,-0.06536695961671364
-1.7769821462974712e-07,-40.139805326774535,-0.7572153989311194,17.00891466096326,-1.0951190490858593,0.7546786129619141,-0.06536695961671364
-1.6882811746520999e-07,-40.13980507825328,-0.7572153875951803,17.00891455071557,-1.0951190423520245,0.7546786075043639,-0.06536695899572519
-1.6882811746520999e-07,-40.13980507825328,-0.7572153875951803,17.00891455071557,-1.0951190423520245,0.7546786075043639,-0.06536695899572519
-1.6882811746520999e-07,-40.13980507825328,-0.7572153875951803,17.00891455071557,-1.0951190423520245,0.7546786075043639,-0.06536695899572519
-1.6882811746520999e-07,-40.13980507825328,-0.7572153875951803,17.00891455071557,-1.0951190423520245,0.7546786075043639,-0.06536695899572519
-1.6882811746520999e-07,-40.13980507825328,-0.7572153875951803,17.00891455071557,-1.0951190423520245,0.7546786075043639,-0.06536695899572519
-1.6882811746520999e-07,-40.13980507825328,-0.7572153875951803,17.00891455071557,-1.0951190423520245,0.7546786075043639,-0.06536695899572519
-1.6882811746520999e-07,-40.13980507825328,-0.7572153875951803,17.00891455071557,-1.0951190423520245,0.7546786075043639,-0.06536695899572519
-1.6882811746520999e-07,-40.13980507825328,-0.7572153875951803,17.00891455071557,-1.0951190423520245,0.7546786075043639,-0.06536695899572519
-1.6882811746520999e-07,-40.13980507825328,-0.7572153875951803,17.00891455071557,-1.0951190423520245,0.7546786075043639,-0.06536695899572519
-1.6882811746520999e-07,-40.13980507825328,-0.7572153875951803,17.00891455071557,-1-2.0880269302441715e-07,-33.214196316899596,-0.367598847985-1.5285202565896406e-07,-40.13980489475361,-0.7572153732130913,17.008914472424692,-1.0951190382055067,0.7546786033447698,-0.0653669585348622
-1.5285202565896406e-07,-40.13980489475361,-0.7572153732130913,17.008914472424692,-1.0951190382055067,0.7546786033447698,-0.0653669585348622
-1.5285202565896406e-07,-40.13980489475361,-0.7572153732130913,17.008914472424692,-1.0951190382055067,0.7546786033447698,-0.0653669585348622
-1.5285202565896406e-07,-40.13980489475361,-0.7572153732130913,17.008914472424692,-1.0951190382055067,0.7546786033447698,-0.0653669585348622
-1.5285202565896406e-07,-40.13980489475361,-0.7572153732130913,17.008914472424692,-1.0951190382055067,0.7546786033447698,-0.0653669585348622
-1.5285202565896406e-07,-40.13980489475361,-0.7572153732130913,17.008914472424692,-1.0951190382055067,0.7546786033447698,-0.0653669585348622
-1.5285202565896406e-07,-40.13980489475361,-0.7572153732130913,17.008914472424692,-1.0951190382055067,0.7546786033447698,-0.0653669585348622
-1.5285202565896406e-07,-40.13980489475361,-0.7572153732130913,17.008914472424692,-1.0951190382055067,0.7546786033447698,-0.0653669585348622
-1.5285202565896406e-07,-40.13980489475361,-0.7572153732130913,17.008914472424692,-1.0951190382055067,0.7546786033447698,-0.0653669585348622
-1.5285202565896406e-07,-40.13980489475361,-0.7572153732130913,17.008914472424692,-1.0951190382055067,0.7546786033447698,-0.0653669585348622
-1.319990789079631e-07,-40.139804773470594,-0.7572153571497678,17.008914424084537,-1.095119036365058,0.7546786004890083,-0.06536695822972145
-1.319990789079631e-07,-40.139804773470594,-0.7572153571497678,17.008914424084537,-1.095119036365058,0.7546786004890083,-0.06536695822972145
-1.319990789079631e-07,-40.139804773470594,-0.7572153571497678,17.008914424084537,-1.095119036365058,0.7546786004890083,-0.06536695822972145
-1.319990789079631e-07,-40.139804773470594,-0.7572153571497678,17.008914424084537,-1.095119036365058,0.7546786004890083,-0.06536695822972145
-1.319990789079631e-07,-40.139804773470594,-0.7572153571497678,17.008914424084537,-1.095119036365058,0.7546786004890083,-0.06536695822972145
-1.319990789079631e-07,-40.139804773470594,-0.7572153571497678,17.008914424084537,-1.095119036365058,0.7546786004890083,-0.06536695822972145
-1.319990789079631e-07,-40.139804773470594,-0.7572153571497678,17.008914424084537,-1.095119036365058,0.7546786004890083,-0.06536695822972145
-1.319990789079631e-07,-40.139804773470594,-0.7572153571497678,17.008914424084537,-1.095119036365058,0.7546786004890083,-0.06536695822972145
-1.319990789079631e-07,-40.139804773470594,-0.7572153571497678,17.008914424084537,-1.095119036365058,0.7546786004890083,-0.06536695822972145
-1.319990789079631e-07,-40.139804773470594,-0.7572153571497678,17.008914424084537,-1.095119036365058,0.7546786004890083,-0.06536695822972145
-1.0832142387162093e-07,-40.13980470888136,-0.7572153405854182,17.008914402511422,-1.0951190364901282,0.7546785987919008,-0.06536695804736492
-1.0832142387162093e-07,-40.13980470888136,-0.7572153405854182,17.008914402511422,-1.0951190364901282,0.7546785987919008,-0.06536695804736492
-1.0832142387162093e-07,-40.13980470888136,-0.7572153405854182,17.008914402511422,-1.0951190364901282,0.7546785987919008,-0.06536695804736492
-1.0832142387162093e-07,-40.13980470888136,-0.7572153405854182,17.008914402511422,-1.0951190364901282,0.7546785987919008,-0.06536695804736492
-1.0832142387162093e-07,-40.13980470888136,-0.7572153405854182,17.008914402511422,-1.0951190364901282,0.7546785987919008,-0.06536695804736492
-1.0832142387162093e-07,-40.13980470888136,-0.7572153405854182,17.008914402511422,-1.0951190364901282,0.7546785987919008,-0.06536695804736492
-1.0832142387162093e-07,-40.13980470888136,-0.7572153405854182,17.008914402511422,-1.0951190364901282,0.7546785987919008,-0.06536695804736492
-1.0832142387162093e-07,-40.13980470888136,-0.7572153405854182,17.008914402511422,-1.0951190364901282,0.7546785987919008,-0.06536695804736492
-1.0832142387162093e-07,-40.13980470888136,-0.7572153405854182,17.008914402511422,-1.0951190364901282,0.7546785987919008,-0.06536695804736492
-1.0832142387162093e-07,-40.13980470888136,-0.7572153405854182,17.008914402511422,-1.0951190364901282,0.7546785987919008,-0.06536695804736492
-8.361534318199805e-08,-40.139804693549884,-0.757215324490839,17.008914403731737,-1.0951190381945128,0.7546785981348638,-0.06536695799182798
-8.361534318199805e-08,-40.139804693549884,-0.757215324490839,17.008914403731737,-1.0951190381945128,0.7546785981348638,-0.06536695799182798
-8.361534318199805e-08,-40.139804693549884,-0.757215324490839,17.008914403731737,-1.0951190381945128,0.7546785981348638,-0.06536695799182798
-8.361534318199805e-08,-40.139804693549884,-0.757215324490839,17.008914403731737,-1.0951190381945128,0.7546785981348638,-0.06536695799182798
-8.361534318199805e-08,-40.139804693549884,-0.757215324490839,17.008914403731737,-1.0951190381945128,0.7546785981348638,-0.06536695799182798
-8.361534318199805e-08,-40.139804693549884,-0.757215324490839,17.008914403731737,-1.0951190381945128,0.7546785981348638,-0.06536695799182798
-8.361534318199805e-08,-40.139804693549884,-0.757215324490839,17.008914403731737,-1.0951190381945128,0.7546785981348638,-0.06536695799182798
-8.361534318199805e-08,-40.139804693549884,-0.757215324490839,17.008914403731737,-1.0951190381945128,0.7546785981348638,-0.06536695799182798
-8.361534318199805e-08,-40.139804693549884,-0.757215324490839,17.008914403731737,-1.0951190381945128,0.7546785981348638,-0.06536695799182798
-8.361534318199805e-08,-40.139804693549884,-0.757215324490839,17.008914403731737,-1.0951190381945128,0.7546785981348638,-0.06536695799182798
-5.937688027335232e-08,-40.13980471888496,-0.7572153096251916,17.008914423326633,-1.0951190410872038,0.7546785983684713,-0.06536695804258644
-5.937688027335232e-08,-40.13980471888496,-0.7572153096251916,17.008914423326633,-1.0951190410872038,0.7546785983684713,-0.06536695804258644
-5.937688027335232e-08,-40.13980471888496,-0.7572153096251916,17.008914423326633,-1.0951190410872038,0.7546785983684713,-0.06536695804258644
-5.937688027335232e-08,-40.13980471888496,-0.7572153096251916,17.008914423326633,-1.0951190410872038,0.7546785983684713,-0.06536695804258644
-5.937688027335232e-08,-40.13980471888496,-0.7572153096251916,17.008914423326633,-1.0951190410872038,0.7546785983684713,-0.06536695804258644
-5.937688027335232e-08,-40.13980471888496,-0.7572153096251916,17.008914423326633,-1.0951190410872038,0.7546785983684713,-0.06536695804258644
-5.937688027335232e-08,-40.13980471888496,-0.7572153096251916,17.008914423326633,-1.0951190410872038,0.7546785983684713,-0.06536695804258644
-5.937688027335232e-08,-40.13980471888496,-0.7572153096251916,17.008914423326633,-1.0951190410872038,0.7546785983684713,-0.06536695804258644
-5.937688027335232e-08,-40.13980471888496,-0.7572153096251916,17.008914423326633,-1.0951190410872038,0.7546785983684713,-0.06536695804258644
-5.937688027335232e-08,-40.13980471888496,-0.7572153096251916,17.008914423326633,-1.0951190410872038,0.7546785983684713,-0.06536695804258644
-3.678548068867454e-08,-40.139804775806574,-0.7572152965321847,17.008914456773418,-1.0951190447976407,0.7546785992891089,-0.0653669581714431
-3.678548068867454e-08,-40.139804775806574,-0.7572152965321847,17.008914456773418,-1.0951190447976407,0.7546785992891089,-0.0653669581714431
-3.678548068867454e-08,-40.139804775806574,-0.7572152965321847,17.008914456773418,-1.0951190447976407,0.7546785992891089,-0.0653669581714431
-3.678548068867454e-08,-40.139804775806574,-0.7572152965321847,17.008914456773418,-1.0951190447976407,0.7546785992891089,-0.0653669581714431
-3.678548068867454e-08,-40.139804775806574,-0.7572152965321847,17.008914456773418,-1.0951190447976407,0.7546785992891089,-0.0653669581714431
-3.678548068867454e-08,-40.139804775806574,-0.7572152965321847,17.008914456773418,-1.0951190447976407,0.7546785992891089,-0.0653669581714431
-3.678548068867454e-08,-40.139804775806574,-0.7572152965321847,17.008914456773418,-1.0951190447976407,0.754678-2.3828089295551777e-08,-33.2141-3.678548068867454e-08,-40.139804775806574,-0.7572152965321847,17.008914456773418,-1.0951190447976407,0.7546785992891089,-0.0653669581714431
-3.678548068867454e-08,-40.139804775806574,-0.7572152965321847,17.008914456773418,-1.0951190447976407,0.7546785992891089,-0.0653669581714431
-3.678548068867454e-08,-40.139804775806574,-0.7572152965321847,17.008914456773418,-1.0951190447976407,0.7546785992891089,-0.0653669581714431
-1.6708134102884906e-08,-40.13980485530163,-0.7572152855563884,17.008914499673466,-1.0951190489660776,0.7546786007293728,-0.0653669583611663
-1.6708134102884906e-08,-40.13980485530163,-0.7572152855563884,17.008914499673466,-1.0951190489660776,0.7546786007293728,-0.0653669583611663
-1.6708134102884906e-08,-40.13980485530163,-0.7572152855563884,17.008914499673466,-1.0951190489660776,0.7546786007293728,-0.0653669583611663
-1.6708134102884906e-08,-40.13980485530163,-0.7572152855563884,17.008914499673466,-1.0951190489660776,0.7546786007293728,-0.0653669583611663
-1.6708134102884906e-08,-40.13980485530163,-0.7572152855563884,17.008914499673466,-1.0951190489660776,0.7546786007293728,-0.0653669583611663
-1.6708134102884906e-08,-40.13980485530163,-0.7572152855563884,17.008914499673466,-1.0951190489660776,0.7546786007293728,-0.0653669583611663
-1.6708134102884906e-08,-40.13980485530163,-0.7572152855563884,17.008914499673466,-1.0951190489660776,0.7546786007293728,-0.0653669583611663
-1.6708134102884906e-08,-40.13980485530163,-0.7572152855563884,17.008914499673466,-1.0951190489660776,0.7546786007293728,-0.0653669583611663
-1.6708134102884906e-08,-40.13980485530163,-0.7572152855563884,17.008914499673466,-1.0951190489660776,0.7546786007293728,-0.0653669583611663
-1.6708134102884906e-08,-40.13980485530163,-0.7572152855563884,17.008914499673466,-1.0951190489660776,0.7546786007293728,-0.0653669583611663
3.018656485054825e-10,-40.1398049489137,-0.757215276858457,17.00891454798568,-1.0951190532928998,0.7546786024978339,-0.06536695858093095
3.018656485054825e-10,-40.1398049489137,-0.757215276858457,17.00891454798568,-1.0951190532928998,0.7546786024978339,-0.06536695858093095
3.018656485054825e-10,-40.1398049489137,-0.757215276858457,17.00891454798568,-1.0951190532928998,0.7546786024978339,-0.06536695858093095
3.018656485054825e-10,-40.1398049489137,-0.757215276858457,17.00891454798568,-1.0951190532928998,0.7546786024978339,-0.06536695858093095
3.018656485054825e-10,-40.1398049489137,-0.757215276858457,17.00891454798568,-1.0951190532928998,0.7546786024978339,-0.06536695858093095
3.018656485054825e-10,-40.1398049489137,-0.757215276858457,17.00891454798568,-1.0951190532928998,0.7546786024978339,-0.06536695858093095
3.018656485054825e-10,-40.1398049489137,-0.757215276858457,17.00891454798568,-1.0951190532928998,0.7546786024978339,-0.06536695858093095
3.018656485054825e-10,-40.1398049489137,-0.757215276858457,17.00891454798568,-1.0951190532928998,0.7546786024978339,-0.06536695858093095
3.018656485054825e-10,-40.1398049489137,-0.757215276858457,17.00891454798568,-1.0951190532928998,0.7546786024978339,-0.06536695858093095
3.018656485054825e-10,-40.1398049489137,-0.757215276858457,17.00891454798568,-1.0951190532928998,0.7546786024978339,-0.06536695858093095
1.395481325056145e-08,-40.13980504905713,-0.7572152704477262,17.008914598156963,-1.0951190575203087,0.7546786044354021,-0.06536695883294094
1.395481325056145e-08,-40.13980504905713,-0.7572152704477262,17.008914598156963,-1.0951190575203087,0.7546786044354021,-0.06536695883294094
1.395481325056145e-08,-40.13980504905713,-0.7572152704477262,17.008914598156963,-1.0951190575203087,0.7546786044354021,-0.06536695883294094
1.395481325056145e-08,-40.13980504905713,-0.7572152704477262,17.008914598156963,-1.0951190575203087,0.7546786044354021,-0.06536695883294094
1.395481325056145e-08,-40.13980504905713,-0.7572152704477262,17.008914598156963,-1.0951190575203087,0.7546786044354021,-0.06536695883294094
1.395481325056145e-08,-40.13980504905713,-0.7572152704477262,17.008914598156963,-1.0951190575203087,0.7546786044354021,-0.06536695883294094
1.395481325056145e-08,-40.13980504905713,-0.7572152704477262,17.008914598156963,-1.0951190575203087,0.7546786044354021,-0.06536695883294094
1.395481325056145e-08,-40.13980504905713,-0.7572152704477262,17.008914598156963,-1.0951190575203087,0.7546786044354021,-0.06536695883294094
1.395481325056145e-08,-40.13980504905713,-0.7572152704477262,17.008914598156963,-1.0951190575203087,0.7546786044354021,-0.06536695883294094
1.395481325056145e-08,-40.13980504905713,-0.7572152704477262,17.008914598156963,-1.0951190575203087,0.7546786044354021,-0.06536695883294094
2.4194608349931327e-08,-40.13980514925374,-0.7572152662124811,17.008914647206822,-1.0951190614581883,0.7546786064820648,-0.06536695907732207
2.4194608349931327e-08,-40.13980514925374,-0.7572152662124811,17.008914647206822,-1.0951190614581883,0.7546786064820648,-0.06536695907732207
2.4194608349931327e-08,-40.13980514925374,-0.7572152662124811,17.008914647206822,-1.0951190614581883,0.7546786064820648,-0.06536695907732207
2.4194608349931327e-08,-40.13980514925374,-0.7572152662124811,17.008914647206822,-1.0951190614581883,0.7546786064820648,-0.06536695907732207
2.4194608349931327e-08,-40.13980514925374,-0.7572152662124811,17.008914647206822,-1.0951190614581883,0.7546786064820648,-0.06536695907732207
2.4194608349931327e-08,-40.13980514925374,-0.7572152662124811,17.008914647206822,-1.0951190614581883,0.7546786064820648,-0.06536695907732207
2.4194608349931327e-08,-40.13980514925374,-0.7572152662124811,17.008914647206822,-1.0951190614581883,0.7546786064820648,-0.06536695907732207
2.4194608349931327e-08,-40.13980514925374,-0.7572152662124811,17.008914647206822,-1.0951190614581883,0.7546786064820648,-0.06536695907732207
2.4194608349931327e-08,-40.13980514925374,-0.7572152662124811,17.008914647206822,-1.0951190614581883,0.7546786064820648,-0.06536695907732207
2.4194608349931327e-08,-40.13980514925374,-0.7572152662124811,17.008914647206822,-1.0951190614581883,0.7546786064820648,-0.06536695907732207
3.115550857561154e-08,-40.13980524426228,-0.7572152639524263,17.0089146927842,-1.0951190649086662,0.7546786083794199,-0.06536695930302992
3.115550857561154e-08,-40.13980524426228,-0.7572152639524263,17.0089146927842,-1.0951190649086662,0.7546786083794199,-0.06536695930302992
3.115550857561154e-08,-40.13980524426228,-0.7572152639524263,17.0089146927842,-1.0951190649086662,0.7546786083794199,-0.06536695930302992
3.115550857561154e-08,-40.13980524426228,-0.7572152639524263,17.0089146927842,-1.0951190649086662,0.7546786083794199,-0.06536695930302992
3.115550857561154e-08,-40.13980524426228,-0.7572152639524263,17.0089146927842,-1.0951190649086662,0.7546786083794199,-0.06536695930302992
3.115550857561154e-08,-40.13980524426228,-0.7572152639524263,17.0089146927842,-1.0951190649086662,0.7546786083794199,-0.06536695930302992
3.115550857561154e-08,-40.13980524426228,-0.7572152639524263,17.0089146927842,-1.0951190649086662,0.7546786083794199,-0.06536695930302992
3.115550857561154e-08,-40.13980524426228,-0.7572152639524263,17.0089146927842,-1.0951190649086662,0.7546786083794199,-0.06536695930302992
3.115550857561154e-08,-40.13980524426228,-0.7572152639524263,17.0089146927842,-1.0951190649086662,0.7546786083794199,-0.06536695930302992
3.115550857561154e-08,-40.13980524426228,-0.7572152639524263,17.0089146927842,-1.0951190649086662,0.7546786083794199,-0.06536695930302992
3.5109156706082016e-08,-40.13980533009735,-0.7572152633908846,17.008914733178823,-1.0951190678830172,0.7546786102593656,-0.06536695953643154
3.5109156706082016e-08,-40.13980533009735,-0.7572152633908846,17.008914733178823,-1.0951190678830172,0.7546786102593656,-0.06536695953643154
3.5109156706082016e-08,-40.13980533009735,-0.7572152633908846,17.008914733178823,-1.0951190678830172,0.7546786102593656,-0.06536695953643154
3.5109156706082016e-08,-40.13980533009735,-0.7572152633908846,17.008914733178823,-1.0951190678830172,0.7546786102593656,-0.06536695953643154
3.5109156706082016e-08,-40.13980533009735,-0.7572152633908846,17.008914733178823,-1.0951190678830172,0.7546786102593656,-0.06536695953643154
